SRR5208573_6713	SRR5208570_Contig_66939_flow_76.6449_cc_4258	6876	0.991	0.000E+00	3916	0	3917	1	3917	3971	3916	0	0	1	3917M
SRR5208570_4885	SRR5208570_Contig_64288_flow_12.4393_cc_1079	6221	0.997	0.000E+00	3488	0	3509	0	3488	3489	3508	0	0	1	3489M
SRR5466369_85790	SRR6255521_Contig_12420_flow_62.6365_cc_9633	3575	0.992	0.000E+00	2033	0	2069	1300	3332	3340	2068	0	0	1	1975M1I58M
SRR5466337_122823	SRR6254893_Contig_10804_flow_10.6941_cc_4348	7223	0.996	0.000E+00	4076	9	4090	9	4075	4076	4089	0	0	1	1501M1I2566M
SRR5467091_71856	SRR6255521_Contig_21550_flow_18.1775_cc_27012	7355	0.996	0.000E+00	4139	3	4831	116	4252	4253	4830	0	0	1	4137M
SRR6255733_37880	SRR5466725_Contig_20715_flow_69.2444_cc_14841	3684	0.994	0.000E+00	2082	0	5065	1332	3414	3415	5064	0	0	1	2083M
SRR7976326_31943	SRR6960799_Contig_2564_flow_242.277_cc_3	5077	0.997	0.000E+00	2960	112	2964	0	2849	4011	2963	0	0	1	1536M1D1313M
SRR7976356_155838	SRR7976357_Contig_1262_flow_437.773_cc_3	5233	0.994	0.000E+00	60	3019	4285	0	2959	3460	0	4284	0	1	2960M
SRR5208570_12878	SRR5208570_Contig_66939_flow_76.6449_cc_4258	7017	0.994	0.000E+00	4055	85	4058	0	3970	3971	4057	0	0	1	3971M
SRR6960540_2834	SRR7976299_Contig_291_flow_509.069_cc_0	5174	0.998	0.000E+00	2900	0	4005	814	3712	3717	4004	0	0	1	10M2I2889M
SRR6960551_54043	SRR6960797_Contig_1678_flow_351.862_cc_7	6988	0.991	0.000E+00	4001	18	4085	0	3982	3983	4084	0	0	1	3691M1I292M
SRR6960797_43186	SRR6960797_Contig_29344_flow_112.949_cc_1646	7428	0.996	0.000E+00	0	4184	4185	0	4184	4185	0	4184	0	1	4185M
SRR7976300_57929	SRR6960507_Contig_40959_flow_12.5999_cc_57164	6233	0.998	0.000E+00	4590	1098	8181	0	3492	3493	8180	0	0	1	3493M
SRR5466366_26413	SRR6255746_Contig_19573_flow_18.0348_cc_16289	7046	0.998	0.000E+00	3946	0	4037	354	4300	4373	4036	0	0	301	3947M
SRR5466723_2413	SRR5466727_Contig_762_flow_746.157_cc_10	7787	0.997	0.000E+00	4384	7	5034	351	4728	4729	5033	0	0	1	4378M
SRR5466723_43851	SRR5466727_Contig_590_flow_415.963_cc_10	5651	0.994	0.000E+00	216	3411	3907	64	3259	3404	0	3906	0	1	3196M
SRR5466727_71778	SRR5466725_Contig_49595_flow_19.8537_cc_59378	7678	0.995	0.000E+00	0	4331	4335	1	4332	4333	0	4334	0	1	4332M
SRR7976324_64106	SRR7976323_Contig_812_flow_286.642_cc_2	6953	0.996	0.000E+00	3926	11	5491	74	3990	3991	5490	0	0	1	2378M1D1538M
SRR7473382_7458	SRR6050738_Contig_44547_flow_363.337_cc_1257	6716	0.992	0.000E+00	5	3824	3861	0	3819	3820	0	3860	0	1	3820M
SRR6050738_9178	SRR6050738_Contig_45043_flow_34.967_cc_1427	7117	0.993	0.000E+00	0	4038	4040	0	4038	4039	0	4039	0	1	4039M
SRR5208572_10116	SRR6050738_Contig_44547_flow_363.337_cc_1257	6711	0.992	0.000E+00	0	3819	3828	0	3819	3820	0	3827	0	1	3820M
SRR6255733_55410	SRR5466725_Contig_27483_flow_67.0361_cc_22540	7449	0.996	0.000E+00	54	4250	4251	29	4225	4228	0	4250	0	1	4197M
SRR6255746_41472	SRR5466727_Contig_711_flow_1550.38_cc_10	6500	0.990	0.000E+00	3720	4	3747	0	3716	3717	3746	0	0	1	3717M
SRR6960549_6950	SRR6960540_Contig_5964_flow_7.59681_cc_9026	7002	0.998	0.000E+00	4041	117	4047	0	3924	4020	4046	0	0	1	3925M
SRR6960551_14878	SRR6960509_Contig_914_flow_411.9_cc_11	3939	0.996	0.000E+00	2272	4486	4487	1541	3755	3763	0	4486	0	1	2215M
SRR7976310_27580	SRR7976310_Contig_1999_flow_262.912_cc_8	7143	0.996	0.000E+00	4026	6	4122	18	4038	4039	4121	0	0	1	4021M
SRR7963800_1838	SRR7687334_Contig_0_flow_222270_cc_0	6055	0.992	0.000E+00	3472	27	3473	23	3470	3736	3472	0	0	1	101M1D3044M1D301M
SRR6960799_10281	SRR6960799_Contig_26956_flow_10.6148_cc_2485	6841	0.992	0.000E+00	3891	0	3928	0	3892	3893	3927	0	0	1	2591M1D928M2D10M2I361M
SRR6050483_1219	SRR6050738_Contig_44547_flow_363.337_cc_1257	6618	0.992	0.000E+00	0	3767	3768	0	3767	3820	0	3767	0	1	3768M
SRR5466338_51480	SRR5466337_Contig_14180_flow_12.143_cc_4223	4128	0.994	0.000E+00	0	2333	3300	0	2333	4076	0	3299	0	1	530M2I11M2D1791M
SRR5466365_107720	SRR6255521_Contig_12420_flow_62.6365_cc_9633	3741	0.990	0.000E+00	2143	0	2185	1191	3332	3340	2184	0	0	1	2055M1I29M1I58M
SRR5466366_92531	SRR6255746_Contig_19573_flow_18.0348_cc_16289	6126	0.996	0.000E+00	408	3853	3854	354	3799	4373	0	3853	0	1	3446M
SRR5466337_23749	SRR5466366_Contig_29677_flow_33.2729_cc_39509	5498	0.993	0.000E+00	3121	4	4986	736	3853	3854	4985	0	0	1	3118M
SRR5466723_24831	SRR7976310_Contig_1999_flow_262.912_cc_8	4773	0.990	0.000E+00	2730	5	2961	1313	4038	4039	2960	0	0	1	2726M
SRR5466725_1417	SRR5466727_Contig_14957_flow_19.4836_cc_7615	6644	0.996	0.000E+00	25	3764	3765	0	3739	3740	0	3764	0	1	3740M
SRR5466725_75207	SRR5466727_Contig_601_flow_714.879_cc_10	6634	0.992	0.000E+00	3829	52	3885	0	3778	3779	3884	0	0	1	1691M1D2087M
SRR5466365_110030	SRR5466366_Contig_29677_flow_33.2729_cc_39509	5618	0.993	0.000E+00	3191	2	3509	664	3853	3854	3508	0	0	1	3190M
SRR5466725_4802	SRR6255746_Contig_13079_flow_20.3298_cc_7760	6892	0.995	0.000E+00	3891	1	3892	0	3890	3891	3891	0	0	1	3891M
SRR5466729_22790	SRR5466727_Contig_590_flow_415.963_cc_10	5516	0.997	0.000E+00	3120	23	11760	306	3403	3404	11759	0	0	1	3098M
SRR6253161_95603	SRR6255746_Contig_19573_flow_18.0348_cc_16289	5384	0.995	0.000E+00	271	3307	3311	424	3460	4373	0	3310	0	1	3037M
SRR6255733_23619	SRR5466727_Contig_601_flow_714.879_cc_10	6687	0.994	0.000E+00	3819	41	3886	0	3778	3779	3885	0	0	1	3779M
SRR6960509_597	SRR6960509_Contig_28978_flow_32.347_cc_12517	6563	0.994	0.000E+00	3709	0	3710	0	3709	3710	3709	0	0	1	3710M
SRR6960551_28448	SRR6960797_Contig_1678_flow_351.862_cc_7	6983	0.991	0.000E+00	4001	18	4085	0	3982	3983	4084	0	0	1	3691M1I292M
SRR6960551_105002	SRR6960551_Contig_4462_flow_931.254_cc_4	6498	0.995	0.000E+00	34	3700	3704	0	3667	3668	0	3703	0	1	3406M1D261M
SRR7473382_57372	SRR6050738_Contig_44547_flow_363.337_cc_1257	6725	0.992	0.000E+00	5	3824	3862	0	3819	3820	0	3861	0	1	3820M
SRR7976326_22466	SRR6960799_Contig_842_flow_375.948_cc_3	6730	0.995	0.000E+00	3807	10	7500	811	4608	4609	7499	0	0	1	3798M
SRR5466723_32223	SRR7976310_Contig_1999_flow_262.912_cc_8	4453	0.994	0.000E+00	2790	273	2791	950	3468	4039	2790	0	0	1	32M1D2486M
SRR5466725_112680	SRR5466727_Contig_601_flow_714.879_cc_10	6566	0.992	0.000E+00	3785	52	3786	45	3778	3779	3785	0	0	1	3734M
SRR5466727_46246	SRR5466725_Contig_621_flow_459.667_cc_18	6260	0.997	0.000E+00	4814	1298	4878	0	3517	3986	4877	0	0	1	2368M1D1149M
SRR5466729_33963	SRR5466727_Contig_335_flow_1252.5_cc_10	7234	0.996	0.000E+00	4364	288	4415	0	4076	4342	4414	0	0	1	4077M
SRR5467090_1973	SRR5467091_Contig_38390_flow_36.9605_cc_45611	7517	0.996	0.000E+00	4231	0	4232	2	4232	4235	4231	0	0	1	3055M1I1176M
SRR5467090_73887	SRR5466364_Contig_20257_flow_22.3001_cc_8880	6269	0.998	0.000E+00	3515	0	3748	485	4000	4001	3747	0	0	1	3516M
SRR5467091_53875	SRR5467091_Contig_3387_flow_710.03_cc_0	6161	0.995	0.000E+00	5490	2013	5549	0	3477	3478	5548	0	0	1	3478M
SRR6253256_44195	SRR5466337_Contig_14180_flow_12.143_cc_4223	6085	0.998	0.000E+00	0	3407	5432	3	3410	4076	0	5431	0	1	3408M
SRR6960551_7492	SRR6960797_Contig_48008_flow_49.5806_cc_12298	6186	0.993	0.000E+00	0	3511	3526	0	3511	3512	0	3525	0	301	3512M
SRR6960797_84355	SRR6960797_Contig_1591_flow_266.128_cc_7	6131	0.991	0.000E+00	60	3558	3579	0	3498	3499	0	3578	0	1	3499M
SRR7976299_19072	SRR6960540_Contig_5964_flow_7.59681_cc_9026	7156	0.997	0.000E+00	4015	0	4836	0	4015	4020	4835	0	0	1	4016M
SRR7976310_12039	SRR6960550_Contig_6123_flow_91.6773_cc_689	6768	0.996	0.000E+00	5651	1843	5663	9	3817	3818	5662	0	0	1	3809M
SRR7687334_84962	SRR7687334_Contig_0_flow_222270_cc_0	5681	0.995	0.000E+00	3209	0	3234	0	3209	3736	3233	0	0	1	3210M
SRR7976310_31319	SRR7976310_Contig_2670_flow_2117.24_cc_8	5979	0.993	0.000E+00	3410	14	3431	0	3396	3397	3430	0	0	1	1171M1I967M1D1258M
SRR7963800_7610	SRR7687334_Contig_0_flow_222270_cc_0	4612	0.991	0.000E+00	2784	152	3799	1101	3735	3736	3798	0	0	1	854M1D249M1D1530M
SRR6960803_33052	SRR7976357_Contig_42347_flow_14.1498_cc_38179	6636	0.997	0.000E+00	0	3724	3735	3	3726	3727	0	3734	0	1	2059M1I1665M
SRR7976310_73064	SRR6960550_Contig_6123_flow_91.6773_cc_689	6768	0.996	0.000E+00	7690	3882	7702	9	3817	3818	7701	0	0	1	3809M
SRR7963800_163538	SRR7687334_Contig_0_flow_222270_cc_0	6594	0.994	0.000E+00	57	3790	3943	0	3735	3736	0	3942	0	1	697M2D3037M
SRR6960799_105943	SRR6960799_Contig_34872_flow_67.1986_cc_12767	6234	0.995	0.000E+00	41	3559	3560	0	3518	3519	0	3559	0	1	3519M
SRR6255520_46666	SRR5467091_Contig_38390_flow_36.9605_cc_45611	6080	0.997	0.000E+00	3859	445	3860	28	3442	4235	3859	0	0	1	3415M
SRR6960509_11412	SRR6960509_Contig_52585_flow_23.6237_cc_42383	7031	0.996	0.000E+00	3964	4	3965	0	3960	3961	3964	0	0	1	3961M
SRR6960797_9810	SRR6960797_Contig_37671_flow_19.7559_cc_5084	6468	0.996	0.000E+00	0	3636	3637	0	3636	3637	0	3636	0	1	3637M
SRR5466369_46303	SRR5466366_Contig_29677_flow_33.2729_cc_39509	6803	0.994	0.000E+00	4462	609	4491	0	3853	3854	4490	0	0	1	3854M
SRR5466723_37558	SRR5466727_Contig_292_flow_1149.32_cc_10	6233	0.996	0.000E+00	14	3521	3875	0	3507	3641	0	3874	0	1	3508M
SRR5466725_114522	SRR5466727_Contig_601_flow_714.879_cc_10	6656	0.993	0.000E+00	3830	52	3886	0	3778	3779	3885	0	0	1	3779M
SRR5466727_46344	SRR6255746_Contig_19271_flow_57.2813_cc_15836	6709	0.995	0.000E+00	3789	1	3845	0	3788	3789	3844	0	0	1	3789M
SRR5466729_34920	SRR5466725_Contig_621_flow_459.667_cc_18	7125	0.998	0.000E+00	5628	1643	5689	0	3985	3986	5688	0	0	1	3986M
SRR6960802_123290	SRR6960802_Contig_195_flow_978.873_cc_5	4283	0.995	0.000E+00	0	2420	3238	960	3381	3720	0	3237	0	1	61M1D2360M
SRR5467139_6095	SRR5208570_Contig_66939_flow_76.6449_cc_4258	6683	0.990	0.000E+00	3818	0	3819	103	3920	3971	3818	0	0	1	26M1I3792M
SRR6050716_682	SRR6050738_Contig_44547_flow_363.337_cc_1257	6675	0.990	0.000E+00	1	3820	3861	0	3819	3820	0	3860	0	1	3820M
SRR6255402_8509	SRR6255521_Contig_21550_flow_18.1775_cc_27012	7575	0.997	0.000E+00	4536	283	4582	0	4252	4253	4581	0	0	1	1895M1I2358M
SRR6960509_178499	SRR6960551_Contig_4462_flow_931.254_cc_4	6383	0.992	0.000E+00	38	3664	3729	0	3626	3668	0	3728	0	1	3627M
SRR6960551_4572	SRR6960797_Contig_48008_flow_49.5806_cc_12298	6177	0.992	0.000E+00	0	3511	3526	0	3511	3512	0	3525	0	1	3512M
SRR5467091_7569	SRR5466727_Contig_14957_flow_19.4836_cc_7615	6535	0.991	0.000E+00	4	3730	3731	0	3726	3740	0	3730	0	301	3727M
SRR5466729_2100	SRR6255746_Contig_6173_flow_43.9739_cc_671	6355	0.996	0.000E+00	3581	1	3582	0	3579	3580	3581	0	0	1	2247M1I1333M
SRR5466729_78426	SRR6255746_Contig_19271_flow_57.2813_cc_15836	5908	0.996	0.000E+00	0	3324	3752	84	3409	3789	0	3751	0	1	225M1D3100M
SRR6049586_28762	SRR5467091_Contig_38390_flow_36.9605_cc_45611	5441	0.997	0.000E+00	3055	0	3298	1178	4233	4235	3297	0	0	1	3056M
SRR6254353_87994	SRR5466366_Contig_29677_flow_33.2729_cc_39509	6476	0.992	0.000E+00	6532	2853	6548	0	3680	3854	6547	0	0	1	722M1D2958M
SRR6255733_47961	SRR5466727_Contig_601_flow_714.879_cc_10	4406	0.991	0.000E+00	0	2510	2602	624	3134	3779	0	2601	0	1	2511M
SRR5466727_79545	SRR5466727_Contig_601_flow_714.879_cc_10	6615	0.990	0.000E+00	52	3830	3853	0	3778	3779	0	3852	0	1	3779M
SRR5466729_79390	SRR7976301_Contig_3223_flow_1152.11_cc_0	6388	0.992	0.000E+00	3635	4	3728	0	3631	3632	3727	0	0	1	3632M
SRR6049586_62904	SRR6255521_Contig_21550_flow_18.1775_cc_27012	6920	0.998	0.000E+00	4490	612	4525	0	3878	4253	4524	0	0	1	3879M
SRR5208575_11995	SRR6050738_Contig_45043_flow_34.967_cc_1427	7043	0.992	0.000E+00	0	4009	4010	3	4012	4039	0	4009	0	1	4010M
SRR6960507_35447	SRR6960507_Contig_960_flow_513.927_cc_0	6583	0.997	0.000E+00	3701	6	3760	0	3695	3696	3759	0	0	1	3696M
SRR6254351_60814	SRR5466399_Contig_25044_flow_32.5156_cc_24282	5952	0.998	0.000E+00	3640	307	3645	0	3333	3966	3644	0	0	1	3334M
SRR6254984_15616	SRR6254893_Contig_10804_flow_10.6941_cc_4348	7174	0.993	0.000E+00	4071	6	4072	10	4075	4076	4071	0	0	1	4066M
SRR6255733_23897	SRR5466727_Contig_335_flow_1252.5_cc_10	5534	0.993	0.000E+00	3146	9	3304	1204	4341	4342	3303	0	0	1	3138M
SRR5466723_29391	SRR5466727_Contig_711_flow_1550.38_cc_10	6541	0.993	0.000E+00	3720	5	3745	0	3716	3717	3744	0	0	1	2166M1D1550M
SRR5466727_29990	SRR5466725_Contig_27483_flow_67.0361_cc_22540	7534	0.997	0.000E+00	4316	88	4318	0	4227	4228	4317	0	0	1	3662M1I566M
SRR5466729_107208	SRR7976310_Contig_1999_flow_262.912_cc_8	4736	0.993	0.000E+00	95	2781	2787	1350	4038	4039	0	2786	0	1	1176M2D1511M
SRR5466727_45289	SRR5466727_Contig_601_flow_714.879_cc_10	6647	0.992	0.000E+00	3801	24	3854	0	3778	3779	3853	0	0	1	3756M1D22M
SRR5466728_30309	SRR7976301_Contig_3223_flow_1152.11_cc_0	6243	0.993	0.000E+00	3541	3	3798	93	3631	3632	3797	0	0	1	3539M
SRR6253256_32088	SRR5466366_Contig_29677_flow_33.2729_cc_39509	6808	0.994	0.000E+00	4062	209	4094	0	3853	3854	4093	0	0	1	3854M
SRR6254353_3430	SRR6253161_Contig_43319_flow_42.7654_cc_38360	6418	0.996	0.000E+00	3614	6	3615	0	3608	3609	3614	0	0	1	3609M
SRR6254984_61753	SRR6253161_Contig_43319_flow_42.7654_cc_38360	4858	0.995	0.000E+00	2882	145	2883	6	2743	3609	2882	0	0	1	2738M
SRR6255520_39666	SRR6255521_Contig_12420_flow_62.6365_cc_9633	4852	0.996	0.000E+00	6	2735	3594	0	2729	3340	0	3593	0	1	2730M
SRR6050716_6	SRR6050738_Contig_44547_flow_363.337_cc_1257	6693	0.991	0.000E+00	1	3820	3861	0	3819	3820	0	3860	0	1	3820M
SRR5466338_107184	SRR6254893_Contig_10804_flow_10.6941_cc_4348	4481	0.998	0.000E+00	2513	6	3746	1568	4075	4076	3745	0	0	1	2508M
SRR5466725_24718	SRR5466725_Contig_76382_flow_24.1241_cc_127573	6104	0.998	0.000E+00	3424	4	3509	0	3420	3421	3508	0	0	1	3421M
SRR5466725_131019	SRR6255746_Contig_22366_flow_18.4767_cc_20317	4980	0.997	0.000E+00	67	2865	3312	0	2798	4041	0	3311	0	1	2799M
SRR5466727_50254	SRR5466727_Contig_601_flow_714.879_cc_10	4693	0.992	0.000E+00	2703	38	2795	1113	3778	3779	2794	0	0	1	2666M
SRR5467091_57938	SRR5467091_Contig_30635_flow_15.321_cc_32603	7577	0.996	0.000E+00	0	4272	4408	0	4271	4272	0	4407	0	1	3140M1I1132M
SRR6253579_32007	SRR5466399_Contig_25044_flow_32.5156_cc_24282	6302	0.998	0.000E+00	3532	1	3909	434	3965	3966	3908	0	0	1	2016M1D20M1I1495M
SRR6254353_47026	SRR5466364_Contig_20257_flow_22.3001_cc_8880	7150	0.999	0.000E+00	3999	0	4047	0	3999	4001	4046	0	0	1	4000M
SRR6255733_40579	SRR5466727_Contig_601_flow_714.879_cc_10	6678	0.994	0.000E+00	3819	41	3886	0	3778	3779	3885	0	0	1	3779M
SRR7976356_21509	SRR7976357_Contig_2127_flow_231.782_cc_3	6608	0.998	0.000E+00	3773	69	3807	0	3704	3705	3806	0	0	301	3705M
SRR7473382_472	SRR6050738_Contig_44547_flow_363.337_cc_1257	6702	0.991	0.000E+00	5	3824	3862	0	3819	3820	0	3861	0	1	3820M
SRR6050738_2734	SRR6050738_Contig_56137_flow_28.818_cc_26218	7008	0.994	0.000E+00	3972	7	4010	0	3965	3966	4009	0	0	1	3966M
SRR5466364_3141	SRR6255746_Contig_19573_flow_18.0348_cc_16289	7809	0.998	0.000E+00	1	4373	4377	0	4372	4373	0	4376	0	1	4373M
SRR5466365_60563	SRR5466366_Contig_29677_flow_33.2729_cc_39509	6337	0.991	0.000E+00	3658	48	4118	178	3788	3854	4117	0	0	1	3611M
SRR5466366_36057	SRR5466364_Contig_20257_flow_22.3001_cc_8880	6799	0.998	0.000E+00	5571	1763	5572	68	3876	4001	5571	0	0	1	3809M
SRR6255513_419	SRR5466337_Contig_14180_flow_12.143_cc_4223	7230	0.997	0.000E+00	56	4112	4114	2	4058	4076	0	4113	0	1	4057M
SRR6255733_54148	SRR5466727_Contig_601_flow_714.879_cc_10	6696	0.995	0.000E+00	66	3844	3886	0	3778	3779	0	3885	0	1	3779M
SRR7976295_7402	SRR5466725_Contig_621_flow_459.667_cc_18	5194	0.996	0.000E+00	3036	116	3054	0	2920	3986	3053	0	0	1	2921M
SRR5466729_86292	SRR7976310_Contig_1999_flow_262.912_cc_8	7105	0.992	0.000E+00	4041	5	4084	0	4038	4039	4083	0	0	1	2526M2D1511M
SRR6254893_6179	SRR5466366_Contig_29677_flow_33.2729_cc_39509	6808	0.994	0.000E+00	3963	110	3966	0	3853	3854	3965	0	0	1	3854M
SRR6255513_12088	SRR6253161_Contig_43319_flow_42.7654_cc_38360	6151	0.996	0.000E+00	4013	554	4014	6	3465	3609	4013	0	0	1	3460M
SRR6255733_3403	SRR6255746_Contig_16802_flow_10.6028_cc_12549	7293	0.995	0.000E+00	12	4127	4128	0	4116	4120	0	4127	0	1	20M1D4096M
SRR6255746_1229	SRR5466727_Contig_601_flow_714.879_cc_10	6691	0.995	0.000E+00	3829	51	3896	0	3778	3779	3895	0	0	1	3779M
SRR5466727_25224	SRR7976310_Contig_1999_flow_262.912_cc_8	6967	0.993	0.000E+00	4061	109	4112	0	3952	4039	4111	0	0	1	3953M
SRR5466729_103941	SRR5466727_Contig_292_flow_1149.32_cc_10	6483	0.997	0.000E+00	76	3717	3718	0	3640	3641	0	3717	0	1	2372M1I1269M
SRR6050698_15310	SRR5208575_Contig_42826_flow_33.2271_cc_1529	7493	0.994	0.000E+00	4238	0	4249	0	4238	4240	4248	0	0	1	4239M
SRR5466338_96880	SRR5467091_Contig_38390_flow_36.9605_cc_45611	4632	0.997	0.000E+00	2601	0	2697	1120	3721	4235	2696	0	0	1	2602M
SRR5466365_133192	SRR5466366_Contig_29677_flow_33.2729_cc_39509	6444	0.991	0.000E+00	3677	2	4137	178	3853	3854	4136	0	0	1	3676M
SRR5466369_18562	SRR5466366_Contig_29677_flow_33.2729_cc_39509	6803	0.994	0.000E+00	5338	1485	5367	0	3853	3854	5366	0	0	1	3854M
SRR5466725_111130	SRR5466727_Contig_711_flow_1550.38_cc_10	5991	0.991	0.000E+00	25	3437	3438	0	3412	3717	0	3437	0	1	3413M
SRR5467139_7735	SRR6050738_Contig_44547_flow_363.337_cc_1257	6702	0.991	0.000E+00	0	3819	3851	0	3819	3820	0	3850	0	1	3820M
SRR5466337_123908	SRR6253161_Contig_43319_flow_42.7654_cc_38360	4424	0.997	0.000E+00	2491	6	2847	1123	3608	3609	2846	0	0	1	2486M
SRR6960803_1217	SRR6960803_Contig_10357_flow_33.2344_cc_471	6768	0.993	0.000E+00	3845	9	3846	0	3836	3837	3845	0	0	301	3837M
SRR6960801_7959	SRR6960801_Contig_27450_flow_35.4275_cc_6970	6561	0.996	0.000E+00	3690	0	3731	0	3690	3691	3730	0	0	1	3691M
SRR7976324_46013	SRR6960802_Contig_195_flow_978.873_cc_5	5547	0.995	0.000E+00	3614	485	3627	0	3128	3720	3626	0	0	1	3124M1I5M
SRR7976326_46491	SRR6960799_Contig_842_flow_375.948_cc_3	6441	0.996	0.000E+00	7	3630	3777	0	3623	4609	0	3776	0	1	3624M
SRR7976356_183930	SRR7976357_Contig_21124_flow_19.6455_cc_7787	5042	0.996	0.000E+00	1101	3941	3952	1001	3841	3842	0	3951	0	1	2841M
SRR7976325_97259	SRR7976326_Contig_23726_flow_13.4146_cc_1514	5237	0.995	0.000E+00	3480	526	3483	0	2954	4016	3482	0	0	1	2955M
SRR5208572_5915	SRR6050738_Contig_44547_flow_363.337_cc_1257	6742	0.993	0.000E+00	0	3819	3828	0	3819	3820	0	3827	0	1	3820M
SRR5466338_36649	SRR6255746_Contig_19573_flow_18.0348_cc_16289	5194	0.998	0.000E+00	84	2991	2992	1461	4368	4373	0	2991	0	1	2908M
SRR5466365_86503	SRR5467091_Contig_38390_flow_36.9605_cc_45611	6230	0.997	0.000E+00	3499	0	4416	733	4233	4235	4415	0	0	1	1589M1D1911M
SRR5466723_49036	SRR6255746_Contig_19271_flow_57.2813_cc_15836	4135	0.997	0.000E+00	263	2584	2588	1467	3788	3789	0	2587	0	1	2322M
SRR5466729_81846	SRR5466727_Contig_590_flow_415.963_cc_10	5507	0.996	0.000E+00	3120	23	5127	306	3403	3404	5126	0	0	1	3098M
SRR7976295_13329	SRR6960507_Contig_960_flow_513.927_cc_0	5186	0.999	0.000E+00	3189	6087	6094	797	3695	3696	0	6093	0	1	2899M
SRR7976299_21482	SRR7976299_Contig_291_flow_509.069_cc_0	6625	0.997	0.000E+00	3716	0	3757	0	3716	3717	3756	0	0	1	3717M
SRR7687334_222250	SRR7687334_Contig_0_flow_222270_cc_0	5117	0.995	0.000E+00	131	3019	3020	660	3549	3736	0	3019	0	1	2562M1D327M
SRR6960799_8529	SRR6960799_Contig_30187_flow_21.6025_cc_6460	6356	0.997	0.000E+00	3566	0	3567	0	3566	3567	3566	0	0	1	3567M
SRR6960551_16410	SRR6960551_Contig_3247_flow_271.264_cc_4	5615	0.996	0.000E+00	4851	1689	4900	0	3161	3391	4899	0	0	1	2085M1I1077M
SRR6960551_89327	SRR6960797_Contig_1678_flow_351.862_cc_7	7008	0.992	0.000E+00	83	4065	4084	0	3982	3983	0	4083	0	1	3983M
SRR7976310_46044	SRR6960550_Contig_6123_flow_91.6773_cc_689	6763	0.996	0.000E+00	4291	483	4303	9	3817	3818	4302	0	0	1	3809M
SRR7963800_18137	SRR7687334_Contig_0_flow_222270_cc_0	6584	0.993	0.000E+00	4034	300	4072	0	3735	3736	4071	0	0	1	124M1D3611M
SRR6050738_11650	SRR6050698_Contig_72583_flow_26.0653_cc_25002	6981	0.990	0.000E+00	3990	3	4027	0	3987	3988	4026	0	0	1	3988M
SRR6050482_775	SRR6050738_Contig_44547_flow_363.337_cc_1257	6679	0.990	0.000E+00	0	3816	3817	2	3818	3820	0	3816	0	1	3817M
SRR5466337_16732	SRR6255521_Contig_12420_flow_62.6365_cc_9633	5891	0.994	0.000E+00	3335	0	3870	0	3333	3340	3869	0	0	1	3246M1I29M1I59M
SRR5466727_100527	SRR5466727_Contig_590_flow_415.963_cc_10	6002	0.993	0.000E+00	59	3462	3487	0	3403	3404	0	3486	0	1	3404M
SRR5466729_97289	SRR6255746_Contig_19271_flow_57.2813_cc_15836	4686	0.993	0.000E+00	67	2723	2725	1132	3788	3789	0	2724	0	1	2657M
SRR6254893_45433	SRR5466399_Contig_25044_flow_32.5156_cc_24282	5645	0.997	0.000E+00	3268	97	3284	1	3171	3966	3283	0	0	1	2464M1I707M
SRR7976299_6507	SRR6960540_Contig_5964_flow_7.59681_cc_9026	7161	0.998	0.000E+00	4015	0	4530	0	4015	4020	4529	0	0	1	4016M
SRR7976310_387	SRR7976310_Contig_25805_flow_7.76048_cc_16518	8160	0.998	0.000E+00	53	4628	4681	0	4575	4576	0	4680	0	1	4576M
SRR7976310_94894	SRR7976310_Contig_2670_flow_2117.24_cc_8	6035	0.996	0.000E+00	21	3419	3434	0	3396	3397	0	3433	0	1	11M2I3386M
SRR7976325_521	SRR6960799_Contig_33038_flow_10.3594_cc_10083	6683	0.995	0.000E+00	87	3858	3859	0	3771	3772	0	3858	0	301	3772M
SRR6050738_1217	SRR6050738_Contig_49532_flow_26.8085_cc_7285	6943	0.996	0.000E+00	3914	3	3915	0	3911	3912	3914	0	0	1	3912M
SRR5208570_37439	SRR5208570_Contig_66939_flow_76.6449_cc_4258	6977	0.992	0.000E+00	4055	85	4058	0	3970	3971	4057	0	0	1	3971M
SRR6254893_3141	SRR6255521_Contig_21550_flow_18.1775_cc_27012	7585	0.998	0.000E+00	7384	3132	7417	0	4252	4253	7416	0	0	1	4253M
SRR6255733_999	SRR5466727_Contig_18069_flow_200.651_cc_11251	6672	0.998	0.000E+00	3820	83	3833	0	3737	3744	3832	0	0	1	3738M
SRR6254893_8480	SRR6255521_Contig_21550_flow_18.1775_cc_27012	7594	0.998	0.000E+00	4632	380	4665	0	4252	4253	4664	0	0	1	4253M
SRR6255733_7043	SRR5466727_Contig_762_flow_746.157_cc_10	8045	0.997	0.000E+00	9805	5289	9871	0	4516	4729	9870	0	0	1	4517M
SRR6960509_76346	SRR6960797_Contig_1678_flow_351.862_cc_7	4758	0.993	0.000E+00	2703	4	2735	1283	3982	3983	2734	0	0	1	2700M
SRR7976299_1058	SRR7976299_Contig_291_flow_509.069_cc_0	6621	0.997	0.000E+00	3716	0	4006	0	3716	3717	4005	0	0	1	3717M
SRR7976356_68840	SRR7976357_Contig_21124_flow_19.6455_cc_7787	5069	0.998	0.000E+00	504	3344	3355	1001	3841	3842	0	3354	0	1	2841M
SRR7473382_32617	SRR6050738_Contig_44547_flow_363.337_cc_1257	6756	0.994	0.000E+00	5	3824	3862	0	3819	3820	0	3861	0	1	3820M
SRR6960509_2388	SRR6960551_Contig_4462_flow_931.254_cc_4	6492	0.995	0.000E+00	3671	4	3710	0	3667	3668	3709	0	0	1	3668M
SRR7976300_3740	SRR7976300_Contig_26435_flow_11.6168_cc_18884	6028	0.996	0.000E+00	0	3393	3394	0	3393	3394	0	3393	0	1	3394M
SRR7976301_38849	SRR7976310_Contig_25107_flow_11.5754_cc_14876	6375	0.996	0.000E+00	3584	0	3660	0	3584	3585	3659	0	0	1	3585M
SRR5466723_43377	SRR5466727_Contig_335_flow_1252.5_cc_10	6420	0.997	0.000E+00	3614	10	4535	737	4341	4342	4534	0	0	301	3605M
SRR7976299_25160	SRR7976299_Contig_291_flow_509.069_cc_0	4453	0.997	0.000E+00	2496	0	4097	1220	3716	3717	4096	0	0	1	2497M
SRR7963800_72590	SRR7687334_Contig_0_flow_222270_cc_0	3979	0.993	0.000E+00	0	2256	2413	1480	3735	3736	0	2412	0	1	57M1I2199M
SRR6960803_55383	SRR7976357_Contig_62441_flow_9.54255_cc_76202	5015	0.993	0.000E+00	2845	0	3185	649	3494	3495	3184	0	0	1	2846M
SRR6960799_91912	SRR6960799_Contig_842_flow_375.948_cc_3	8201	0.997	0.000E+00	4641	33	4700	0	4608	4609	4699	0	0	1	4609M
SRR5208575_9511	SRR5467139_Contig_46778_flow_49.3382_cc_9220	7344	0.995	0.000E+00	4143	0	4204	0	4143	4145	4203	0	0	1	3865M1D21M1I257M
SRR6050528_16443	SRR5208570_Contig_66939_flow_76.6449_cc_4258	6877	0.991	0.000E+00	3919	0	3920	1	3920	3971	3919	0	0	1	3920M
SRR5466338_57090	SRR5467091_Contig_38390_flow_36.9605_cc_45611	4741	0.996	0.000E+00	188	2855	2856	1566	4233	4235	0	2855	0	1	2668M
SRR5466725_140203	SRR5466727_Contig_601_flow_714.879_cc_10	6669	0.993	0.000E+00	55	3833	3886	0	3778	3779	0	3885	0	1	3779M
SRR5466727_57360	SRR5466725_Contig_20715_flow_69.2444_cc_14841	6066	0.996	0.000E+00	3414	0	3445	0	3414	3415	3444	0	0	1	3415M
SRR5466729_52625	SRR5466727_Contig_292_flow_1149.32_cc_10	5080	0.998	0.000E+00	3709	863	4203	0	2846	3641	4202	0	0	1	2847M
SRR5466729_52625	SRR5466727_Contig_292_flow_1149.32_cc_10	834	0.993	1.768E-242	3731	4202	4203	3169	3640	3641	0	4202	0	1	472M
SRR5467091_844	SRR5467091_Contig_9358_flow_20.7811_cc_903	7136	0.998	0.000E+00	0	4001	4002	0	4001	4002	0	4001	0	2	4002M
SRR6253579_14482	SRR5466399_Contig_25044_flow_32.5156_cc_24282	6981	0.997	0.000E+00	3918	1	4491	48	3965	3966	4490	0	0	1	3918M
SRR6254353_44883	SRR5466399_Contig_25044_flow_32.5156_cc_24282	5770	0.993	0.000E+00	4872	1601	4877	0	3274	3966	4876	0	0	1	28M4D5M1I7M3I2195M1D77M2D956M
SRR7976326_34235	SRR6960799_Contig_34872_flow_67.1986_cc_12767	5268	0.997	0.000E+00	2956	0	3623	557	3513	3519	3622	0	0	1	2957M
SRR6254353_46245	SRR6255521_Contig_21550_flow_18.1775_cc_27012	6184	0.997	0.000E+00	3473	3	4224	782	4252	4253	4223	0	0	1	3471M
SRR6255402_19394	SRR5466364_Contig_20257_flow_22.3001_cc_8880	5879	0.996	0.000E+00	11258	7951	11259	43	3350	4001	11258	0	0	1	3308M
SRR6255733_40334	SRR6255746_Contig_19573_flow_18.0348_cc_16289	5945	0.996	0.000E+00	118	3464	3465	1011	4356	4373	0	3464	0	1	2566M1I780M
SRR6960551_5359	SRR6960551_Contig_70262_flow_14.8057_cc_60293	6223	0.995	0.000E+00	26	3535	3536	0	3509	3510	0	3535	0	1	3510M
SRR5467091_5693	SRR6255746_Contig_22366_flow_18.4767_cc_20317	7179	0.996	0.000E+00	4040	0	4113	0	4040	4041	4112	0	0	301	4041M
SRR5467091_100608	SRR5467091_Contig_3387_flow_710.03_cc_0	6098	0.991	0.000E+00	58	3535	3807	0	3477	3478	0	3806	0	1	3478M
SRR6255733_41232	SRR5466727_Contig_590_flow_415.963_cc_10	5074	0.995	0.000E+00	2938	75	3054	0	2863	3404	3053	0	0	1	2864M
SRR6255746_36913	SRR5466727_Contig_601_flow_714.879_cc_10	6705	0.996	0.000E+00	3829	51	3896	0	3778	3779	3895	0	0	1	3779M
SRR6960509_44469	SRR6960551_Contig_3247_flow_271.264_cc_4	3863	0.993	0.000E+00	2211	17	2318	1197	3390	3391	2317	0	0	1	888M1I1306M
SRR6050483_5841	SRR5208570_Contig_66939_flow_76.6449_cc_4258	6917	0.994	0.000E+00	3914	0	3925	0	3914	3971	3924	0	0	1	3915M
SRR5466338_52360	SRR6255521_Contig_21550_flow_18.1775_cc_27012	7552	0.996	0.000E+00	4370	117	4405	0	4252	4253	4404	0	0	1	388M1I3865M
SRR5466366_95078	SRR5466366_Contig_29677_flow_33.2729_cc_39509	6513	0.994	0.000E+00	3757	71	3791	0	3686	3854	3790	0	0	1	3687M
SRR5466337_32218	SRR5466366_Contig_29677_flow_33.2729_cc_39509	5507	0.994	0.000E+00	2773	5890	6032	736	3853	3854	0	6031	0	1	3118M
SRR7976310_69604	SRR6960550_Contig_6123_flow_91.6773_cc_689	6776	0.997	0.000E+00	5429	1621	5441	9	3817	3818	5440	0	0	1	3809M
SRR7963800_134936	SRR7687334_Contig_0_flow_222270_cc_0	4231	0.992	0.000E+00	2571	165	2572	1328	3735	3736	2571	0	0	1	42M1D2365M
SRR6960799_17965	SRR7976325_Contig_29947_flow_9.73001_cc_14932	6597	0.998	0.000E+00	3703	10	3711	0	3693	3694	3710	0	0	1	3694M
SRR7976357_28195	SRR7976357_Contig_1262_flow_437.773_cc_3	6122	0.995	0.000E+00	3469	9	3534	0	3459	3460	3533	0	0	1	200M1I1347M1D9M1I1903M
SRR7976325_12215	SRR6960799_Contig_27837_flow_34.8682_cc_3591	6463	0.998	0.000E+00	3620	0	3663	0	3619	3620	3662	0	0	1	2346M1I1274M
SRR5466729_121629	SRR7976310_Contig_1999_flow_262.912_cc_8	5354	0.992	0.000E+00	2194	5238	5244	994	4038	4039	0	5243	0	1	3045M
SRR6253256_14975	SRR5467091_Contig_38390_flow_36.9605_cc_45611	3793	0.997	0.000E+00	2130	0	4013	2103	4233	4235	4012	0	0	1	2131M
SRR6254351_91435	SRR5466399_Contig_25044_flow_32.5156_cc_24282	5175	0.998	0.000E+00	1343	4237	4240	1071	3965	3966	0	4239	0	1	2895M
SRR6255746_23917	SRR5466727_Contig_711_flow_1550.38_cc_10	6509	0.990	0.000E+00	3720	4	3747	0	3716	3717	3746	0	0	1	3717M
SRR6960551_1478	SRR6960551_Contig_41441_flow_24.4798_cc_7650	6213	0.998	0.000E+00	3481	0	3482	0	3481	3482	3481	0	0	1	3482M
SRR7976301_102122	SRR6960550_Contig_6123_flow_91.6773_cc_689	5341	0.996	0.000E+00	770	3777	3786	810	3817	3818	0	3785	0	1	3008M
SRR6255733_36021	SRR7976310_Contig_1999_flow_262.912_cc_8	4637	0.991	0.000E+00	2653	6	7773	1391	4038	4039	7772	0	0	1	2108M1D6M1I533M
SRR7976300_41470	SRR6960507_Contig_960_flow_513.927_cc_0	5858	0.998	0.000E+00	3287	6	3443	411	3695	3696	3442	0	0	1	1948M3D1334M
SRR7687334_99037	SRR7687334_Contig_0_flow_222270_cc_0	4466	0.994	0.000E+00	5032	2507	7736	1196	3725	3736	7735	0	0	301	234M2D2195M2D97M
SRR6960803_21575	SRR6960803_Contig_26665_flow_8.57934_cc_19871	7490	0.995	0.000E+00	37	4266	4267	0	4229	4230	0	4266	0	1	4230M
SRR7976323_89096	SRR6960802_Contig_195_flow_978.873_cc_5	6609	0.996	0.000E+00	3852	134	3869	0	3719	3720	3868	0	0	1	1797M1D1922M
SRR7976325_83859	SRR6960799_Contig_27837_flow_34.8682_cc_3591	3651	0.998	0.000E+00	483	2531	2532	1572	3619	3620	0	2531	0	1	774M1I1274M
SRR6050738_7288	SRR6050738_Contig_45043_flow_34.967_cc_1427	7072	0.990	0.000E+00	0	4038	4040	0	4038	4039	0	4039	0	1	4039M
SRR5208572_5344	SRR5208575_Contig_42826_flow_33.2271_cc_1529	7517	0.995	0.000E+00	696	4935	4936	0	4239	4240	0	4935	0	1	4240M
SRR5467140_9663	SRR6050738_Contig_45043_flow_34.967_cc_1427	7146	0.995	0.000E+00	0	4034	4048	3	4037	4039	0	4047	0	1	4035M
SRR5466338_17239	SRR5466369_Contig_38096_flow_20.8604_cc_58040	6041	0.993	0.000E+00	3430	5	3895	11	3436	3437	3894	0	0	1	3426M
SRR5466364_10037	SRR5466369_Contig_66784_flow_12.6268_cc_128792	5560	0.999	0.000E+00	3109	0	4258	614	3723	3725	4257	0	0	1	3110M
SRR5466365_83059	SRR5466366_Contig_29677_flow_33.2729_cc_39509	4675	0.993	0.000E+00	2652	2	2835	1203	3853	3854	2834	0	0	1	2651M
SRR5466369_199727	SRR5466366_Contig_29677_flow_33.2729_cc_39509	6748	0.991	0.000E+00	28	3870	6916	0	3842	3854	0	6915	0	1	3843M
SRR5466723_8628	SRR5466727_Contig_18069_flow_200.651_cc_11251	5701	0.995	0.000E+00	3215	0	3273	527	3742	3744	3272	0	0	1	3216M
SRR5466727_12691	SRR5466727_Contig_45142_flow_15.7242_cc_59877	6855	0.998	0.000E+00	0	3842	3843	0	3842	3843	0	3842	0	1	3843M
SRR5466727_83698	SRR5466727_Contig_601_flow_714.879_cc_10	4100	0.990	0.000E+00	0	2346	2885	1282	3630	3779	0	2884	0	1	73M1D2131M1D143M
SRR5466729_82300	SRR5466727_Contig_601_flow_714.879_cc_10	6674	0.994	0.000E+00	3798	21	3854	0	3778	3779	3853	0	0	1	3756M1D22M
SRR6049586_96321	SRR5466369_Contig_38096_flow_20.8604_cc_58040	3808	0.998	0.000E+00	1115	3246	3257	1305	3436	3437	0	3256	0	1	2132M
SRR6254351_9283	SRR6255521_Contig_12420_flow_62.6365_cc_9633	4708	0.997	0.000E+00	2693	52	2700	0	2641	3340	2699	0	0	1	2642M
SRR6254353_138631	SRR7976301_Contig_3223_flow_1152.11_cc_0	5676	0.993	0.000E+00	94	3315	3462	0	3221	3632	0	3461	0	1	3222M
SRR6255513_2407	SRR6255521_Contig_12420_flow_62.6365_cc_9633	5682	0.995	0.000E+00	3257	50	3258	16	3223	3340	3257	0	0	1	3208M
SRR6255746_7209	SRR5466727_Contig_335_flow_1252.5_cc_10	7740	0.997	0.000E+00	4350	9	4404	0	4341	4342	4403	0	0	1	4342M
SRR6255746_58554	SRR6255746_Contig_59176_flow_15.5206_cc_102227	6601	0.998	0.000E+00	0	3700	3701	0	3700	3701	0	3700	0	1	3701M
SRR6960551_21484	SRR6960551_Contig_69902_flow_10.9239_cc_59657	5674	0.996	0.000E+00	0	3190	3231	0	3190	3191	0	3230	0	1	3191M
SRR6960509_43685	SRR6960551_Contig_4462_flow_931.254_cc_4	6475	0.994	0.000E+00	3671	4	3710	0	3667	3668	3709	0	0	301	3668M
SRR6960797_78971	SRR6960797_Contig_1678_flow_351.862_cc_7	6999	0.992	0.000E+00	76	4058	4063	0	3982	3983	0	4062	0	1	3983M
SRR5466338_9254	SRR5467091_Contig_38390_flow_36.9605_cc_45611	7520	0.996	0.000E+00	4233	0	4247	0	4233	4235	4246	0	0	1	4234M
SRR5466364_9729	SRR6255746_Contig_19573_flow_18.0348_cc_16289	5590	0.997	0.000E+00	416	3557	3561	1231	4372	4373	0	3560	0	1	3142M
SRR5466723_7812	SRR5466727_Contig_335_flow_1252.5_cc_10	7433	0.995	0.000E+00	4213	10	7303	138	4341	4342	7302	0	0	1	3859M1D4M1D11M2I328M
SRR5466723_46502	SRR7976301_Contig_3223_flow_1152.11_cc_0	4686	0.992	0.000E+00	1779	4445	4446	929	3595	3632	0	4445	0	1	2667M
SRR5466725_48438	SRR5466727_Contig_601_flow_714.879_cc_10	6682	0.994	0.000E+00	3830	52	3886	0	3778	3779	3885	0	0	1	3779M
SRR5466727_9885	SRR5466727_Contig_601_flow_714.879_cc_10	6625	0.991	0.000E+00	3802	22	3855	0	3778	3779	3854	0	0	1	3756M2I23M
SRR6254353_106411	SRR5466366_Contig_29677_flow_33.2729_cc_39509	6489	0.993	0.000E+00	12212	8532	12233	0	3680	3854	12232	0	0	1	3681M
SRR6255513_584	SRR6253161_Contig_43319_flow_42.7654_cc_38360	6169	0.997	0.000E+00	4253	794	4254	6	3465	3609	4253	0	0	1	3460M
SRR6255733_54544	SRR5466727_Contig_601_flow_714.879_cc_10	4087	0.991	0.000E+00	201	2529	2570	1449	3778	3779	0	2569	0	1	2307M1D22M
SRR5466729_88505	SRR5466727_Contig_292_flow_1149.32_cc_10	5624	0.998	0.000E+00	3829	679	5203	348	3498	3641	5202	0	0	1	3151M
SRR6253161_17765	SRR5466337_Contig_14180_flow_12.143_cc_4223	7257	0.998	0.000E+00	149	4215	4216	0	4066	4076	0	4215	0	1	4067M
SRR6254351_18855	SRR5466366_Contig_29677_flow_33.2729_cc_39509	6788	0.994	0.000E+00	4519	677	4550	0	3842	3854	4549	0	0	1	3843M
SRR6960551_95913	SRR6960797_Contig_3427_flow_333.724_cc_7	7323	0.995	0.000E+00	79	4209	4212	0	4129	4130	0	4211	0	1	2529M1I1601M
SRR7976299_1458	SRR6960549_Contig_7938_flow_12.334_cc_5247	7179	0.997	0.000E+00	4041	11	4061	0	4030	4031	4060	0	0	1	4031M
SRR6960803_52938	SRR7976357_Contig_62441_flow_9.54255_cc_76202	6037	0.995	0.000E+00	3556	148	3557	3	3411	3495	3556	0	0	1	3409M
SRR6960799_14538	SRR6960799_Contig_27595_flow_20.5008_cc_3247	7321	0.996	0.000E+00	0	4117	4118	0	4117	4118	0	4117	0	1	4118M
SRR6960799_91366	SRR7976325_Contig_30427_flow_18.9611_cc_15859	6408	0.998	0.000E+00	3591	1	3743	719	4309	4310	3742	0	0	1	3591M
SRR7976356_65500	SRR7976357_Contig_21124_flow_19.6455_cc_7787	5051	0.996	0.000E+00	2850	10	3395	1001	3841	3842	3394	0	0	1	2841M
SRR7473382_31069	SRR6050738_Contig_44547_flow_363.337_cc_1257	6716	0.992	0.000E+00	5	3824	3862	0	3819	3820	0	3861	0	1	3820M
SRR5208575_2846	SRR5208570_Contig_66939_flow_76.6449_cc_4258	6888	0.992	0.000E+00	3913	0	3926	0	3913	3971	3925	0	0	1	3914M
SRR5466729_21895	SRR5466727_Contig_292_flow_1149.32_cc_10	6239	0.997	0.000E+00	4177	679	4671	0	3498	3641	4670	0	0	1	3499M
SRR5466729_21895	SRR5466727_Contig_292_flow_1149.32_cc_10	834	0.993	2.004E-242	4199	4670	4671	3169	3640	3641	0	4670	0	1	472M
SRR6254351_58001	SRR5466399_Contig_25044_flow_32.5156_cc_24282	5157	0.997	0.000E+00	2896	2	3287	1071	3965	3966	3286	0	0	2	2895M
SRR6255513_35057	SRR5466369_Contig_66784_flow_12.6268_cc_128792	3682	0.996	0.000E+00	2074	0	2378	1647	3721	3725	2377	0	0	1	1641M1D9M1I424M
SRR6255733_16126	SRR5466727_Contig_711_flow_1550.38_cc_10	6567	0.994	0.000E+00	3720	4	3745	0	3716	3717	3744	0	0	1	3717M
SRR6255746_9038	SRR5466727_Contig_762_flow_746.157_cc_10	8447	0.998	0.000E+00	4735	7	4807	0	4728	4729	4806	0	0	1	4729M
SRR6960509_406	SRR6960551_Contig_1584_flow_333.304_cc_4	6432	0.997	0.000E+00	3901	286	3933	0	3614	3615	3932	0	0	1	3551M1I64M
SRR7963800_88895	SRR7687334_Contig_0_flow_222270_cc_0	2968	0.992	0.000E+00	2899	1209	2900	2045	3735	3736	2899	0	0	1	40M1I916M1D734M
SRR6960799_108349	SRR6960799_Contig_842_flow_375.948_cc_3	8080	0.991	0.000E+00	4641	33	4700	0	4608	4609	4699	0	0	1	4609M
SRR5466725_18267	SRR5466727_Contig_12178_flow_16.2623_cc_4663	7075	0.998	0.000E+00	0	3957	3970	0	3957	3958	0	3969	0	1	3958M
SRR5466725_99877	SRR5466727_Contig_15566_flow_42.6319_cc_8189	6882	0.996	0.000E+00	13	3885	3892	0	3872	3873	0	3891	0	1	3873M
SRR5466729_24838	SRR5466725_Contig_20959_flow_94.8114_cc_15053	7653	0.996	0.000E+00	6118	1810	6119	50	4358	4359	6118	0	0	1	1521M1I16M1D2771M
SRR6253256_20785	SRR5466366_Contig_29677_flow_33.2729_cc_39509	6812	0.994	0.000E+00	10101	6248	10133	0	3853	3854	10132	0	0	1	3854M
SRR7976300_31564	SRR6960507_Contig_40959_flow_12.5999_cc_57164	6206	0.996	0.000E+00	4191	699	6005	0	3492	3493	6004	0	0	1	3493M
SRR6960799_27794	SRR6960799_Contig_2564_flow_242.277_cc_3	7161	0.998	0.000E+00	4025	15	4852	0	4010	4011	4851	0	0	1	4011M
SRR7976357_54137	SRR7976357_Contig_62441_flow_9.54255_cc_76202	6187	0.995	0.000E+00	3494	0	3499	0	3494	3495	3498	0	0	1	3495M
SRR5466727_9585	SRR5466725_Contig_20715_flow_69.2444_cc_14841	5999	0.992	0.000E+00	3414	0	3445	0	3414	3415	3444	0	0	301	3415M
SRR5466727_72853	SRR5466727_Contig_711_flow_1550.38_cc_10	4730	0.993	0.000E+00	2874	191	3735	1033	3716	3717	3734	0	0	1	2684M
SRR5466729_569	SRR7976301_Contig_3223_flow_1152.11_cc_0	6383	0.992	0.000E+00	3635	4	3728	0	3631	3632	3727	0	0	1	3632M
SRR5467090_17317	SRR7976301_Contig_3223_flow_1152.11_cc_0	6374	0.992	0.000E+00	4869	1239	4939	0	3631	3632	4938	0	0	1	9M1I11M1D287M1D3323M
SRR7473382_8205	SRR5467139_Contig_46778_flow_49.3382_cc_9220	7396	0.998	0.000E+00	4148	4	4203	0	4144	4145	4202	0	0	1	4145M
SRR5208572_22927	SRR6050698_Contig_64085_flow_109.725_cc_9636	6304	0.994	0.000E+00	3568	3	3569	1	3566	3567	3568	0	0	1	1408M1I2019M1D138M
SRR6960507_3779	SRR6960507_Contig_960_flow_513.927_cc_0	5636	0.998	0.000E+00	3348	194	3407	0	3154	3696	3406	0	0	1	3155M
SRR5466364_57142	SRR5466366_Contig_29677_flow_33.2729_cc_39509	5337	0.993	0.000E+00	3031	4	3557	826	3853	3854	3556	0	0	1	3028M
SRR5466365_89745	SRR5466338_Contig_56479_flow_6.84616_cc_106112	7185	0.999	0.000E+00	3152	7168	7169	688	4704	4705	0	7168	0	1	4017M
SRR7976325_4896	SRR7976326_Contig_23726_flow_13.4146_cc_1514	7138	0.996	0.000E+00	2	4017	4026	0	4015	4016	0	4025	0	1	4016M
SRR7473382_9107	SRR6050738_Contig_45043_flow_34.967_cc_1427	7156	0.995	0.000E+00	0	4035	4042	3	4038	4039	0	4041	0	1	4036M
SRR6050738_10305	SRR6050698_Contig_64085_flow_109.725_cc_9636	6283	0.994	0.000E+00	3558	1	3559	10	3566	3567	3558	0	0	1	3457M1I100M
SRR6050482_551	SRR6050738_Contig_44547_flow_363.337_cc_1257	6692	0.991	0.000E+00	0	3816	3817	2	3818	3820	0	3816	0	1	3817M
SRR5466337_9426	SRR5466399_Contig_25044_flow_32.5156_cc_24282	7069	0.997	0.000E+00	4058	92	4067	0	3965	3966	4066	0	0	1	2465M1I1501M
SRR5466723_15886	SRR5466727_Contig_14957_flow_19.4836_cc_7615	6506	0.996	0.000E+00	4025	368	4026	48	3705	3740	4025	0	0	1	3658M
SRR5466727_94589	SRR5466727_Contig_601_flow_714.879_cc_10	4778	0.991	0.000E+00	0	2726	2749	1051	3778	3779	0	2748	0	1	304M1D2423M
SRR7976310_54696	SRR7976310_Contig_502_flow_818.514_cc_8	5943	0.996	0.000E+00	3347	4	3465	829	4172	4173	3464	0	0	1	3344M
SRR7963800_37284	SRR7687334_Contig_0_flow_222270_cc_0	6360	0.991	0.000E+00	138	3756	4057	112	3735	3736	0	4056	0	1	8M3D85M2D3526M
SRR6960799_12995	SRR7976325_Contig_30427_flow_18.9611_cc_15859	7692	0.998	0.000E+00	4310	1	4334	0	4309	4310	4333	0	0	1	4310M
SRR7976323_111819	SRR7976323_Contig_427_flow_758.863_cc_2	6633	0.998	0.000E+00	4418	698	4506	0	3719	3758	4505	0	0	1	3714M1I6M
SRR6960551_30470	SRR6960797_Contig_1678_flow_351.862_cc_7	6988	0.991	0.000E+00	4001	18	4085	0	3982	3983	4084	0	0	1	3692M1I291M
SRR7963800_121117	SRR7687334_Contig_0_flow_222270_cc_0	6289	0.993	0.000E+00	0	3573	3874	158	3735	3736	0	3873	0	1	79M1I64M1D1523M1D1253M3D654M
SRR6960799_17157	SRR6960799_Contig_2261_flow_494.71_cc_3	6864	0.995	0.000E+00	3883	9	3913	0	3873	3874	3912	0	0	1	2095M1I1779M
SRR7473382_49227	SRR6050738_Contig_44547_flow_363.337_cc_1257	6725	0.992	0.000E+00	5	3824	3859	0	3819	3820	0	3858	0	1	3820M
SRR6050698_2694	SRR6050738_Contig_44547_flow_363.337_cc_1257	6693	0.991	0.000E+00	0	3819	3851	0	3819	3820	0	3850	0	1	3820M
SRR5466365_117087	SRR6255521_Contig_21550_flow_18.1775_cc_27012	5469	0.997	0.000E+00	3073	2	3122	1181	4252	4253	3121	0	0	1	3072M
SRR5466369_2367	SRR6253161_Contig_43319_flow_42.7654_cc_38360	4984	0.996	0.000E+00	2805	0	2994	783	3588	3609	2993	0	0	1	2806M
SRR5466337_83468	SRR5466366_Contig_29677_flow_33.2729_cc_39509	5521	0.995	0.000E+00	3015	6132	6137	736	3853	3854	0	6136	0	1	3118M
SRR5466725_14089	SRR5466727_Contig_21460_flow_12.1513_cc_16077	7188	0.996	0.000E+00	5	4050	4051	0	4045	4046	0	4050	0	1	4046M
SRR5466725_95969	SRR5466727_Contig_335_flow_1252.5_cc_10	7615	0.994	0.000E+00	6590	2284	6641	0	4306	4342	6640	0	0	1	4307M
SRR6050738_26688	SRR6050738_Contig_44547_flow_363.337_cc_1257	6684	0.990	0.000E+00	0	3819	3852	0	3819	3820	0	3851	0	1	3820M
SRR5467137_759	SRR7473382_Contig_78219_flow_23.5467_cc_2626	6040	0.997	0.000E+00	0	3387	3508	4	3391	3392	0	3507	0	1	3388M
SRR5466338_90667	SRR5467091_Contig_38390_flow_36.9605_cc_45611	6686	0.996	0.000E+00	3917	157	3931	0	3760	4235	3930	0	0	1	3761M
SRR5466365_20039	SRR5466338_Contig_56479_flow_6.84616_cc_106112	7194	0.999	0.000E+00	4016	0	4837	688	4704	4705	4836	0	0	1	4017M
SRR5466365_130185	SRR5466366_Contig_29677_flow_33.2729_cc_39509	5511	0.993	0.000E+00	3172	48	3787	664	3788	3854	3786	0	0	1	3125M
SRR5466369_8308	SRR5466369_Contig_66784_flow_12.6268_cc_128792	6662	0.999	0.000E+00	3724	0	3725	0	3724	3725	3724	0	0	1	3725M
SRR5466723_31239	SRR5466727_Contig_292_flow_1149.32_cc_10	6201	0.994	0.000E+00	3860	353	3875	0	3507	3641	3874	0	0	1	3508M
SRR5466729_37359	SRR5466727_Contig_11174_flow_109.937_cc_3481	6643	0.995	0.000E+00	4020	274	4053	0	3746	3793	4052	0	0	1	3747M
SRR5467090_82971	SRR6255521_Contig_21550_flow_18.1775_cc_27012	7137	0.996	0.000E+00	6013	1991	6073	0	4022	4253	6072	0	0	1	4023M
SRR6255520_50376	SRR5467091_Contig_38390_flow_36.9605_cc_45611	7201	0.998	0.000E+00	4110	75	4111	28	4063	4235	4110	0	0	1	4036M
SRR6960509_18804	SRR6960797_Contig_32509_flow_20.4842_cc_2737	6817	0.997	0.000E+00	3	3826	3827	0	3823	3824	0	3826	0	1	3824M
SRR6960551_3812	SRR6960797_Contig_1678_flow_351.862_cc_7	6965	0.990	0.000E+00	4001	18	4085	0	3982	3983	4084	0	0	1	3692M1I291M
SRR7976310_114919	SRR7976310_Contig_2670_flow_2117.24_cc_8	4189	0.996	0.000E+00	237	2598	2613	1036	3396	3397	0	2612	0	1	135M1I2226M
SRR6960797_54748	SRR6960551_Contig_4462_flow_931.254_cc_4	6072	0.993	0.000E+00	3443	3	6106	227	3667	3668	6105	0	0	1	3441M
SRR7687334_56446	SRR7687334_Contig_0_flow_222270_cc_0	6011	0.995	0.000E+00	2293	5685	5751	342	3735	3736	0	5750	0	1	1569M1D1824M
SRR7976326_37097	SRR6960799_Contig_842_flow_375.948_cc_3	4846	0.996	0.000E+00	1316	4044	4191	895	3623	4609	0	4190	0	1	2729M
SRR7976325_58044	SRR7976326_Contig_23726_flow_13.4146_cc_1514	6621	0.996	0.000E+00	2	3728	5589	0	3726	4016	0	5588	0	1	3727M
SRR7976356_4444	SRR7976357_Contig_21124_flow_19.6455_cc_7787	6845	0.997	0.000E+00	3851	10	3852	0	3841	3842	3851	0	0	1	3842M
SRR6050738_286	SRR6050738_Contig_44547_flow_363.337_cc_1257	6716	0.992	0.000E+00	0	3819	3852	0	3819	3820	0	3851	0	1	3820M
SRR5467139_15471	SRR6050738_Contig_45043_flow_34.967_cc_1427	5980	0.991	0.000E+00	0	3401	3402	2	3408	4039	0	3401	0	1	2540M5D862M
SRR6050716_12094	SRR6050738_Contig_44547_flow_363.337_cc_1257	6679	0.991	0.000E+00	1	3807	3808	0	3806	3820	0	3807	0	1	3807M
SRR5466338_148760	SRR5467091_Contig_38390_flow_36.9605_cc_45611	4720	0.996	0.000E+00	1077	3732	3733	1578	4233	4235	0	3732	0	1	2656M
SRR5208570_32911	SRR5208570_Contig_66939_flow_76.6449_cc_4258	6991	0.992	0.000E+00	4055	85	4058	0	3970	3971	4057	0	0	301	3971M
SRR6050716_17450	SRR5208570_Contig_69035_flow_28.5729_cc_6946	6103	0.995	0.000E+00	3449	0	3507	0	3448	3449	3506	0	0	1	2213M1I1236M
SRR5466338_2400	SRR6255521_Contig_12420_flow_62.6365_cc_9633	4326	0.993	0.000E+00	3108	5565	5566	878	3334	3340	0	5565	0	1	2397M1I60M
SRR6049586_27816	SRR5466337_Contig_14180_flow_12.143_cc_4223	7121	0.997	0.000E+00	0	3993	4376	0	3993	4076	0	4375	0	1	3994M
SRR6253579_53359	SRR6255521_Contig_12420_flow_62.6365_cc_9633	4546	0.994	0.000E+00	2679	111	2680	0	2568	3340	2679	0	0	1	2569M
SRR6255402_39932	SRR5466366_Contig_29677_flow_33.2729_cc_39509	6772	0.992	0.000E+00	3896	43	3928	0	3853	3854	3927	0	0	1	3854M
SRR6255746_39436	SRR5466727_Contig_711_flow_1550.38_cc_10	6500	0.990	0.000E+00	3720	4	3747	0	3716	3717	3746	0	0	1	3717M
SRR6960549_4369	SRR7976310_Contig_2670_flow_2117.24_cc_8	6020	0.995	0.000E+00	4895	1499	4905	0	3396	3397	4904	0	0	1	3397M
SRR6960551_8874	SRR6960551_Contig_3247_flow_271.264_cc_4	6021	0.996	0.000E+00	3418	27	3467	0	3390	3391	3466	0	0	1	2085M1I1306M
SRR6960799_81187	SRR6960799_Contig_27050_flow_19.495_cc_2545	6146	0.996	0.000E+00	72	3535	3537	0	3462	3463	0	3536	0	1	2176M1I1287M
SRR5466369_10266	SRR6255521_Contig_21550_flow_18.1775_cc_27012	6607	0.996	0.000E+00	3967	246	3983	0	3721	4253	3982	0	0	1	3722M
SRR5466727_45288	SRR5466727_Contig_601_flow_714.879_cc_10	6691	0.995	0.000E+00	52	3830	3853	0	3778	3779	0	3852	0	1	3779M
SRR5466729_29088	SRR5466727_Contig_601_flow_714.879_cc_10	6682	0.994	0.000E+00	3828	50	3884	0	3778	3779	3883	0	0	1	3779M
SRR5466725_26461	SRR7976310_Contig_1999_flow_262.912_cc_8	7148	0.995	0.000E+00	4044	6	4095	0	4038	4039	4094	0	0	1	4039M
SRR5466725_137718	SRR5466727_Contig_45142_flow_15.7242_cc_59877	6500	0.996	0.000E+00	4304	648	4311	0	3656	3843	4310	0	0	1	3657M
SRR7976356_164210	SRR7976357_Contig_21124_flow_19.6455_cc_7787	5060	0.997	0.000E+00	2471	5311	5322	1001	3841	3842	0	5321	0	1	2841M
SRR5208573_23330	SRR6050738_Contig_44547_flow_363.337_cc_1257	6687	0.990	0.000E+00	0	3816	3825	0	3819	3820	0	3824	0	1	1895M3D1922M
SRR5208570_20774	SRR5208570_Contig_66939_flow_76.6449_cc_4258	6964	0.991	0.000E+00	4055	85	4058	0	3970	3971	4057	0	0	1	3971M
SRR5467139_7880	SRR6050738_Contig_44547_flow_363.337_cc_1257	4100	0.991	0.000E+00	0	2334	2335	0	2334	3820	0	2334	0	1	2335M
SRR6050716_3560	SRR6050738_Contig_44547_flow_363.337_cc_1257	6707	0.991	0.000E+00	1	3820	3861	0	3819	3820	0	3860	0	1	3820M
SRR5466338_136552	SRR6255521_Contig_21550_flow_18.1775_cc_27012	7561	0.996	0.000E+00	34	4287	4474	0	4252	4253	0	4473	0	1	388M1I3865M
SRR5466369_98462	SRR5466399_Contig_25044_flow_32.5156_cc_24282	7083	0.998	0.000E+00	5377	1411	5392	0	3965	3966	5391	0	0	-1633474688	1417M1I2549M
SRR5208570_30097	SRR5208570_Contig_66939_flow_76.6449_cc_4258	6977	0.992	0.000E+00	4055	85	4058	0	3970	3971	4057	0	0	301	3971M
SRR6050716_13772	SRR6050738_Contig_44547_flow_363.337_cc_1257	6680	0.990	0.000E+00	1	3820	3861	0	3819	3820	0	3860	0	1	3820M
SRR5466338_180032	SRR5466369_Contig_38096_flow_20.8604_cc_58040	4587	0.994	0.000E+00	364	2955	2961	845	3436	3437	0	2960	0	1	2592M
SRR6255746_39972	SRR5466727_Contig_711_flow_1550.38_cc_10	6522	0.991	0.000E+00	3720	4	3747	0	3716	3717	3746	0	0	1	3717M
SRR6960509_49166	SRR6960797_Contig_1678_flow_351.862_cc_7	4747	0.992	0.000E+00	2704	4	2736	1283	3982	3983	2735	0	0	1	2408M1I292M
SRR6960549_4423	SRR7976310_Contig_2670_flow_2117.24_cc_8	6012	0.994	0.000E+00	4888	1490	4896	0	3396	3397	4895	0	0	1	11M2I3386M
SRR7976295_1475	SRR6960507_Contig_960_flow_513.927_cc_0	5164	0.997	0.000E+00	3710	6608	6615	797	3695	3696	0	6614	0	1	2899M
SRR7687334_127832	SRR7687334_Contig_0_flow_222270_cc_0	6578	0.994	0.000E+00	0	3720	3847	3	3723	3736	0	3846	0	1	3721M
SRR6960802_7637	SRR6960802_Contig_29421_flow_9.79827_cc_35183	7111	0.998	0.000E+00	3980	0	3981	0	3980	3981	3980	0	0	1	3981M
SRR5208574_5969	SRR6050738_Contig_44547_flow_363.337_cc_1257	6792	0.996	0.000E+00	0	3819	3850	0	3819	3820	0	3849	0	1	3820M
SRR6050482_4491	SRR5208574_Contig_5816_flow_24.5317_cc_0	7674	0.997	0.000E+00	3	4312	4315	0	4309	4310	0	4314	0	1	4310M
SRR5466365_103843	SRR5467091_Contig_38390_flow_36.9605_cc_45611	6248	0.998	0.000E+00	3499	0	6120	733	4233	4235	6119	0	0	1	1589M1D1911M
SRR5466366_91449	SRR5467091_Contig_38390_flow_36.9605_cc_45611	5896	0.995	0.000E+00	3588	264	3589	1	3325	4235	3588	0	0	1	3325M
SRR5466723_21874	SRR5466727_Contig_711_flow_1550.38_cc_10	6500	0.990	0.000E+00	24	3740	3746	0	3716	3717	0	3745	0	1	3717M
SRR5466725_1335	SRR5466725_Contig_20959_flow_94.8114_cc_15053	7789	0.998	0.000E+00	4358	0	4359	0	4358	4359	4358	0	0	1	4359M
SRR5466727_99084	SRR6255746_Contig_6173_flow_43.9739_cc_671	6214	0.996	0.000E+00	0	3499	3569	1	3500	3580	0	3568	0	1	3500M
SRR6253161_18205	SRR5466364_Contig_20257_flow_22.3001_cc_8880	5396	0.998	0.000E+00	3025	0	3077	975	4000	4001	3076	0	0	1	3026M
SRR6254893_10077	SRR5466399_Contig_25044_flow_32.5156_cc_24282	4408	0.995	0.000E+00	265	2753	2757	1478	3965	3966	0	2756	0	1	987M1I1501M
SRR6255746_1844	SRR5466727_Contig_601_flow_714.879_cc_10	6682	0.994	0.000E+00	3829	51	3896	0	3778	3779	3895	0	0	1	3779M
SRR6255746_51341	SRR5466727_Contig_335_flow_1252.5_cc_10	7633	0.992	0.000E+00	53	4394	4404	0	4341	4342	0	4403	0	1	4342M
SRR6960551_18400	SRR6960797_Contig_1591_flow_266.128_cc_7	6190	0.994	0.000E+00	3528	30	3587	0	3498	3499	3586	0	0	1	3499M
SRR7976301_7252	SRR7976301_Contig_23148_flow_11.8085_cc_6543	7103	0.997	0.000E+00	0	3983	4002	0	3983	3984	0	4001	0	1	3984M
SRR7976310_55662	SRR6960550_Contig_6123_flow_91.6773_cc_689	6754	0.995	0.000E+00	4568	760	4580	9	3817	3818	4579	0	0	1	3809M
SRR7963800_39271	SRR7963800_Contig_20814_flow_39.1436_cc_7025	6130	0.990	0.000E+00	3502	0	3522	0	3502	3503	3521	0	0	1	3503M
SRR6960799_16015	SRR6960799_Contig_34872_flow_67.1986_cc_12767	6261	0.997	0.000E+00	3518	0	3560	0	3518	3519	3559	0	0	1	3519M
SRR7976326_11842	SRR6960799_Contig_2564_flow_242.277_cc_3	4782	0.997	0.000E+00	2700	15	3160	1325	4010	4011	3159	0	0	1	2686M
SRR7473382_51581	SRR6050738_Contig_44547_flow_363.337_cc_1257	6729	0.993	0.000E+00	5	3824	3862	0	3819	3820	0	3861	0	1	3820M
SRR6050738_25789	SRR6050738_Contig_44547_flow_363.337_cc_1257	6121	0.992	0.000E+00	0	3478	3479	0	3479	3820	0	3478	0	1	2123M1D1356M
SRR5208575_32478	SRR5208570_Contig_66939_flow_76.6449_cc_4258	6905	0.993	0.000E+00	12	3924	3925	0	3912	3971	0	3924	0	1	3913M
SRR6050698_3350	SRR6050738_Contig_44547_flow_363.337_cc_1257	6711	0.992	0.000E+00	3850	31	3851	0	3819	3820	3850	0	0	1	3820M
SRR5467139_1648	SRR6050738_Contig_45043_flow_34.967_cc_1427	7131	0.994	0.000E+00	0	4036	4038	2	4038	4039	0	4037	0	1	4037M
SRR5466338_97512	SRR6255521_Contig_21550_flow_18.1775_cc_27012	7246	0.997	0.000E+00	4256	186	7175	182	4252	4253	7174	0	0	1	4071M
SRR5466365_29924	SRR5466366_Contig_29677_flow_33.2729_cc_39509	6642	0.991	0.000E+00	3836	48	3868	0	3788	3854	3867	0	0	1	3789M
SRR6960551_4850	SRR6960551_Contig_54720_flow_40.6655_cc_28388	6409	0.998	0.000E+00	3588	0	3589	0	3588	3589	3588	0	0	1	3589M
SRR6960797_39479	SRR6960797_Contig_3427_flow_333.724_cc_7	7336	0.996	0.000E+00	4137	7	4215	0	4129	4130	4214	0	0	1	2517M1I1613M
SRR7687334_26875	SRR7687334_Contig_0_flow_222270_cc_0	6592	0.993	0.000E+00	24	3759	3935	0	3735	3736	0	3934	0	1	3736M
SRR5466723_42631	SRR5466727_Contig_711_flow_1550.38_cc_10	4789	0.994	0.000E+00	0	2712	2718	1003	3716	3717	0	2717	0	1	42M1D2671M
SRR6960799_46425	SRR6960799_Contig_38573_flow_17.6483_cc_18487	6810	0.997	0.000E+00	3824	0	3825	0	3824	3825	3824	0	0	301	3825M
SRR7976323_65652	SRR6960802_Contig_195_flow_978.873_cc_5	5067	0.997	0.000E+00	1848	4692	4827	875	3719	3720	0	4826	0	1	2845M
SRR6960551_69221	SRR6960797_Contig_1678_flow_351.862_cc_7	7017	0.993	0.000E+00	4000	18	4084	0	3982	3983	4083	0	0	1	3983M
SRR7976295_1273	SRR6960507_Contig_960_flow_513.927_cc_0	6145	0.998	0.000E+00	45	3483	4040	0	3438	3696	0	4039	0	1	3439M
SRR7687334_116709	SRR7687334_Contig_0_flow_222270_cc_0	6555	0.994	0.000E+00	2051	5761	5787	10	3723	3736	0	5786	0	1	128M1D2268M2D1315M
SRR6960803_21069	SRR6960803_Contig_10357_flow_33.2344_cc_471	6782	0.994	0.000E+00	3845	9	3846	0	3836	3837	3845	0	0	1	3837M
SRR7687334_145485	SRR7687334_Contig_0_flow_222270_cc_0	5932	0.994	0.000E+00	721	4075	12319	369	3725	3736	0	12318	0	1	2041M2D636M1D373M1I304M
SRR6050643_17351	SRR6050738_Contig_44547_flow_363.337_cc_1257	6698	0.991	0.000E+00	3821	2	3825	0	3819	3820	3824	0	0	1	3820M
SRR5466338_58672	SRR6255521_Contig_21550_flow_18.1775_cc_27012	7246	0.997	0.000E+00	4184	114	7103	182	4252	4253	7102	0	0	1	4071M
SRR5466365_8620	SRR6255521_Contig_12420_flow_62.6365_cc_9633	4799	0.996	0.000E+00	3517	815	3519	0	2702	3340	3518	0	0	1	2703M
SRR5466725_6847	SRR5466727_Contig_45142_flow_15.7242_cc_59877	4369	0.996	0.000E+00	6	2465	3065	0	2459	3843	0	3064	0	1	2460M
SRR6960509_124293	SRR6960509_Contig_914_flow_411.9_cc_11	6670	0.995	0.000E+00	3762	0	6291	0	3762	3763	6290	0	0	1	3675M2D12M2I74M
SRR6960551_114641	SRR6960797_Contig_48008_flow_49.5806_cc_12298	6155	0.991	0.000E+00	3525	14	3526	0	3511	3512	3525	0	0	1	3512M
SRR7976310_76125	SRR6960550_Contig_6123_flow_91.6773_cc_689	6763	0.996	0.000E+00	4531	723	4543	9	3817	3818	4542	0	0	1	3809M
SRR7963800_207813	SRR7687334_Contig_0_flow_222270_cc_0	6204	0.991	0.000E+00	800	4336	4637	199	3735	3736	0	4636	0	1	3537M
SRR6960799_110564	SRR6960799_Contig_34872_flow_67.1986_cc_12767	6167	0.991	0.000E+00	3518	0	3560	0	3518	3519	3559	0	0	1	3519M
SRR7976323_10464	SRR7976323_Contig_427_flow_758.863_cc_2	6654	0.995	0.000E+00	3764	7	3852	0	3757	3758	3851	0	0	1	3758M
SRR5467137_43068	SRR5208570_Contig_66939_flow_76.6449_cc_4258	6933	0.994	0.000E+00	0	3918	3919	1	3919	3971	0	3918	0	1	3919M
SRR5466365_20927	SRR5466369_Contig_38096_flow_20.8604_cc_58040	6110	0.996	0.000E+00	3439	3	3504	0	3436	3437	3503	0	0	1	3437M
SRR6253256_31052	SRR5466337_Contig_14180_flow_12.143_cc_4223	6071	0.997	0.000E+00	6111	2704	6112	3	3410	4076	6111	0	0	1	3408M
SRR6254353_454	SRR5466337_Contig_14180_flow_12.143_cc_4223	7246	0.996	0.000E+00	102	4177	4179	0	4075	4076	0	4178	0	1	4076M
SRR6255733_27459	SRR5466727_Contig_11174_flow_109.937_cc_3481	5383	0.998	0.000E+00	3269	251	3293	0	3018	3793	3292	0	0	1	3019M
SRR6255746_19612	SRR5466727_Contig_601_flow_714.879_cc_10	6714	0.996	0.000E+00	3829	51	3896	0	3778	3779	3895	0	0	1	3779M
SRR6960509_9075	SRR6960797_Contig_3427_flow_333.724_cc_7	7154	0.997	0.000E+00	4347	331	4424	0	4016	4130	4423	0	0	1	4017M
SRR6254353_12286	SRR5466366_Contig_29677_flow_33.2729_cc_39509	6781	0.992	0.000E+00	3879	26	3900	0	3853	3854	3899	0	0	1	3854M
SRR6255733_34956	SRR5466727_Contig_590_flow_415.963_cc_10	6024	0.995	0.000E+00	3426	23	3542	0	3403	3404	3541	0	0	1	3404M
SRR7473382_121695	SRR6050738_Contig_44547_flow_363.337_cc_1257	6707	0.991	0.000E+00	3853	34	3859	0	3819	3820	3858	0	0	1	3820M
SRR7976299_8223	SRR6960540_Contig_5964_flow_7.59681_cc_9026	7165	0.998	0.000E+00	4015	0	4640	0	4015	4020	4639	0	0	1	4016M
SRR7976300_43152	SRR6960507_Contig_40959_flow_12.5999_cc_57164	6228	0.997	0.000E+00	4104	612	6890	0	3492	3493	6889	0	0	1	3493M
SRR7687334_7610	SRR7687334_Contig_0_flow_222270_cc_0	5241	0.995	0.000E+00	3322	365	4361	668	3626	3736	4360	0	0	1	1063M1D1895M
SRR6960799_37637	SRR6960799_Contig_32278_flow_9.34253_cc_9279	6113	0.995	0.000E+00	3452	0	3453	0	3451	3452	3452	0	0	1	2255M1I1197M
SRR6255733_43295	SRR5466727_Contig_762_flow_746.157_cc_10	8063	0.998	0.000E+00	5382	866	5448	0	4516	4729	5447	0	0	301	4517M
SRR6960551_7677	SRR6960509_Contig_914_flow_411.9_cc_11	6690	0.997	0.000E+00	4055	300	4128	0	3755	3763	4127	0	0	1	3756M
SRR5466338_38512	SRR5466337_Contig_14180_flow_12.143_cc_4223	4123	0.994	0.000E+00	0	2333	2699	0	2333	4076	0	2698	0	1	530M2I11M2D1791M
SRR5466723_11500	SRR6255746_Contig_22366_flow_18.4767_cc_20317	6474	0.996	0.000E+00	3645	1	4953	396	4040	4041	4952	0	0	1	3645M
SRR5466725_58599	SRR6255746_Contig_19271_flow_57.2813_cc_15836	4069	0.995	0.000E+00	33	2330	2332	1491	3788	3789	0	2331	0	1	2298M
SRR6960799_91330	SRR6960799_Contig_2564_flow_242.277_cc_3	5336	0.997	0.000E+00	3825	826	4652	0	2999	4011	4651	0	0	1	3000M
SRR7976356_53745	SRR7976357_Contig_62441_flow_9.54255_cc_76202	6155	0.993	0.000E+00	3489	0	3494	0	3492	3495	3493	0	0	1	3464M2D6M1D20M
SRR7473382_27385	SRR6050738_Contig_44547_flow_363.337_cc_1257	6720	0.992	0.000E+00	5	3824	3861	0	3819	3820	0	3860	0	1	3820M
SRR6050738_11870	SRR6050738_Contig_44547_flow_363.337_cc_1257	6674	0.991	0.000E+00	59	3860	3893	18	3819	3820	0	3892	0	1	3802M
SRR7976326_5891	SRR7976326_Contig_24878_flow_11.8362_cc_2671	7012	0.997	0.000E+00	3932	0	3933	0	3932	3933	3932	0	0	1	3933M
SRR7976323_39718	SRR7976323_Contig_427_flow_758.863_cc_2	4475	0.995	0.000E+00	3226	698	3416	1192	3719	3758	3415	0	0	1	2522M1I6M
SRR5466365_53362	SRR6255521_Contig_12420_flow_62.6365_cc_9633	5173	0.997	0.000E+00	3335	432	3337	0	2903	3340	3336	0	0	1	2904M
SRR5466337_167768	SRR6255521_Contig_12420_flow_62.6365_cc_9633	3357	0.992	0.000E+00	284	2193	2194	1425	3333	3340	0	2193	0	1	1850M1I59M
SRR5466723_43176	SRR5466725_Contig_621_flow_459.667_cc_18	6495	0.996	0.000E+00	46	3697	6675	0	3651	3986	0	6674	0	1	3652M
SRR5466727_68295	SRR5466725_Contig_49595_flow_19.8537_cc_59378	7619	0.992	0.000E+00	0	4331	4335	1	4332	4333	0	4334	0	1	4332M
SRR6960797_73453	SRR6960797_Contig_1678_flow_351.862_cc_7	6979	0.991	0.000E+00	76	4059	4064	0	3982	3983	0	4063	0	1	3692M1I291M
SRR7976310_6260	SRR7976301_Contig_3223_flow_1152.11_cc_0	6475	0.998	0.000E+00	3653	21	3748	0	3631	3632	3747	0	0	1	34M1I3598M
SRR7687334_69440	SRR7687334_Contig_0_flow_222270_cc_0	5741	0.993	0.000E+00	3257	0	7261	461	3725	3736	7260	0	0	1	649M1D25M2D779M1D287M1D987M2D531M
SRR5466338_5718	SRR5466369_Contig_38096_flow_20.8604_cc_58040	6083	0.996	0.000E+00	3755	329	4103	10	3436	3437	4102	0	0	301	3427M
SRR5466366_35591	SRR5467091_Contig_38390_flow_36.9605_cc_45611	7188	0.997	0.000E+00	4142	101	4143	1	4043	4235	4142	0	0	1	3740M1D302M
SRR5466369_149769	SRR6255521_Contig_12420_flow_62.6365_cc_9633	5210	0.993	0.000E+00	2958	0	3265	375	3332	3340	3264	0	0	1	2900M1I58M
SRR5466725_47077	SRR5466725_Contig_46827_flow_11.5645_cc_53936	6480	0.996	0.000E+00	3696	46	3697	0	3650	3651	3696	0	0	1	3651M
SRR7976325_1698	SRR7976325_Contig_30796_flow_10.4895_cc_16504	6707	0.997	0.000E+00	0	3762	3763	0	3762	3763	0	3762	0	1	3763M
SRR7473382_919	SRR6050738_Contig_44547_flow_363.337_cc_1257	6733	0.993	0.000E+00	5	3824	3861	0	3819	3820	0	3860	0	1	3820M
SRR5466337_7992	SRR5467091_Contig_38390_flow_36.9605_cc_45611	7164	0.998	0.000E+00	4284	267	4286	25	4042	4235	4285	0	0	1	4018M
SRR5466723_59591	SRR5466727_Contig_601_flow_714.879_cc_10	6396	0.991	0.000E+00	0	3645	3689	131	3778	3779	0	3688	0	1	255M2D3391M
SRR5466725_61062	SRR7976310_Contig_1999_flow_262.912_cc_8	7144	0.994	0.000E+00	4044	6	4095	0	4038	4039	4094	0	0	1	4039M
SRR5466727_13751	SRR5466727_Contig_11174_flow_109.937_cc_3481	6757	0.997	0.000E+00	3792	0	3824	0	3792	3793	3823	0	0	1	3793M
SRR5466729_82370	SRR5466727_Contig_762_flow_746.157_cc_10	7865	0.998	0.000E+00	9153	4745	9221	0	4408	4729	9220	0	0	1	4409M
SRR5466723_26707	SRR5466727_Contig_601_flow_714.879_cc_10	6660	0.993	0.000E+00	3821	43	3877	0	3778	3779	3876	0	0	1	3779M
SRR5466725_5051	SRR5466727_Contig_601_flow_714.879_cc_10	5323	0.994	0.000E+00	55	3067	10960	0	3012	3779	0	10959	0	1	3013M
SRR5466729_22922	SRR5466727_Contig_711_flow_1550.38_cc_10	6553	0.993	0.000E+00	71	3787	4007	0	3716	3717	0	4006	0	1	3717M
SRR6255520_1701	SRR5466337_Contig_14180_flow_12.143_cc_4223	5275	0.998	0.000E+00	0	2955	3195	7	2962	4076	0	3194	0	1	2956M
SRR6255746_12430	SRR5466727_Contig_711_flow_1550.38_cc_10	6495	0.990	0.000E+00	3720	4	3747	0	3716	3717	3746	0	0	1	3717M
SRR6960509_5300	SRR6960551_Contig_1584_flow_333.304_cc_4	5241	0.996	0.000E+00	3670	719	3702	0	2951	3615	3701	0	0	1	2952M
SRR5466365_29949	SRR5466338_Contig_56479_flow_6.84616_cc_106112	8418	0.999	0.000E+00	4704	0	4790	0	4704	4705	4789	0	0	1	4705M
SRR5466369_56017	SRR5466366_Contig_29677_flow_33.2729_cc_39509	6766	0.992	0.000E+00	3994	152	4023	0	3842	3854	4022	0	0	1	3843M
SRR5466723_39135	SRR5466727_Contig_711_flow_1550.38_cc_10	5925	0.992	0.000E+00	5415	2047	5440	0	3368	3717	5439	0	0	1	3369M
SRR7976326_31434	SRR6960799_Contig_842_flow_375.948_cc_3	6752	0.996	0.000E+00	3807	10	7316	811	4608	4609	7315	0	0	1	3798M
