SRR6960803_NODE_1807_length_4423_cov_17.782280	SRR6960803_k141_11595	7917	1.00	0.000E+00	4422	5	4423	0	4417	4418	4422	0	0	301	4418M
SRR6960799_NODE_697_length_3910_cov_6.356939	SRR6960799_k141_94807	6947	0.998	0.000E+00	3888	0	3910	0	3888	3889	3909	0	0	1	3889M
SRR7976357_NODE_1802_length_4105_cov_22.532840	SRR7976357_k141_51122	7209	0.999	0.000E+00	0	4032	4105	74	4106	4198	0	4104	0	1	4033M
SRR7976325_NODE_236_length_4032_cov_132.879809	SRR7976325_k141_45508	7188	0.998	0.000E+00	4031	4	4032	0	4026	4027	4031	0	0	1	1590M1I2437M
SRR7976356_NODE_1705_length_3919_cov_50.756988	SRR7976356_k141_39722	7012	0.999	0.000E+00	0	3917	3919	0	3917	3918	0	3918	0	1	3918M
SRR7976356_NODE_1705_length_3919_cov_50.756988	SRR7976357_k141_34318	6842	0.998	0.000E+00	17	3844	3919	169	3996	3997	0	3918	0	1	3828M
SRR6960507_NODE_1112_length_4350_cov_11.605821	SRR6960507_k141_38097	7791	0.999	0.000E+00	0	4349	4350	0	4349	4350	0	4349	0	2	4350M
SRR5466366_NODE_2226_length_3590_cov_6.022914	SRR5466366_k141_50431	6414	0.998	0.000E+00	3589	1	3590	0	3588	3589	3589	0	0	1	3589M
SRR5466725_NODE_2456_length_3804_cov_165.829821	SRR5466725_k141_46128	6817	1.00	0.000E+00	0	3803	3804	0	3803	3969	0	3803	0	1	3804M
SRR5466728_NODE_798_length_3491_cov_13.597497	SRR5466728_k141_23485	6211	0.997	0.000E+00	3490	0	3491	0	3490	3491	3490	0	0	1	3491M
SRR5467091_NODE_881_length_4144_cov_109.157007	SRR5467090_k141_5460	7324	0.998	0.000E+00	4106	0	4144	1628	5734	5736	4143	0	0	1	4107M
SRR5467091_NODE_881_length_4144_cov_109.157007	SRR5466728_k141_7134	7254	0.999	0.000E+00	53	4105	4144	384	4436	4437	0	4143	0	1	4053M
SRR6960803_NODE_3017_length_3441_cov_73.923509	SRR6960803_k141_37834	6162	0.999	0.000E+00	3440	0	3441	0	3440	4592	3440	0	0	2	3441M
SRR6960803_NODE_3017_length_3441_cov_73.923509	SRR7976357_k141_42088	6050	0.999	0.000E+00	53	3433	3441	2	3382	4898	0	3440	0	2	3381M
SRR6960803_NODE_3017_length_3441_cov_73.923509	SRR7976356_k141_34772	5968	0.999	0.000E+00	99	3433	3441	83	3417	3418	0	3440	0	2	3335M
SRR6960799_NODE_837_length_3711_cov_36.710339	SRR6960799_k141_98715	6650	1.00	0.000E+00	3710	0	3711	0	3710	3711	3710	0	0	3	3711M
SRR7976357_NODE_2502_length_3499_cov_12.779617	SRR7976357_k141_70866	6226	0.997	0.000E+00	1	3498	3499	0	3498	3499	0	3498	0	1	55M1D3443M
SRR7976325_NODE_319_length_3762_cov_4.484219	SRR7976325_k141_60124	6720	0.998	0.000E+00	0	3761	3762	0	3763	3764	0	3761	0	1	1369M2D2393M
SRR5208575_NODE_37_length_4204_cov_21.640154	SRR5208574_k141_12989	7472	0.997	0.000E+00	7	4203	4204	0	4196	4202	0	4203	0	1	4197M
SRR6960507_NODE_1856_length_3548_cov_28.738906	SRR6960507_k141_82453	6278	0.995	0.000E+00	3547	0	3548	0	3546	3547	3547	0	0	1	1304M1I2243M
SRR5466723_NODE_507_length_4451_cov_392.136715	SRR5466723_k141_22001	7954	0.998	0.000E+00	4450	0	4451	3	4453	4454	4450	0	0	1	4451M
SRR5466723_NODE_507_length_4451_cov_392.136715	SRR6255733_k141_18943	7822	0.999	0.000E+00	2	4376	4451	2	4376	4592	0	4450	0	1	4375M
SRR5466723_NODE_507_length_4451_cov_392.136715	SRR5466725_k141_105146	7758	0.998	0.000E+00	4397	56	4451	1	4342	6270	4450	0	0	1	4342M
SRR5466727_NODE_1133_length_4335_cov_17.803972	SRR5466727_k141_44620	7764	0.999	0.000E+00	0	4334	4335	0	4334	4335	0	4334	0	3	4335M
SRR5466729_NODE_1754_length_3390_cov_16.312444	SRR5466729_k141_37226	6023	0.999	0.000E+00	3365	0	3390	0	3365	3366	3389	0	0	1	3366M
SRR5467091_NODE_1516_length_3321_cov_10.295775	SRR5467091_k141_20244	5934	1.00	0.000E+00	2	3312	3321	0	3310	3311	0	3320	0	1	3311M
SRR5466725_NODE_1854_length_4308_cov_17.898660	SRR5466727_k141_51196	7670	0.998	0.000E+00	4302	5	4308	0	4297	4298	4307	0	0	1	4298M
SRR5466727_NODE_1483_length_3824_cov_101.324755	SRR5466729_k141_74512	6839	0.999	0.000E+00	0	3818	3824	1	3819	3820	0	3823	0	1	3819M
SRR5466727_NODE_1483_length_3824_cov_101.324755	SRR5466723_k141_22106	6756	1.00	0.000E+00	8	3777	3824	0	3769	4151	0	3823	0	1	3770M
SRR5467090_NODE_678_length_3946_cov_14.905423	SRR5467090_k141_17386	7028	0.999	0.000E+00	3945	19	3946	0	3926	3958	3945	0	0	2	3927M
SRR6253256_NODE_807_length_3939_cov_27.877188	SRR5466369_k141_105454	6893	0.996	0.000E+00	52	3935	3939	56	3939	3940	0	3938	0	1	3884M
SRR6253256_NODE_807_length_3939_cov_27.877188	SRR5466337_k141_23779	6856	0.995	0.000E+00	3909	43	3939	0	3867	4136	3938	0	0	1	3858M1D9M
SRR6253256_NODE_807_length_3939_cov_27.877188	SRR6254351_k141_40121	6839	0.996	0.000E+00	3908	55	3939	0	3853	3932	3938	0	0	1	3854M
SRR6253256_NODE_807_length_3939_cov_27.877188	SRR6255402_k141_28300	6836	0.995	0.000E+00	3913	54	3939	0	3859	3903	3938	0	0	1	3860M
SRR6960509_NODE_1699_length_4074_cov_27.141329	SRR6960509_k141_80646	7271	0.999	0.000E+00	8	4072	4074	0	4064	4065	0	4073	0	4	4065M
SRR6960551_NODE_677_length_3661_cov_1099.111758	SRR6960551_k141_63062	6498	0.998	0.000E+00	3635	0	3661	31	3666	3770	3660	0	0	1	3636M
SRR7976300_NODE_1350_length_3790_cov_21.228380	SRR7976300_k141_31841	6769	0.998	0.000E+00	0	3789	3790	0	3789	3790	0	3789	0	1	3790M
SRR7976310_NODE_790_length_3809_cov_239.259989	SRR7976310_k141_23957	6805	0.999	0.000E+00	0	3804	3809	0	3804	3835	0	3808	0	1	3805M
SRR6960799_NODE_577_length_4161_cov_18.866293	SRR7976325_k141_26012	7065	0.996	0.000E+00	4122	148	4161	0	3974	4870	4160	0	0	1	3975M
SRR6960799_NODE_937_length_3587_cov_6.336920	SRR6960799_k141_96389	6409	0.999	0.000E+00	3	3586	3587	0	3583	3584	0	3586	0	1	3584M
SRR6255521_NODE_724_length_3361_cov_16.529038	SRR7976301_k141_11503	5842	0.993	0.000E+00	2	3311	3361	828	4137	4551	0	3360	0	301	3310M
SRR6255521_NODE_724_length_3361_cov_16.529038	SRR7976310_k141_33021	5819	0.993	0.000E+00	8	3311	3361	304	3606	4000	0	3360	0	301	6M1I3297M
SRR7976299_NODE_54_length_4426_cov_56.695264	SRR7976299_k141_21390	7801	0.999	0.000E+00	4378	23	4426	1	4356	4357	4425	0	0	2	4356M
SRR7976301_NODE_751_length_4001_cov_168.218449	SRR7976301_k141_34515	7155	1.00	0.000E+00	6	3998	4001	0	3992	3993	0	4000	0	1	3993M
SRR6960803_NODE_2030_length_4192_cov_6.387721	SRR6960803_k141_51535	7421	0.996	0.000E+00	0	4175	4192	356	4531	4532	0	4191	0	1	4176M
SRR6960799_NODE_749_length_3827_cov_5.075292	SRR6960799_k141_71231	6799	0.996	0.000E+00	0	3824	3827	0	3825	3826	0	3826	0	1	1379M1D2446M
SRR7976357_NODE_2029_length_3865_cov_26.842257	SRR7976356_k141_60829	6232	0.999	0.000E+00	3861	382	3865	0	3479	3558	3864	0	0	1	3480M
SRR7976357_NODE_2029_length_3865_cov_26.842257	SRR6960803_k141_36910	6190	0.998	0.000E+00	3845	382	3865	71	3534	3556	3864	0	0	1	3464M
SRR7976357_NODE_2029_length_3865_cov_26.842257	SRR7976357_k141_39612	6176	0.999	0.000E+00	3847	394	3865	0	3453	3632	3864	0	0	1	3454M
SRR7976325_NODE_265_length_3920_cov_8.556533	SRR7976325_k141_11380	6944	0.995	0.000E+00	5	3919	3920	0	3914	3915	0	3919	0	3	3915M
SRR7976356_NODE_2050_length_3592_cov_56.719254	SRR7976356_k141_21660	6437	1.00	0.000E+00	0	3591	3592	0	3591	3592	0	3591	0	1	3592M
SRR6960507_NODE_1336_length_4043_cov_8.170010	SRR6960507_k141_102737	6736	0.991	0.000E+00	197	4042	4043	0	3847	3848	0	4042	0	1	107M1D66M1D3673M
SRR6960507_NODE_1097_length_4376_cov_29.606341	SRR7976300_k141_20868	7732	0.994	0.000E+00	4375	1	4376	0	4374	4375	4375	0	0	1	4375M
SRR5466366_NODE_1987_length_3804_cov_8.655642	SRR5466369_k141_59350	6797	0.999	0.000E+00	6	3803	3804	0	3797	3801	0	3803	0	1	3798M
SRR5466366_NODE_1987_length_3804_cov_8.655642	SRR5466364_k141_96590	6582	1.00	0.000E+00	3	3675	3804	0	3672	3757	0	3803	0	1	3673M
SRR5466728_NODE_741_length_3615_cov_42.991011	SRR5466728_k141_34192	6334	0.995	0.000E+00	0	3576	3615	65	3641	3828	0	3614	0	2	3577M
SRR5466728_NODE_741_length_3615_cov_42.991011	SRR5467090_k141_21498	6279	0.993	0.000E+00	56	3614	3615	55	3613	3624	0	3614	0	2	3559M
SRR5467091_NODE_858_length_4177_cov_69.990539	SRR5467091_k141_77603	7424	1.00	0.000E+00	4176	34	4177	0	4142	4143	4176	0	0	2	4143M
SRR6255513_NODE_641_length_4109_cov_6.981746	SRR6253161_k141_64253	7257	0.999	0.000E+00	51	4107	4109	105	4161	4170	0	4108	0	1	4057M
SRR6255513_NODE_641_length_4109_cov_6.981746	SRR6255520_k141_37683	7252	0.999	0.000E+00	56	4107	4109	0	4051	4110	0	4108	0	1	4052M
SRR6960549_NODE_112_length_3766_cov_88.634600	SRR7976301_k141_11503	6646	0.999	0.000E+00	54	3764	3766	840	4550	4551	0	3765	0	2	3711M
SRR6960549_NODE_112_length_3766_cov_88.634600	SRR7976310_k141_33021	6605	0.999	0.000E+00	54	3744	3766	309	3999	4000	0	3765	0	2	3691M
SRR6960797_NODE_620_length_3637_cov_17.760748	SRR6960797_k141_33853	6509	1.00	0.000E+00	0	3631	3637	0	3631	3632	0	3636	0	2	3632M
SRR7976301_NODE_648_length_4228_cov_19.360412	SRR7976301_k141_40537	7564	0.999	0.000E+00	4226	1	4228	0	4225	4226	4227	0	0	1	4226M
SRR6960803_NODE_1962_length_4267_cov_10.225783	SRR7976357_k141_77023	7610	0.998	0.000E+00	4266	3	4267	0	4263	4264	4266	0	0	301	4264M
SRR6960799_NODE_722_length_3873_cov_19.955212	SRR6960799_k141_29341	6940	1.00	0.000E+00	0	3872	3873	0	3872	3873	0	3872	0	1	3873M
SRR7976356_NODE_1994_length_3641_cov_22.901004	SRR7976356_k141_60829	6376	1.00	0.000E+00	29	3586	3641	0	3557	3558	0	3640	0	1	3558M
SRR7976356_NODE_1994_length_3641_cov_22.901004	SRR6960803_k141_36910	6212	0.998	0.000E+00	45	3523	3641	71	3549	3556	0	3640	0	1	3479M
SRR7976356_NODE_1994_length_3641_cov_22.901004	SRR7976357_k141_39612	6172	0.998	0.000E+00	43	3496	3641	0	3453	3632	0	3640	0	1	3454M
SRR6960507_NODE_1324_length_4060_cov_24.326592	SRR6960507_k141_82630	7262	0.999	0.000E+00	0	4059	4060	0	4059	4060	0	4059	0	3	4060M
SRR5466369_NODE_2169_length_4036_cov_45.871640	SRR5466369_k141_33380	7218	1.00	0.000E+00	4027	0	4036	0	4027	4179	4035	0	0	1	4028M
SRR5466369_NODE_2169_length_4036_cov_45.871640	SRR5466365_k141_56011	7072	0.999	0.000E+00	4016	68	4036	32	3980	4158	4035	0	0	1	3949M
SRR5466729_NODE_690_length_4904_cov_922.619303	SRR5466729_k141_70893	7904	1.00	0.000E+00	23	4433	4904	0	4410	5007	0	4903	0	2	4411M
SRR5467091_NODE_903_length_4113_cov_73.155495	SRR5467091_k141_29926	7362	0.999	0.000E+00	4112	2	4113	0	4110	4111	4112	0	0	1	4111M
SRR6255746_NODE_753_length_3897_cov_275.386517	SRR6255746_k141_24303	6959	0.998	0.000E+00	0	3895	3897	0	3895	3896	0	3896	0	1	3896M
SRR6255746_NODE_753_length_3897_cov_275.386517	SRR5466725_k141_61370	6838	0.996	0.000E+00	3856	11	3897	1149	4994	4995	3896	0	0	1	3846M
SRR6255746_NODE_753_length_3897_cov_275.386517	SRR5466727_k141_25114	6691	0.997	0.000E+00	63	3821	3897	86	3844	3845	0	3896	0	1	3759M
SRR6960551_NODE_604_length_3801_cov_9.632408	SRR6960551_k141_73980	6802	0.999	0.000E+00	0	3800	3801	0	3800	3801	0	3800	0	3	3801M
SRR7976299_NODE_118_length_3750_cov_30.182138	SRR7976299_k141_2374	6557	0.998	0.000E+00	3668	0	3750	395	4063	4064	3749	0	0	1	3669M
SRR7976310_NODE_684_length_4038_cov_123.118755	SRR7976310_k141_56246	7199	0.998	0.000E+00	4037	8	4038	36	4065	4066	4037	0	0	1	4030M
SRR7976357_NODE_2587_length_3447_cov_4.097288	SRR7976357_k141_77607	6152	1.00	0.000E+00	3432	0	3447	0	3432	3433	3446	0	0	1	3433M
SRR7976325_NODE_320_length_3760_cov_11.110661	SRR6960799_k141_74099	6702	0.999	0.000E+00	7	3751	3760	0	3744	3745	0	3759	0	1	3745M
SRR5208575_NODE_53_length_3926_cov_43.323431	SRR5208570_k141_70858	6962	0.996	0.000E+00	3914	0	3926	1	3915	3978	3925	0	0	1	3915M
SRR6960507_NODE_1963_length_3474_cov_21.112314	SRR6960507_k141_82810	6194	0.997	0.000E+00	3473	0	3474	0	3473	3474	3473	0	0	1	3474M
SRR5466723_NODE_778_length_3710_cov_12.976744	SRR5466723_k141_3288	6638	0.999	0.000E+00	3708	0	3710	0	3708	3709	3709	0	0	1	3709M
SRR5466727_NODE_1168_length_4281_cov_67.608850	SRR5466727_k141_57755	7671	1.00	0.000E+00	0	4280	4281	36	4316	4317	0	4280	0	1	4281M
SRR5466727_NODE_1168_length_4281_cov_67.608850	SRR6255733_k141_29569	7510	0.999	0.000E+00	4250	55	4281	54	4249	4251	4280	0	0	1	4196M
SRR5466729_NODE_2280_length_3015_cov_14.861486	SRR5466727_k141_51196	5260	0.997	0.000E+00	53	3009	3015	1342	4297	4298	0	3014	0	2	454M1I2502M
SRR5467091_NODE_2372_length_2738_cov_3.686918	SRR5467091_k141_33835	4859	0.999	0.000E+00	24	2737	2738	0	2713	2714	0	2737	0	1	2714M
SRR6255746_NODE_845_length_3701_cov_12.812123	SRR6255733_k141_34695	6607	0.999	0.000E+00	3	3694	3701	0	3691	3692	0	3700	0	1	3692M
SRR7976299_NODE_128_length_3684_cov_364.300634	SRR7976299_k141_2435	6473	0.992	0.000E+00	4	3683	3684	0	3679	3680	0	3683	0	1	113M1D1295M1I2271M
SRR7976310_NODE_700_length_4008_cov_9.127245	SRR7976301_k141_19572	7136	1.00	0.000E+00	26	4007	4008	0	3981	3984	0	4007	0	1	3982M
SRR6960801_NODE_3500_length_3731_cov_33.138194	SRR6960801_k141_3744	6684	1.00	0.000E+00	3729	0	3731	0	3729	3730	3730	0	0	1	3730M
SRR6960799_NODE_848_length_3698_cov_9.669503	SRR6960799_k141_73076	6607	1.00	0.000E+00	0	3686	3698	0	3686	3687	0	3697	0	1	3687M
SRR5467090_NODE_763_length_3758_cov_70.681069	SRR7976301_k141_11503	6514	0.992	0.000E+00	3700	0	3758	828	4529	4551	3757	0	0	1	3322M1D379M
SRR5467090_NODE_763_length_3758_cov_70.681069	SRR7976310_k141_33021	6491	0.992	0.000E+00	3694	0	3758	304	3998	4000	3757	0	0	1	6M1I3309M1D379M
SRR6960549_NODE_53_length_4420_cov_10.256357	SRR6960549_k141_18137	7897	1.00	0.000E+00	4413	7	4420	0	4406	4407	4419	0	0	2	4407M
SRR6960551_NODE_764_length_3482_cov_29.062153	SRR6960797_k141_38931	6157	0.994	0.000E+00	1	3481	3482	0	3480	3482	0	3481	0	1	3481M
SRR7976300_NODE_1744_length_3395_cov_12.125150	SRR7976300_k141_16200	5996	1.00	0.000E+00	0	3345	3395	0	3345	3346	0	3394	0	1	3346M
SRR7687334_NODE_1393_length_3660_cov_1010.758669	SRR7687334_k141_31193	6234	0.999	0.000E+00	125	3605	3660	26	3506	3524	0	3659	0	1	3481M
SRR6960799_NODE_649_length_4013_cov_12.371652	SRR6960799_k141_20589	7173	1.00	0.000E+00	4011	9	4013	0	4002	4003	4012	0	0	1	4003M
SRR6960799_NODE_1091_length_3398_cov_4.024828	SRR7976325_k141_50920	6026	0.997	0.000E+00	3397	18	3398	74	3453	3456	3397	0	0	1	3380M
SRR7976326_NODE_138_length_3923_cov_10.782316	SRR7976326_k141_13959	6982	0.999	0.000E+00	24	3922	3923	0	3898	3899	0	3922	0	1	3899M
SRR6960802_NODE_1177_length_3981_cov_8.792155	SRR7976323_k141_37060	6996	1.00	0.000E+00	3978	75	3981	0	3903	3904	3980	0	0	1	3904M
SRR6960803_NODE_2563_length_3734_cov_15.070400	SRR7976357_k141_15755	6661	0.999	0.000E+00	10	3731	3734	0	3721	3722	0	3733	0	301	3722M
SRR6960799_NODE_778_length_3779_cov_6.191998	SRR7976325_k141_22650	6730	0.999	0.000E+00	4	3766	3779	0	3762	3763	0	3778	0	1	3763M
SRR7976357_NODE_2206_length_3727_cov_8.842865	SRR7976357_k141_58452	6669	0.999	0.000E+00	0	3723	3727	0	3723	3724	0	3726	0	1	3724M
SRR7976325_NODE_290_length_3845_cov_5.316359	SRR7976325_k141_991	6839	0.999	0.000E+00	24	3842	3845	0	3818	3819	0	3844	0	1	3819M
SRR6050738_NODE_71_length_4262_cov_45.052769	SRR5208572_k141_14676	7590	0.998	0.000E+00	4252	0	4262	0	4252	4309	4261	0	0	1	4253M
SRR6960507_NODE_1557_length_3798_cov_67.290676	SRR6960507_k141_60564	6793	1.00	0.000E+00	1	3791	3798	0	3790	3791	0	3797	0	1	3791M
SRR5466337_NODE_823_length_4144_cov_59.227929	SRR5466337_k141_23779	7371	0.997	0.000E+00	8	4143	4144	0	4135	4136	0	4143	0	1	4136M
SRR5466337_NODE_823_length_4144_cov_59.227929	SRR5466369_k141_105454	6862	0.996	0.000E+00	3863	0	4144	58	3921	3940	4143	0	0	1	3864M
SRR5466337_NODE_823_length_4144_cov_59.227929	SRR6255402_k141_28300	6857	0.996	0.000E+00	4	3862	4144	0	3858	3903	0	4143	0	1	3859M
SRR5466337_NODE_823_length_4144_cov_59.227929	SRR6254351_k141_40121	6826	0.995	0.000E+00	9	3862	4144	0	3853	3932	0	4143	0	1	3854M
SRR5466729_NODE_1306_length_3826_cov_25.051976	SRR6255746_k141_1054	6771	0.999	0.000E+00	3823	38	3826	0	3785	3786	3825	0	0	4	3786M
SRR5467091_NODE_1050_length_3846_cov_18.587444	SRR5467091_k141_67650	6879	0.999	0.000E+00	3845	0	3846	0	3845	3846	3845	0	0	1	3846M
SRR6960799_NODE_520_length_4334_cov_16.441225	SRR6960799_k141_37579	7745	1.00	0.000E+00	11	4332	4334	0	4321	4322	0	4333	0	1	4322M
SRR6960799_NODE_901_length_3621_cov_11.812956	SRR6960799_k141_15736	6476	1.00	0.000E+00	0	3613	3621	0	3613	3614	0	3620	0	1	3614M
SRR7976323_NODE_1330_length_4508_cov_5.848192	SRR7976323_k141_51982	8057	1.00	0.000E+00	4	4499	4508	0	4495	4496	0	4507	0	1	4496M
SRR5467139_NODE_128_length_3784_cov_22.861625	SRR5467139_k141_26183	6763	0.998	0.000E+00	0	3783	3784	0	3783	3784	0	3783	0	1	3784M
SRR5466338_NODE_2155_length_3856_cov_379.217311	SRR5466338_k141_74943	6586	0.999	0.000E+00	3855	176	3856	0	3679	3680	3855	0	0	1	3680M
SRR5466725_NODE_1810_length_4359_cov_75.370818	SRR5466725_k141_29163	7799	0.999	0.000E+00	0	4354	4359	0	4354	4355	0	4358	0	1	4355M
SRR5466725_NODE_1810_length_4359_cov_75.370818	SRR5466729_k141_24804	7715	0.999	0.000E+00	4308	1	4359	0	4307	4453	4358	0	0	1	4308M
SRR5467090_NODE_583_length_4171_cov_10.079932	SRR5467091_k141_77603	5220	0.999	0.000E+00	1255	4169	4171	1210	4124	4143	0	4170	0	2	2915M
SRR6253161_NODE_1220_length_3903_cov_11.055613	SRR6253161_k141_60417	6992	1.00	0.000E+00	3902	1	3903	0	3901	3902	3902	0	0	1	3902M
SRR5466725_NODE_2066_length_4106_cov_603.948408	SRR5466725_k141_100399	7340	1.00	0.000E+00	4095	0	4106	0	4095	4141	4105	0	0	1	4096M
SRR5466725_NODE_2066_length_4106_cov_603.948408	SRR6255733_k141_1932	7210	0.999	0.000E+00	80	4105	4106	80	4105	4107	0	4105	0	1	4026M
SRR5466728_NODE_398_length_4555_cov_160.300667	SRR5466728_k141_50028	8150	1.00	0.000E+00	4551	4	4555	0	4547	4548	4554	0	0	2	4548M
SRR5466728_NODE_398_length_4555_cov_160.300667	SRR5467091_k141_81572	6784	0.999	0.000E+00	3793	1	4555	60	3852	3853	4554	0	0	2	3793M
SRR5467090_NODE_731_length_3824_cov_14.070045	SRR5467090_k141_4116	6853	1.00	0.000E+00	3823	0	3824	0	3823	3824	3823	0	0	2	3824M
SRR6254353_NODE_909_length_4047_cov_11.011774	SRR6254353_k141_70744	7252	1.00	0.000E+00	4046	0	4047	0	4046	4047	4046	0	0	1	4047M
SRR6960509_NODE_2416_length_3506_cov_662.004347	SRR6960509_k141_51815	6260	0.998	0.000E+00	0	3505	3506	0	3505	3937	0	3505	0	1	3506M
SRR6960509_NODE_2416_length_3506_cov_662.004347	SRR6960551_k141_58294	6244	0.998	0.000E+00	3505	4	3506	930	4431	4432	3505	0	0	1	3502M
SRR7976300_NODE_1561_length_3559_cov_9.446918	SRR7976300_k141_11822	6368	0.999	0.000E+00	3555	0	3559	0	3555	3556	3558	0	0	2	3556M
SRR7976310_NODE_1024_length_3420_cov_10.773848	SRR7976310_k141_70985	6092	0.998	0.000E+00	3418	7	3420	0	3411	3412	3419	0	0	1	3412M
SRR6960799_NODE_620_length_4070_cov_214.635616	SRR6960799_k141_12111	7293	1.00	0.000E+00	0	4069	4070	0	4069	4148	0	4069	0	1	4070M
SRR6960799_NODE_985_length_3536_cov_20.851479	SRR6960799_k141_106116	6333	1.00	0.000E+00	3535	2	3536	0	3533	3534	3535	0	0	1	3534M
SRR7976357_NODE_2295_length_3653_cov_278.172318	SRR7976357_k141_3933	6531	0.999	0.000E+00	3651	0	3653	0	3651	3652	3652	0	0	301	3652M
SRR7976325_NODE_308_length_3782_cov_10.706735	SRR7976325_k141_15024	6777	1.00	0.000E+00	0	3781	3782	0	3781	3782	0	3781	0	1	3782M
SRR6050738_NODE_88_length_4015_cov_9.190152	SRR6050738_k141_9003	7135	0.996	0.000E+00	4013	0	4015	0	4013	4014	4014	0	0	1	4014M
SRR6960507_NODE_1710_length_3663_cov_34.662694	SRR6960507_k141_64340	6555	0.999	0.000E+00	3662	0	3663	0	3662	3663	3662	0	0	1	3663M
SRR5466337_NODE_957_length_3941_cov_9.274833	SRR5466365_k141_76517	6997	0.998	0.000E+00	3917	1	3941	0	3916	3976	3940	0	0	1	3917M
SRR5466725_NODE_2857_length_3494_cov_10.575167	SRR5466725_k141_6649	6250	0.999	0.000E+00	3491	2	3494	0	3489	3490	3493	0	0	1	3490M
SRR5466729_NODE_1392_length_3730_cov_106.350748	SRR7976301_k141_11503	6511	0.994	0.000E+00	47	3727	3730	870	4550	4551	0	3729	0	1	3681M
SRR5466729_NODE_1392_length_3730_cov_106.350748	SRR7976310_k141_33021	6471	0.994	0.000E+00	47	3707	3730	339	3999	4000	0	3729	0	1	3661M
SRR5467091_NODE_1145_length_3708_cov_14.630714	SRR5467091_k141_11888	6640	0.999	0.000E+00	3707	0	3708	0	3707	3708	3707	0	0	2	3708M
SRR6255733_NODE_966_length_3542_cov_144.350731	SRR6255733_k141_26739	6226	0.998	0.000E+00	3541	55	3542	0	3486	3552	3541	0	0	1	3487M
SRR6960551_NODE_580_length_3878_cov_724.719592	SRR6960551_k141_21578	6949	1.00	0.000E+00	3877	0	3878	520	4397	4398	3877	0	0	1	3878M
SRR5467139_NODE_125_length_3810_cov_106.484687	SRR7473382_k141_51265	6728	0.999	0.000E+00	13	3774	3810	240	4001	4002	0	3809	0	1	3762M
SRR5466338_NODE_1946_length_4074_cov_96.326201	SRR5466338_k141_3607	7275	1.00	0.000E+00	14	4073	4074	0	4059	4124	0	4073	0	1	4060M
SRR5466338_NODE_1946_length_4074_cov_96.326201	SRR6253161_k141_39154	7200	1.00	0.000E+00	0	4017	4074	0	4017	8334	0	4073	0	1	4018M
SRR5466338_NODE_1946_length_4074_cov_96.326201	SRR5466369_k141_49057	7184	1.00	0.000E+00	7	4015	4074	0	4008	4066	0	4073	0	1	4009M
SRR5466338_NODE_1946_length_4074_cov_96.326201	SRR5466365_k141_25	7179	1.00	0.000E+00	14	4019	4074	0	4005	4151	0	4073	0	1	4006M
SRR5466338_NODE_1946_length_4074_cov_96.326201	SRR6255402_k141_13499	7179	1.00	0.000E+00	14	4019	4074	0	4005	4779	0	4073	0	1	4006M
SRR5466338_NODE_1946_length_4074_cov_96.326201	SRR5466366_k141_40490	7170	1.00	0.000E+00	14	4014	4074	0	4000	4080	0	4073	0	1	4001M
SRR5466723_NODE_806_length_3637_cov_50.740648	SRR5466723_k141_9179	6501	0.999	0.000E+00	3632	0	3637	0	3632	3704	3636	0	0	6	3633M
SRR5466727_NODE_1467_length_3845_cov_173.097625	SRR5466727_k141_71588	6886	0.999	0.000E+00	0	3844	3845	0	3844	3845	0	3844	0	1	3845M
SRR5467090_NODE_533_length_4327_cov_8.607912	SRR5467090_k141_49933	7730	0.999	0.000E+00	4326	8	4327	0	4318	4319	4326	0	0	1	4319M
SRR6253161_NODE_1047_length_4115_cov_16.709606	SRR6253161_k141_41474	7365	1.00	0.000E+00	4112	3	4115	0	4109	4110	4114	0	0	1	4110M
SRR6960509_NODE_1568_length_4222_cov_56.208303	SRR6960509_k141_45420	7560	1.00	0.000E+00	4221	3	4222	0	4218	4219	4221	0	0	1	4219M
SRR6960551_NODE_632_length_3737_cov_8.989680	SRR6960551_k141_40029	6661	0.997	0.000E+00	0	3736	3737	0	3736	3737	0	3736	0	1	3737M
SRR7976300_NODE_874_length_4513_cov_28.319874	SRR7976300_k141_45019	8068	0.999	0.000E+00	4512	8	4513	0	4504	4505	4512	0	0	1	4505M
SRR7976310_NODE_752_length_3885_cov_97.411488	SRR7976310_k141_50396	6962	1.00	0.000E+00	3884	0	3885	289	4173	4174	3884	0	0	1	3885M
SRR6960509_NODE_1593_length_4196_cov_20.537310	SRR6960551_k141_80417	7483	0.998	0.000E+00	4195	0	4196	0	4195	4196	4195	0	0	1	4196M
SRR6960551_NODE_661_length_3691_cov_9.254675	SRR6960551_k141_22051	6552	1.00	0.000E+00	18	3673	3691	0	3655	3656	0	3690	0	1	3656M
SRR7976300_NODE_941_length_4378_cov_14.798982	SRR7976300_k141_60415	7842	1.00	0.000E+00	4377	2	4378	0	4375	4376	4377	0	0	1	4376M
SRR7976310_NODE_777_length_3827_cov_81.137063	SRR7976310_k141_19259	6835	0.999	0.000E+00	0	3818	3827	0	3818	3819	0	3826	0	1	3819M
SRR6960799_NODE_566_length_4194_cov_4.776516	SRR6960799_k141_32346	7492	1.00	0.000E+00	10	4190	4194	0	4180	4181	0	4193	0	1	4181M
SRR6960799_NODE_927_length_3595_cov_10.841808	SRR6960799_k141_15981	6411	0.998	0.000E+00	3594	0	3595	0	3594	3595	3594	0	0	1	3595M
SRR7976323_NODE_1608_length_4164_cov_22.730835	SRR6960802_k141_19206	7340	0.994	0.000E+00	4163	7	4164	67	4224	4321	4163	0	0	1	4148M1D9M
SRR7976325_NODE_363_length_3646_cov_18.747424	SRR7976325_k141_13953	6515	0.999	0.000E+00	0	3642	3646	0	3642	3643	0	3645	0	1	3643M
SRR5467139_NODE_136_length_3679_cov_16.360375	SRR5467139_k141_26187	6579	0.999	0.000E+00	0	3678	3679	0	3678	3679	0	3678	0	1	3679M
SRR5466338_NODE_2505_length_3543_cov_32.222190	SRR5466338_k141_47000	6309	0.997	0.000E+00	0	3542	3543	197	3739	3740	0	3542	0	1	3543M
SRR5466338_NODE_2505_length_3543_cov_32.222190	SRR5466364_k141_57323	6217	0.999	0.000E+00	3530	54	3543	0	3476	3650	3542	0	0	1	3477M
SRR7976325_NODE_202_length_4216_cov_5.557558	SRR6960799_k141_59247	7524	0.999	0.000E+00	15	4215	4216	0	4200	4206	0	4215	0	2	4201M
SRR6960802_NODE_1320_length_3800_cov_22.550067	SRR6960802_k141_20594	6725	1.00	0.000E+00	3799	47	3800	0	3752	3753	3799	0	0	1	3753M
SRR6050716_NODE_28_length_3506_cov_152.378441	SRR5208575_k141_7997	6168	0.999	0.000E+00	1	3447	3506	28	3474	3475	0	3505	0	1	3447M
SRR5466366_NODE_1455_length_4383_cov_58.046673	SRR5466338_k141_55708	7548	1.00	0.000E+00	0	4211	4383	246	4457	4532	0	4382	0	1	4212M
SRR5466366_NODE_1455_length_4383_cov_58.046673	SRR6254353_k141_18183	7545	0.999	0.000E+00	4212	0	4383	108	4320	4325	4382	0	0	1	4213M
SRR5466366_NODE_1455_length_4383_cov_58.046673	SRR6254893_k141_22990	7541	0.999	0.000E+00	4212	0	4383	54	4266	4341	4382	0	0	1	4213M
SRR5466366_NODE_1455_length_4383_cov_58.046673	SRR5467090_k141_31441	7541	0.999	0.000E+00	4212	0	4383	98	4310	4663	4382	0	0	1	4213M
SRR5466366_NODE_1455_length_4383_cov_58.046673	SRR5467091_k141_79590	7464	0.999	0.000E+00	39	4211	4383	96	4268	4357	0	4382	0	1	4173M
SRR5466725_NODE_2332_length_3892_cov_45.417253	SRR5466729_k141_46725	6953	0.999	0.000E+00	2	3886	3892	0	3884	3885	0	3891	0	5	3885M
SRR5466728_NODE_670_length_3741_cov_102.818231	SRR5467091_k141_53360	6561	0.991	0.000E+00	3738	0	3741	374	4112	4114	3740	0	0	1	3739M
SRR5467091_NODE_757_length_4407_cov_15.696002	SRR5467091_k141_65071	7866	0.999	0.000E+00	4405	9	4407	0	4396	4397	4406	0	0	1	4397M
SRR6255402_NODE_694_length_3928_cov_22.376452	SRR6255402_k141_28300	6945	0.997	0.000E+00	25	3927	3928	0	3902	3903	0	3927	0	1	3903M
SRR6255402_NODE_694_length_3928_cov_22.376452	SRR5466369_k141_105454	6896	0.996	0.000E+00	3885	3	3928	57	3939	3940	3927	0	0	1	3883M
SRR6255402_NODE_694_length_3928_cov_22.376452	SRR6254351_k141_40121	6853	0.996	0.000E+00	30	3883	3928	0	3853	3932	0	3927	0	1	3854M
SRR6255402_NODE_694_length_3928_cov_22.376452	SRR5466337_k141_23779	6841	0.996	0.000E+00	29	3883	3928	0	3854	4136	0	3927	0	1	3855M
SRR6960549_NODE_101_length_3873_cov_65.058408	SRR6960549_k141_15383	6673	1.00	0.000E+00	3723	0	3873	0	3723	3724	3872	0	0	4	3724M
SRR6960797_NODE_432_length_4214_cov_368.836740	SRR6960551_k141_36771	7531	0.999	0.000E+00	0	4206	4214	2	4207	4208	0	4213	0	-953632896	2606M1I1600M
SRR6960797_NODE_432_length_4214_cov_368.836740	SRR6960509_k141_122811	7332	0.999	0.000E+00	4094	1	4214	330	4423	4424	4213	0	0	-953632896	4094M
SRR7976356_NODE_2265_length_3437_cov_7.627735	SRR7976356_k141_960	6154	1.00	0.000E+00	3434	1	3437	0	3433	3434	3436	0	0	301	3434M
SRR6960507_NODE_1551_length_3806_cov_449.664623	SRR6960507_k141_90808	6720	1.00	0.000E+00	3805	56	3806	0	3749	3829	3805	0	0	1	3750M
SRR6960507_NODE_1551_length_3806_cov_449.664623	SRR7976295_k141_9071	6622	0.999	0.000E+00	53	3750	3806	7	3704	3788	0	3805	0	1	3698M
SRR5466337_NODE_743_length_4297_cov_5.347949	SRR5466365_k141_36451	7606	0.998	0.000E+00	0	4256	4297	69	4325	4326	0	4296	0	2	4257M
SRR5466337_NODE_743_length_4297_cov_5.347949	SRR5466364_k141_64533	5027	0.998	0.000E+00	4296	1481	4297	11	2827	4375	4296	0	0	2	2788M1D28M
SRR5466725_NODE_2753_length_3569_cov_23.750711	SRR5466725_k141_88082	6382	0.999	0.000E+00	3568	0	3569	0	3568	3569	3568	0	0	2	3569M
SRR5467091_NODE_1048_length_3846_cov_76.328673	SRR5467091_k141_81572	6888	0.999	0.000E+00	0	3845	3846	7	3852	3853	0	3845	0	1	3846M
SRR5467091_NODE_1048_length_3846_cov_76.328673	SRR5466728_k141_50028	6783	0.999	0.000E+00	53	3842	3846	758	4547	4548	0	3845	0	1	3790M
SRR6255733_NODE_720_length_4076_cov_493.013181	SRR6255733_k141_14949	6905	0.999	0.000E+00	220	4075	4076	133	3988	3989	0	4075	0	2	3856M
SRR6255733_NODE_720_length_4076_cov_493.013181	SRR5466729_k141_61523	6474	0.999	0.000E+00	218	3832	4076	159	3773	3865	0	4075	0	2	3615M
SRR6255733_NODE_720_length_4076_cov_493.013181	SRR5466723_k141_33629	6468	0.999	0.000E+00	3833	222	4076	185	3796	4014	4075	0	0	2	3612M
SRR6960551_NODE_527_length_4040_cov_644.404768	SRR6960551_k141_62068	7228	0.999	0.000E+00	0	4035	4040	0	4035	4036	0	4039	0	3	4036M
SRR6960551_NODE_527_length_4040_cov_644.404768	SRR6960509_k141_107721	7150	0.997	0.000E+00	4027	8	4040	15	4034	4039	4039	0	0	3	4020M
SRR7976299_NODE_78_length_4061_cov_51.700949	SRR7976299_k141_17787	7258	1.00	0.000E+00	10	4059	4061	0	4049	4050	0	4060	0	2	4050M
SRR7976301_NODE_944_length_3660_cov_61.760055	SRR7976301_k141_30412	6557	1.00	0.000E+00	0	3658	3660	0	3658	3659	0	3659	0	1	3659M
SRR7976300_NODE_1365_length_3777_cov_66.226491	SRR6960507_k141_5072	6653	0.998	0.000E+00	3735	6	3777	0	3729	3730	3776	0	0	1	3730M
SRR7976300_NODE_1365_length_3777_cov_66.226491	SRR7976300_k141_30321	6441	0.996	0.000E+00	63	3684	3777	208	3829	3830	0	3776	0	1	3622M
SRR7976310_NODE_795_length_3796_cov_78.740978	SRR7976301_k141_24209	6801	1.00	0.000E+00	1	3795	3796	0	3794	3795	0	3795	0	2	3795M
SRR6960799_NODE_579_length_4159_cov_22.335039	SRR6960799_k141_15337	7335	0.999	0.000E+00	4095	0	4159	0	4095	4096	4158	0	0	1	4096M
SRR7976323_NODE_2000_length_3790_cov_1061.116734	SRR7976324_k141_44601	6657	0.998	0.000E+00	3782	58	3790	0	3724	3815	3789	0	0	1	3725M
SRR7976323_NODE_2000_length_3790_cov_1061.116734	SRR6960802_k141_1623	6535	0.998	0.000E+00	3778	116	3790	1089	4752	5929	3789	0	0	1	5M1D3658M
SRR7976325_NODE_395_length_3570_cov_8.675107	SRR7976325_k141_34576	6353	1.00	0.000E+00	0	3544	3570	0	3544	3545	0	3569	0	2	3545M
SRR5467139_NODE_147_length_3607_cov_10.762669	SRR6050738_k141_1958	6413	0.998	0.000E+00	3590	0	3607	0	3590	3592	3606	0	0	1	3591M
SRR5466364_NODE_1169_length_4377_cov_13.318602	SRR5466364_k141_10329	7818	1.00	0.000E+00	4362	0	4377	0	4362	4363	4376	0	0	1	4363M
SRR5466727_NODE_1569_length_3729_cov_21.340773	SRR5466727_k141_58486	6660	0.998	0.000E+00	0	3728	3729	162	3890	3891	0	3728	0	1	3729M
SRR5466729_NODE_1100_length_4085_cov_180.582630	SRR5466729_k141_9515	7316	0.999	0.000E+00	0	4084	4085	0	4084	4085	0	4084	0	301	4085M
SRR5467091_NODE_1037_length_3870_cov_11.642202	SRR5467091_k141_26185	6925	0.999	0.000E+00	3866	0	3870	0	3866	3867	3869	0	0	1	3867M
SRR6255733_NODE_702_length_4128_cov_9.645470	SRR6255733_k141_37656	7379	0.999	0.000E+00	0	4127	4128	0	4127	4128	0	4127	0	1	4128M
SRR6960551_NODE_502_length_4120_cov_625.932595	SRR6960551_k141_33688	7309	0.996	0.000E+00	4119	0	4120	0	4120	4150	4119	0	0	1	3775M1D345M
SRR6960551_NODE_502_length_4120_cov_625.932595	SRR5467091_k141_7043	7086	0.990	0.000E+00	53	4106	4120	3	4056	4061	0	4119	0	1	4054M
SRR7976299_NODE_76_length_4073_cov_11.004978	SRR7976299_k141_3810	7245	1.00	0.000E+00	4042	0	4073	0	4042	4043	4072	0	0	2	4043M
SRR7976301_NODE_851_length_3831_cov_12.051642	SRR7976310_k141_68980	6811	0.997	0.000E+00	10	3830	3831	0	3820	3822	0	3830	0	1	3821M
SRR6960803_NODE_2517_length_3763_cov_11.456850	SRR6960803_k141_61611	6735	0.999	0.000E+00	3760	0	3763	0	3760	3761	3762	0	0	1	3761M
SRR7976357_NODE_2157_length_3762_cov_7.384947	SRR7976357_k141_18718	6716	0.999	0.000E+00	3758	4	3762	0	3754	3755	3761	0	0	1	3755M
SRR7976325_NODE_283_length_3859_cov_11.004206	SRR7976325_k141_15905	6860	0.999	0.000E+00	0	3832	3859	0	3832	3833	0	3858	0	1	3833M
SRR7976326_NODE_102_length_4264_cov_44.779045	SRR7976325_k141_27138	6860	1.00	0.000E+00	0	3827	4264	0	3827	4048	0	4263	0	1	3828M
SRR7976325_NODE_473_length_3335_cov_4.850305	SRR7976325_k141_28131	5940	0.999	0.000E+00	9	3331	3335	0	3323	3324	0	3334	0	1	1171M1D2152M
SRR6050528_NODE_179_length_3415_cov_16.841667	SRR5467137_k141_286	6094	0.999	0.000E+00	6	3413	3415	0	3407	3508	0	3414	0	1	3408M
SRR5466365_NODE_658_length_4790_cov_8.256811	SRR5466365_k141_76870	8560	1.00	0.000E+00	4776	0	4790	0	4776	4777	4789	0	0	1	4777M
SRR5466725_NODE_2085_length_4095_cov_11.538119	SRR5466725_k141_26651	7306	1.00	0.000E+00	4094	18	4095	0	4076	4077	4094	0	0	1	4077M
SRR5466728_NODE_554_length_4032_cov_38.062861	SRR5466728_k141_20356	7198	0.998	0.000E+00	4031	0	4032	163	4194	4195	4031	0	0	1	4032M
SRR5467090_NODE_736_length_3812_cov_18.244078	SRR5467090_k141_36658	6826	1.00	0.000E+00	3	3811	3812	0	3808	3809	0	3811	0	1	3809M
SRR6254353_NODE_1209_length_3615_cov_19.494663	SRR6253161_k141_35232	6463	0.999	0.000E+00	3608	0	3615	0	3608	3609	3614	0	0	1	3609M
SRR6960549_NODE_46_length_4582_cov_20.808924	SRR7976299_k141_23573	8054	0.997	0.000E+00	21	4548	4582	0	4528	4529	0	4581	0	1	2215M1D2313M
SRR6960551_NODE_759_length_3499_cov_10.450058	SRR6960551_k141_55029	6231	1.00	0.000E+00	3496	20	3499	0	3476	3477	3498	0	0	1	3477M
SRR6255733_NODE_835_length_3803_cov_48.803362	SRR5466725_k141_46128	6718	1.00	0.000E+00	0	3748	3803	2	3750	3969	0	3802	0	301	3749M
SRR6960551_NODE_553_length_3962_cov_7.526235	SRR6960551_k141_73613	7016	1.00	0.000E+00	0	3914	3962	0	3914	3915	0	3961	0	1	3915M
SRR7976299_NODE_83_length_4009_cov_16.055387	SRR7976299_k141_21962	7094	0.999	0.000E+00	0	3965	4009	0	3965	3966	0	4008	0	1	3966M
SRR7976301_NODE_1078_length_3452_cov_109.188107	SRR7976310_k141_63865	6154	0.998	0.000E+00	0	3448	3452	1	3449	3454	0	3451	0	1	3449M
SRR6960803_NODE_2573_length_3727_cov_7.635893	SRR7976357_k141_62750	6645	0.998	0.000E+00	9	3726	3727	0	3717	3727	0	3726	0	1	3718M
SRR6960799_NODE_782_length_3777_cov_15.839065	SRR7976325_k141_54772	6596	0.991	0.000E+00	3762	0	3777	0	3762	3796	3776	0	0	1	3763M
SRR7976325_NODE_301_length_3809_cov_24.059936	SRR7976325_k141_42843	6793	0.998	0.000E+00	3808	8	3809	0	3800	3801	3808	0	0	1	3801M
SRR6050738_NODE_86_length_4027_cov_37.475831	SRR6050738_k141_19708	7109	0.997	0.000E+00	35	4026	4027	0	3991	3992	0	4026	0	1	3992M
SRR6050738_NODE_86_length_4027_cov_37.475831	SRR5208574_k141_11339	7096	0.994	0.000E+00	4020	1	4027	0	4019	4020	4026	0	0	1	4020M
SRR6960507_NODE_1609_length_3757_cov_7.667747	SRR6960507_k141_19734	6691	1.00	0.000E+00	23	3756	3757	0	3733	3734	0	3756	0	2	3734M
SRR6050738_NODE_101_length_3915_cov_21.583161	SRR6050738_k141_35772	7000	0.999	0.000E+00	3913	0	3915	0	3913	3914	3914	0	0	1	3914M
SRR6960507_NODE_1791_length_3606_cov_20.511687	SRR6960507_k141_52382	6431	0.998	0.000E+00	3605	0	3606	84	3689	3690	3605	0	0	1	3606M
SRR5466337_NODE_1441_length_3392_cov_151.409949	SRR5466337_k141_37572	6039	0.997	0.000E+00	3391	1	3392	64	3451	3452	3391	0	0	1	3301M3I87M
SRR5466337_NODE_1441_length_3392_cov_151.409949	SRR6255521_k141_23032	5950	0.997	0.000E+00	3338	0	3392	344	3680	3682	3391	0	0	1	3244M2I93M
SRR5466337_NODE_1441_length_3392_cov_151.409949	SRR6255402_k141_888	5904	0.997	0.000E+00	3316	1	3392	316	3629	3630	3391	0	0	1	3222M2I92M
SRR5466337_NODE_1441_length_3392_cov_151.409949	SRR6049586_k141_6284	5830	0.993	0.000E+00	29	3337	3392	137	3441	3450	0	3391	0	1	28M1I27M4I6M1D3243M
SRR5466337_NODE_1441_length_3392_cov_151.409949	SRR6255513_k141_14127	5777	0.994	0.000E+00	3272	1	3392	174	3442	3443	3391	0	0	1	3182M3I87M
SRR5466727_NODE_1121_length_4355_cov_15.443488	SRR5466725_k141_32958	7748	0.997	0.000E+00	4	4352	4355	0	4348	4349	0	4354	0	5	4349M
SRR5467091_NODE_1260_length_3570_cov_90.312945	SRR5467091_k141_11050	6389	0.999	0.000E+00	3569	0	3570	0	3569	3570	3569	0	0	1	3570M
SRR6255746_NODE_660_length_4095_cov_96.140099	SRR6255733_k141_1727	7332	0.999	0.000E+00	1	4094	4095	0	4093	4094	0	4094	0	1	4094M
SRR6255746_NODE_660_length_4095_cov_96.140099	SRR7976310_k141_15385	7160	0.996	0.000E+00	67	4094	4095	785	4812	4814	0	4094	0	1	4028M
SRR6960551_NODE_602_length_3807_cov_7.650586	SRR6960551_k141_45411	6725	0.998	0.000E+00	0	3770	3807	0	3771	3772	0	3806	0	2	103M1D3668M
SRR7976299_NODE_112_length_3766_cov_184.583401	SRR7976299_k141_8599	6749	1.00	0.000E+00	3765	0	3766	0	3765	3766	3765	0	0	1	3766M
SRR7976310_NODE_637_length_4155_cov_16.578293	SRR7976310_k141_68958	7416	0.999	0.000E+00	2	4142	4155	0	4140	4141	0	4154	0	1	4141M
SRR5466729_NODE_1474_length_3663_cov_7.833980	SRR5466729_k141_28787	6536	0.999	0.000E+00	3650	1	3663	0	3649	3650	3662	0	0	301	3650M
SRR6255746_NODE_481_length_4807_cov_190.359638	SRR6255733_k141_23526	8593	0.999	0.000E+00	3	4800	4807	137	4934	4935	0	4806	0	1	4798M
SRR6960551_NODE_587_length_3851_cov_15.132508	SRR6960551_k141_6601	6881	0.998	0.000E+00	3849	0	3851	0	3849	3850	3850	0	0	1	3850M
SRR7976299_NODE_109_length_3774_cov_485.389352	SRR6960549_k141_11616	6615	0.998	0.000E+00	3740	32	3774	12	3720	3846	3773	0	0	1	3709M
SRR7976310_NODE_503_length_4535_cov_18.128795	SRR7976301_k141_84605	8055	0.998	0.000E+00	23	4532	4535	0	4509	4510	0	4534	0	1	4510M
SRR6960799_NODE_834_length_3716_cov_8.385141	SRR6960799_k141_118211	6610	0.999	0.000E+00	3690	0	3716	0	3690	3691	3715	0	0	1	3691M
SRR7976325_NODE_315_length_3764_cov_15.192774	SRR7976325_k141_64980	6732	0.999	0.000E+00	3763	0	3764	0	3763	3764	3763	0	0	1	3764M
SRR5467091_NODE_850_length_4194_cov_18.646291	SRR5467091_k141_46778	7493	0.999	0.000E+00	4193	5	4194	0	4188	4189	4193	0	0	1	4189M
SRR6255402_NODE_905_length_3366_cov_103.943522	SRR6255402_k141_888	5996	0.997	0.000E+00	0	3364	3366	267	3629	3630	0	3365	0	1	3271M2I92M
SRR6255402_NODE_905_length_3366_cov_103.943522	SRR6255521_k141_23032	5901	0.997	0.000E+00	49	3365	3366	366	3680	3682	0	3365	0	1	3222M2I93M
SRR6255402_NODE_905_length_3366_cov_103.943522	SRR5466337_k141_37572	5891	0.996	0.000E+00	49	3364	3366	139	3451	3452	0	3365	0	1	3226M3I87M
SRR6255402_NODE_905_length_3366_cov_103.943522	SRR6049586_k141_6284	5790	0.993	0.000E+00	3336	50	3366	137	3419	3450	3365	0	0	1	28M1I27M4I6M1D3221M
SRR6255402_NODE_905_length_3366_cov_103.943522	SRR6255513_k141_14127	5781	0.994	0.000E+00	93	3364	3366	174	3442	3443	0	3365	0	1	3182M3I87M
SRR6960797_NODE_443_length_4185_cov_97.620097	SRR6960797_k141_50452	7429	1.00	0.000E+00	4184	39	4185	0	4145	4146	4184	0	0	5	4146M
SRR7976301_NODE_647_length_4228_cov_23.422717	SRR7976310_k141_58466	7539	1.00	0.000E+00	21	4227	4228	0	4206	4210	0	4227	0	1	4207M
SRR5995670_NODE_296_length_3668_cov_84.316634	SRR5995670_k141_41644	6538	0.999	0.000E+00	0	3650	3668	0	3650	3730	0	3667	0	1	3651M
SRR6960799_NODE_696_length_3912_cov_461.038890	SRR7976325_k141_55065	6960	0.999	0.000E+00	3900	12	3912	34	3922	3923	3911	0	0	1	3889M
SRR7976324_NODE_494_length_3574_cov_39.096903	SRR7976324_k141_12864	6400	0.999	0.000E+00	3573	0	3574	24	3597	3598	3573	0	0	1	3574M
SRR7976324_NODE_494_length_3574_cov_39.096903	SRR6960802_k141_39625	6219	0.999	0.000E+00	3520	48	3574	21	3493	3633	3573	0	0	1	3473M
SRR6960802_NODE_1589_length_3509_cov_49.581065	SRR7976323_k141_84413	6281	1.00	0.000E+00	3508	4	3509	0	3504	3505	3508	0	0	2	3505M
SRR7976299_NODE_75_length_4110_cov_61.206165	SRR7976299_k141_1552	7363	1.00	0.000E+00	0	4108	4110	83	4191	4192	0	4109	0	301	4109M
SRR7976301_NODE_841_length_3850_cov_439.519631	SRR7976301_k141_33928	6841	0.999	0.000E+00	0	3819	3850	0	3819	3820	0	3849	0	1	3820M
SRR7976301_NODE_841_length_3850_cov_439.519631	SRR7976310_k141_20899	6587	0.999	0.000E+00	7	3684	3850	102	3779	4113	0	3849	0	1	3678M
SRR6960803_NODE_2476_length_3792_cov_180.473910	SRR6960803_k141_29189	6786	1.00	0.000E+00	3786	0	3792	0	3786	4252	3791	0	0	2	3787M
SRR6960803_NODE_2476_length_3792_cov_180.473910	SRR7976356_k141_38415	6687	0.999	0.000E+00	3786	53	3792	0	3733	3885	3791	0	0	2	3734M
SRR6960799_NODE_758_length_3819_cov_7.545962	SRR7976325_k141_44492	6744	0.999	0.000E+00	7	3772	3819	0	3765	3772	0	3818	0	2	3766M
SRR7976357_NODE_2079_length_3827_cov_17.130170	SRR7976357_k141_78294	6704	0.991	0.000E+00	3826	0	3827	63	3890	3891	3826	0	0	1	1409M1D2418M
SRR7976357_NODE_2079_length_3827_cov_17.130170	SRR6960803_k141_70047	6639	0.992	0.000E+00	3774	0	3827	31	3805	3806	3826	0	0	1	3775M
SRR7976356_NODE_2170_length_3509_cov_30.216271	SRR7976357_k141_32901	6276	1.00	0.000E+00	3508	7	3509	1	3502	3503	3508	0	0	2	3502M
SRR5466337_NODE_551_length_4774_cov_58.392456	SRR5467090_k141_31441	7693	0.999	0.000E+00	4773	476	4774	11	4308	4663	4773	0	0	1	4298M
SRR5466337_NODE_551_length_4774_cov_58.392456	SRR5466338_k141_55708	7672	0.999	0.000E+00	475	4758	4774	247	4530	4532	0	4773	0	1	4284M
SRR5466337_NODE_551_length_4774_cov_58.392456	SRR6254893_k141_22990	7638	0.999	0.000E+00	4740	476	4774	0	4264	4341	4773	0	0	1	4265M
SRR5466337_NODE_551_length_4774_cov_58.392456	SRR6254353_k141_18183	7634	0.999	0.000E+00	4740	476	4774	54	4318	4325	4773	0	0	1	4265M
SRR5466337_NODE_551_length_4774_cov_58.392456	SRR5467091_k141_79590	7622	0.999	0.000E+00	513	4773	4774	96	4356	4357	0	4773	0	1	4261M
SRR7976300_NODE_1728_length_3406_cov_28.759475	SRR7976300_k141_42415	6097	1.00	0.000E+00	3405	4	3406	0	3401	3402	3405	0	0	5	3402M
SRR6960799_NODE_633_length_4049_cov_39.691037	SRR7976325_k141_27138	7254	1.00	0.000E+00	0	4047	4049	0	4047	4048	0	4048	0	1	4048M
SRR6960799_NODE_1056_length_3452_cov_11.982632	SRR6960799_k141_5750	6166	0.999	0.000E+00	3447	0	3452	0	3447	3448	3451	0	0	1	3448M
SRR7976326_NODE_135_length_3933_cov_14.606498	SRR7976326_k141_23424	7044	1.00	0.000E+00	2	3932	3933	0	3930	3931	0	3932	0	1	3931M
SRR6050698_NODE_127_length_4042_cov_21.532731	SRR5467140_k141_1740	7177	0.997	0.000E+00	4041	7	4042	0	4034	4048	4041	0	0	1	4035M
SRR5466365_NODE_838_length_4332_cov_13.330606	SRR5467090_k141_73429	7637	0.998	0.000E+00	4281	0	4332	87	4368	4401	4331	0	0	1	4282M
SRR5466725_NODE_2144_length_4051_cov_14.922422	SRR5466727_k141_44786	7223	0.998	0.000E+00	4045	0	4051	0	4045	4046	4050	0	0	1	4046M
SRR5466728_NODE_571_length_3981_cov_21.384870	SRR5466728_k141_58640	7129	0.999	0.000E+00	3980	0	3981	0	3980	3981	3980	0	0	1	3981M
SRR5466337_NODE_889_length_4031_cov_58.470322	SRR5466369_k141_33380	7123	1.00	0.000E+00	2	3976	4031	0	3974	4179	0	4030	0	301	3975M
SRR5466337_NODE_889_length_4031_cov_58.470322	SRR5466365_k141_56011	7072	0.999	0.000E+00	13	3961	4031	32	3980	4158	0	4030	0	301	3949M
SRR5466725_NODE_2829_length_3509_cov_14.720903	SRR5466725_k141_81091	6276	0.999	0.000E+00	3507	0	3509	0	3508	3509	3508	0	0	2	3437M1D71M
SRR5466729_NODE_1383_length_3737_cov_798.956274	SRR5466723_k141_33629	6501	0.999	0.000E+00	52	3681	3737	169	3798	4014	0	3736	0	1	3630M
SRR5466729_NODE_1383_length_3737_cov_798.956274	SRR5466729_k141_61523	6497	0.999	0.000E+00	3680	53	3737	162	3789	3865	3736	0	0	1	3628M
SRR5466729_NODE_1383_length_3737_cov_798.956274	SRR6255733_k141_14949	6468	0.999	0.000E+00	3680	69	3737	134	3745	3989	3736	0	0	1	3612M
SRR5467091_NODE_1053_length_3843_cov_9.017687	SRR5467091_k141_40884	6882	0.999	0.000E+00	3842	0	3843	4	3846	3847	3842	0	0	3	3843M
SRR6255733_NODE_894_length_3700_cov_12.964883	SRR5466723_k141_3288	6518	0.999	0.000E+00	55	3699	3700	0	3644	3709	0	3699	0	1	3645M
SRR6960551_NODE_571_length_3910_cov_23.421530	SRR6960509_k141_62682	6974	0.999	0.000E+00	3908	10	3910	0	3898	3899	3909	0	0	1	3899M
SRR7976299_NODE_85_length_3991_cov_7.536077	SRR7976299_k141_5033	7141	0.999	0.000E+00	1	3990	3991	0	3989	3990	0	3990	0	1	3990M
SRR7976301_NODE_1095_length_3429_cov_4.849140	SRR7976301_k141_79144	6126	0.999	0.000E+00	3420	0	3429	0	3420	3421	3428	0	0	1	3421M
SRR6960803_NODE_2671_length_3660_cov_32.069903	SRR6960803_k141_94777	6553	0.999	0.000E+00	3659	1	3660	0	3658	3659	3659	0	0	1	3659M
SRR6960799_NODE_783_length_3776_cov_5.688525	SRR6960799_k141_52825	6746	0.999	0.000E+00	3773	2	3776	0	3771	3772	3775	0	0	1	3772M
SRR7976357_NODE_2604_length_3441_cov_27.294743	SRR7976357_k141_24444	6153	0.999	0.000E+00	3440	0	3441	0	3440	3441	3440	0	0	1	3441M
SRR7976325_NODE_323_length_3756_cov_9.286139	SRR7976326_k141_7835	6639	0.994	0.000E+00	3754	0	3756	0	3754	3760	3755	0	0	1	3755M
SRR5467139_NODE_105_length_3985_cov_64.189567	SRR5208570_k141_63256	6892	0.992	0.000E+00	3915	0	3985	0	3915	3943	3984	0	0	1	3916M
SRR5466723_NODE_779_length_3710_cov_11.741450	SRR5467091_k141_2372	6461	0.994	0.000E+00	0	3657	3710	52	3709	3731	0	3709	0	1	3658M
SRR5466727_NODE_1185_length_4246_cov_170.884992	SRR5466729_k141_66119	7598	1.00	0.000E+00	5	4244	4246	0	4239	4240	0	4245	0	1	4240M
SRR5467090_NODE_504_length_4427_cov_38.069991	SRR5467090_k141_73429	7886	1.00	0.000E+00	0	4400	4427	0	4400	4401	0	4426	0	1	4401M
SRR6253161_NODE_160_length_7616_cov_70.706124	SRR6253161_k141_39154	13642	0.999	0.000E+00	0	7615	7616	0	7615	8334	0	7615	0	1	7616M
SRR6253161_NODE_160_length_7616_cov_70.706124	SRR5466369_k141_49057	7184	1.00	0.000E+00	7	4015	7616	0	4008	4066	0	7615	0	1	4009M
SRR6253161_NODE_160_length_7616_cov_70.706124	SRR5466338_k141_3607	7175	1.00	0.000E+00	14	4017	7616	0	4003	4124	0	7615	0	1	4004M
SRR6253161_NODE_160_length_7616_cov_70.706124	SRR5466365_k141_25	7175	1.00	0.000E+00	14	4017	7616	0	4003	4151	0	7615	0	1	4004M
SRR6253161_NODE_160_length_7616_cov_70.706124	SRR6255402_k141_13499	7175	1.00	0.000E+00	14	4017	7616	0	4003	4779	0	7615	0	1	4004M
SRR6253161_NODE_160_length_7616_cov_70.706124	SRR5466366_k141_40490	7170	1.00	0.000E+00	14	4014	7616	0	4000	4080	0	7615	0	1	4001M
SRR6255746_NODE_917_length_3546_cov_6.220281	SRR6255746_k141_8289	6351	1.00	0.000E+00	0	3543	3546	0	3543	3544	0	3545	0	6	3544M
SRR6960551_NODE_620_length_3761_cov_32.689153	SRR6960551_k141_6196	6725	0.999	0.000E+00	6	3760	3761	0	3754	3755	0	3760	0	1	3755M
SRR6960799_NODE_597_length_4118_cov_20.803101	SRR6960799_k141_100848	7370	0.999	0.000E+00	4117	0	4118	0	4117	4118	4117	0	0	1	4118M
SRR6960799_NODE_963_length_3560_cov_76.364622	SRR6960799_k141_12910	6362	0.999	0.000E+00	5	3559	3560	0	3554	3555	0	3559	0	1	3555M
SRR7976325_NODE_429_length_3486_cov_14.172544	SRR7976325_k141_15967	6228	0.999	0.000E+00	3485	1	3486	0	3483	3484	3485	0	0	1	199M1I3285M
SRR6050482_NODE_11_length_4315_cov_11.943192	SRR6050482_k141_6209	7728	0.999	0.000E+00	4314	0	4315	0	4314	4315	4314	0	0	1	4315M
SRR5466364_NODE_1922_length_3650_cov_36.257858	SRR5466364_k141_57323	6532	0.999	0.000E+00	0	3649	3650	0	3649	3650	0	3649	0	1	3650M
SRR5466364_NODE_1922_length_3650_cov_36.257858	SRR5466338_k141_47000	6183	0.996	0.000E+00	3477	0	3650	250	3727	3740	3649	0	0	1	3478M
SRR5466727_NODE_1812_length_3445_cov_71.952212	SRR5466725_k141_88125	6003	0.992	0.000E+00	3414	0	3445	0	3414	3415	3444	0	0	2	3415M
SRR6254353_NODE_845_length_4179_cov_7.931135	SRR6255520_k141_37683	7284	0.999	0.000E+00	4069	0	4179	0	4069	4110	4178	0	0	1	4070M
SRR6254353_NODE_845_length_4179_cov_7.931135	SRR6253161_k141_64253	7275	0.999	0.000E+00	4076	10	4179	103	4169	4170	4178	0	0	1	4067M
SRR5466725_NODE_2242_length_3970_cov_14.677905	SRR5466725_k141_71409	7114	1.00	0.000E+00	3969	0	3970	0	3969	3970	3969	0	0	2	3970M
SRR5466728_NODE_669_length_3742_cov_7.408191	SRR5466728_k141_53138	6700	1.00	0.000E+00	3	3741	3742	0	3738	3739	0	3741	0	1	3739M
SRR5467091_NODE_660_length_4661_cov_13.378202	SRR5467090_k141_1032	8236	0.994	0.000E+00	0	4655	4661	131	4786	4816	0	4660	0	1	4656M
SRR6255402_NODE_651_length_4076_cov_54.120865	SRR6255402_k141_13499	7304	1.00	0.000E+00	0	4075	4076	0	4075	4779	0	4075	0	1	4076M
SRR6255402_NODE_651_length_4076_cov_54.120865	SRR5466365_k141_25	7186	1.00	0.000E+00	0	4009	4076	0	4009	4151	0	4075	0	1	4010M
SRR6255402_NODE_651_length_4076_cov_54.120865	SRR5466338_k141_3607	7179	1.00	0.000E+00	0	4005	4076	0	4005	4124	0	4075	0	1	4006M
SRR6255402_NODE_651_length_4076_cov_54.120865	SRR6253161_k141_39154	7175	1.00	0.000E+00	0	4003	4076	14	4017	8334	0	4075	0	1	4004M
SRR6255402_NODE_651_length_4076_cov_54.120865	SRR5466369_k141_49057	7172	1.00	0.000E+00	0	4001	4076	7	4008	4066	0	4075	0	1	4002M
SRR6255402_NODE_651_length_4076_cov_54.120865	SRR5466366_k141_40490	7170	1.00	0.000E+00	0	4000	4076	0	4000	4080	0	4075	0	1	4001M
SRR6960549_NODE_95_length_3930_cov_151.721032	SRR7976299_k141_21044	7018	0.999	0.000E+00	0	3923	3930	1	3924	3925	0	3929	0	6	3924M
SRR6960549_NODE_95_length_3930_cov_151.721032	SRR6960549_k141_2910	6869	0.999	0.000E+00	90	3927	3930	383	4220	4221	0	3929	0	6	3838M
SRR6960797_NODE_409_length_4298_cov_7.001650	SRR6960797_k141_47730	7702	1.00	0.000E+00	4297	0	4298	0	4297	4298	4297	0	0	2	4298M
SRR7976301_NODE_560_length_4439_cov_246.382299	SRR7976301_k141_73094	4154	0.997	0.000E+00	2329	0	4439	1144	3473	3474	4438	0	0	1	2330M
SRR5995670_NODE_206_length_4359_cov_29.900790	SRR5995670_k141_34641	7625	0.998	0.000E+00	4267	0	4359	0	4263	4264	4358	0	0	1	4246M4I18M
SRR6960799_NODE_665_length_3983_cov_86.079939	SRR6960799_k141_3351	7103	0.999	0.000E+00	11	3979	3983	24	3992	3993	0	3982	0	1	3969M
SRR6960799_NODE_665_length_3983_cov_86.079939	SRR7976325_k141_38180	7026	0.999	0.000E+00	3931	6	3983	147	4072	4073	3982	0	0	1	3926M
SRR7976324_NODE_283_length_4283_cov_544.541154	SRR7976324_k141_16482	7487	0.995	0.000E+00	0	4227	4283	416	4643	4783	0	4282	0	2	4228M
SRR7976324_NODE_283_length_4283_cov_544.541154	SRR7976323_k141_20951	6784	0.992	0.000E+00	104	3956	4283	77	3929	4028	0	4282	0	2	3853M
SRR7976299_NODE_104_length_3819_cov_8.555792	SRR7976299_k141_14857	6804	1.00	0.000E+00	3798	2	3819	0	3796	3797	3818	0	0	301	3797M
SRR7976310_NODE_463_length_4681_cov_10.509944	SRR7976310_k141_9036	8278	0.999	0.000E+00	4678	52	4681	0	4626	4627	4680	0	0	1	4627M
SRR6960803_NODE_2726_length_3624_cov_8.419445	SRR6960803_k141_108340	6402	0.999	0.000E+00	0	3574	3624	0	3574	3575	0	3623	0	1	3575M
SRR6960799_NODE_813_length_3739_cov_9.918838	SRR7976325_k141_60758	6614	0.997	0.000E+00	3710	0	3739	0	3710	3711	3738	0	0	1	3711M
SRR7976357_NODE_2308_length_3641_cov_200.434467	SRR7976357_k141_64047	6452	0.999	0.000E+00	7	3609	3641	103	3705	3706	0	3640	0	1	3603M
SRR7976325_NODE_314_length_3766_cov_8.667745	SRR7976325_k141_2311	6686	0.996	0.000E+00	0	3765	3766	0	3765	3766	0	3765	0	1	3766M
SRR6050738_NODE_90_length_4010_cov_31.746144	SRR6050738_k141_29123	7173	1.00	0.000E+00	7	4009	4010	0	4002	4003	0	4009	0	1	4003M
SRR6960507_NODE_1771_length_3617_cov_28.766985	SRR6960507_k141_14189	6438	0.998	0.000E+00	11	3615	3617	60	3664	3665	0	3616	0	1	3605M
SRR5466337_NODE_1024_length_3857_cov_10.798264	SRR5466364_k141_49609	6772	0.997	0.000E+00	3803	0	3857	15	3818	3830	3856	0	0	1	3804M
SRR5466725_NODE_3125_length_3345_cov_18.880547	SRR5466725_k141_47184	5909	0.999	0.000E+00	45	3344	3345	0	3299	3300	0	3344	0	1	3300M
SRR5467090_NODE_510_length_4402_cov_7.060271	SRR5467090_k141_17794	7817	0.999	0.000E+00	7	4371	4402	0	4364	4365	0	4401	0	1	4365M
SRR6253161_NODE_984_length_4216_cov_15.915886	SRR6253161_k141_64253	7472	1.00	0.000E+00	4169	0	4216	0	4169	4170	4215	0	0	1	4170M
SRR6253161_NODE_984_length_4216_cov_15.915886	SRR6255520_k141_37683	7275	1.00	0.000E+00	4059	0	4216	0	4059	4110	4215	0	0	1	4060M
SRR6960509_NODE_1399_length_4424_cov_232.669032	SRR6960509_k141_122811	7919	0.999	0.000E+00	4423	0	4424	0	4423	4424	4423	0	0	2	4424M
SRR6960509_NODE_1399_length_4424_cov_232.669032	SRR6960551_k141_36771	7322	0.999	0.000E+00	0	4092	4424	3	4094	4208	0	4423	0	2	2605M1I1487M
SRR6960551_NODE_629_length_3743_cov_28.358460	SRR6960551_k141_38427	6707	1.00	0.000E+00	0	3742	3743	0	3742	3743	0	3742	0	2	3743M
SRR7976299_NODE_152_length_3503_cov_11.535383	SRR7976299_k141_22376	6246	0.999	0.000E+00	3487	0	3503	0	3487	3488	3502	0	0	1	3488M
SRR7976310_NODE_738_length_3904_cov_909.284749	SRR7976301_k141_11503	6654	0.998	0.000E+00	177	3899	3904	828	4550	4551	0	3903	0	1	3723M
SRR7976310_NODE_738_length_3904_cov_909.284749	SRR7976310_k141_33021	6608	0.999	0.000E+00	183	3879	3904	304	3999	4000	0	3903	0	1	6M1I3690M
SRR6960799_NODE_416_length_4677_cov_370.680874	SRR7976325_k141_38016	8222	0.998	0.000E+00	4622	12	4677	0	4610	4611	4676	0	0	2	4611M
SRR7976327_NODE_3607_length_3686_cov_24.101625	SRR6960801_k141_38557	6455	0.992	0.000E+00	0	3670	3686	5	3673	3674	0	3685	0	1	3607M2I62M
SRR7976325_NODE_355_length_3662_cov_62.403105	SRR7976325_k141_16397	6553	0.999	0.000E+00	1	3661	3662	0	3659	3660	0	3661	0	1	2387M1I1273M
SRR6960509_NODE_2412_length_3508_cov_9.216044	SRR6960509_k141_55461	6282	0.999	0.000E+00	3507	0	3508	0	3507	3508	3507	0	0	1	3508M
SRR6960551_NODE_736_length_3536_cov_21.101408	SRR6960551_k141_39410	6295	0.998	0.000E+00	3534	12	3536	0	3522	3523	3535	0	0	1	3523M
SRR7976300_NODE_1549_length_3575_cov_15.776420	SRR7976300_k141_2906	6406	1.00	0.000E+00	0	3574	3575	0	3574	3575	0	3574	0	1	3575M
SRR7976310_NODE_898_length_3618_cov_30.891384	SRR7976310_k141_1371	6473	1.00	0.000E+00	3611	0	3618	0	3611	3612	3617	0	0	1	3612M
SRR6960799_NODE_969_length_3555_cov_12.087429	SRR6960799_k141_7030	6295	0.996	0.000E+00	0	3544	3555	0	3544	3546	0	3554	0	1	3545M
SRR7976323_NODE_2536_length_3386_cov_17.979586	SRR7976323_k141_17376	5967	0.996	0.000E+00	8	3364	3386	0	3356	3357	0	3385	0	1	3357M
SRR7976325_NODE_461_length_3364_cov_7.510426	SRR7976325_k141_4451	5964	1.00	0.000E+00	3333	6	3364	0	3327	3328	3363	0	0	1	3328M
SRR6050528_NODE_163_length_3508_cov_5.807703	SRR6050483_k141_1213	6263	0.998	0.000E+00	3507	3	3508	6	3510	3511	3507	0	0	1	3505M
SRR5466364_NODE_1997_length_3590_cov_13.618388	SRR5467090_k141_35687	6378	0.996	0.000E+00	1	3589	3590	0	3588	3590	0	3589	0	1	3589M
SRR5466364_NODE_1997_length_3590_cov_13.618388	SRR5466365_k141_38362	6168	0.994	0.000E+00	6	3497	3590	0	3491	3586	0	3589	0	1	3492M
SRR6960799_NODE_650_length_4012_cov_7.899419	SRR6960799_k141_94633	7154	0.998	0.000E+00	4011	0	4012	0	4011	4012	4011	0	0	2	4012M
SRR6960799_NODE_1171_length_3294_cov_6.769682	SRR6960799_k141_58921	5897	0.999	0.000E+00	3292	0	3294	0	3292	3293	3293	0	0	1	3293M
SRR7976326_NODE_177_length_3694_cov_11.154438	SRR7976326_k141_37967	6616	1.00	0.000E+00	3691	0	3694	0	3691	3692	3693	0	0	1	3692M
SRR6960802_NODE_1186_length_3964_cov_1612.116910	SRR7976324_k141_16482	6834	0.990	0.000E+00	3956	50	3964	468	4375	4783	3963	0	0	1	19M1D3888M
SRR6960802_NODE_1186_length_3964_cov_1612.116910	SRR7976323_k141_20951	6743	0.990	0.000E+00	3905	53	3964	77	3929	4028	3963	0	0	1	3853M
SRR6050698_NODE_145_length_3891_cov_276.085506	SRR6050716_k141_3189	6783	0.994	0.000E+00	3890	56	3891	1	3835	3861	3890	0	0	2	3835M
SRR5466725_NODE_2232_length_3976_cov_60.414690	SRR5466725_k141_67257	7096	0.998	0.000E+00	0	3974	3976	0	3974	3975	0	3975	0	1	3975M
SRR5466728_NODE_643_length_3803_cov_7.830043	SRR5466728_k141_28238	6783	0.999	0.000E+00	13	3802	3803	0	3789	3790	0	3802	0	1	3790M
SRR5467090_NODE_1046_length_3347_cov_14.357230	SRR5467090_k141_30108	5539	0.999	0.000E+00	201	3296	3347	190	3285	3353	0	3346	0	1	3096M
SRR6255402_NODE_587_length_4347_cov_40.227866	SRR5467090_k141_31441	7700	0.999	0.000E+00	0	4301	4347	14	4315	4663	0	4346	0	1	4302M
SRR6255402_NODE_587_length_4347_cov_40.227866	SRR5466338_k141_55708	7676	0.999	0.000E+00	4297	12	4347	245	4530	4532	4346	0	0	1	4286M
SRR6255402_NODE_587_length_4347_cov_40.227866	SRR6254893_k141_22990	7646	0.999	0.000E+00	30	4302	4347	0	4273	4341	0	4346	0	1	4267M1D6M
SRR6255402_NODE_587_length_4347_cov_40.227866	SRR6254353_k141_18183	7637	0.999	0.000E+00	30	4296	4347	54	4320	4325	0	4346	0	1	4267M
SRR6255402_NODE_587_length_4347_cov_40.227866	SRR5467091_k141_79590	7617	0.999	0.000E+00	4257	0	4347	96	4353	4357	4346	0	0	1	4258M
SRR6960507_NODE_1222_length_4176_cov_6.707595	SRR6960507_k141_72584	6408	0.999	0.000E+00	592	4172	4176	1625	5205	5206	0	4175	0	301	3581M
SRR5466369_NODE_2112_length_4076_cov_67.486446	SRR6255402_k141_13499	7193	1.00	0.000E+00	4068	55	4076	0	4013	4779	4075	0	0	1	4014M
SRR5466369_NODE_2112_length_4076_cov_67.486446	SRR6253161_k141_39154	7188	1.00	0.000E+00	4075	65	4076	7	4017	8334	4075	0	0	1	4011M
SRR5466369_NODE_2112_length_4076_cov_67.486446	SRR5466365_k141_25	7186	1.00	0.000E+00	4068	59	4076	0	4009	4151	4075	0	0	1	4010M
SRR5466369_NODE_2112_length_4076_cov_67.486446	SRR5466369_k141_49057	7184	1.00	0.000E+00	4075	67	4076	0	4008	4066	4075	0	0	1	4009M
SRR5466369_NODE_2112_length_4076_cov_67.486446	SRR5466338_k141_3607	7179	1.00	0.000E+00	4068	63	4076	0	4005	4124	4075	0	0	1	4006M
SRR5466369_NODE_2112_length_4076_cov_67.486446	SRR5466366_k141_40490	7170	1.00	0.000E+00	4068	68	4076	0	4000	4080	4075	0	0	1	4001M
SRR5466725_NODE_2497_length_3765_cov_31.515094	SRR5467091_k141_2372	6587	0.994	0.000E+00	3743	13	3765	0	3730	3731	3764	0	0	6	3731M
SRR5466728_NODE_896_length_3356_cov_9.187822	SRR5467090_k141_30108	6009	1.00	0.000E+00	0	3352	3356	0	3352	3353	0	3355	0	1	3353M
SRR5467091_NODE_886_length_4136_cov_9.465817	SRR5467091_k141_58829	7378	0.999	0.000E+00	4134	15	4136	0	4119	4120	4135	0	0	1	4120M
SRR6255521_NODE_559_length_3685_cov_63.560055	SRR6255521_k141_23032	6537	0.996	0.000E+00	3684	5	3685	0	3681	3682	3684	0	0	1	3591M1D29M1D60M
SRR6255521_NODE_559_length_3685_cov_63.560055	SRR5466337_k141_37572	5928	0.997	0.000E+00	3340	7	3685	117	3451	3452	3684	0	0	1	3276M1D58M
SRR6255521_NODE_559_length_3685_cov_63.560055	SRR6049586_k141_6284	5882	0.997	0.000E+00	35	3339	3685	137	3441	3450	0	3684	0	1	3305M
SRR6255521_NODE_559_length_3685_cov_63.560055	SRR6255402_k141_888	5869	0.995	0.000E+00	3318	7	3685	316	3629	3630	3684	0	0	1	3225M1D29M1D58M
SRR6255521_NODE_559_length_3685_cov_63.560055	SRR6255513_k141_14127	5765	0.993	0.000E+00	3274	7	3685	174	3442	3443	3684	0	0	1	3210M1D58M
SRR6960549_NODE_122_length_3689_cov_6.596588	SRR6960549_k141_16032	6561	1.00	0.000E+00	0	3660	3689	0	3660	3661	0	3688	0	5	3661M
SRR7976299_NODE_44_length_4645_cov_11.170370	SRR7976299_k141_4679	8309	0.999	0.000E+00	3	4644	4645	0	4641	4642	0	4644	0	1	4642M
SRR5995670_NODE_410_length_3180_cov_3.845440	SRR5995670_k141_39073	5440	0.997	0.000E+00	3053	0	3180	222	3276	3277	3179	0	0	1	5M1D3049M
SRR7976301_NODE_639_length_4242_cov_23.901361	SRR7976301_k141_53930	7575	0.998	0.000E+00	0	4241	4242	0	4241	4242	0	4241	0	1	4242M
SRR7976301_NODE_639_length_4242_cov_23.901361	SRR7976310_k141_41231	7464	0.998	0.000E+00	37	4216	4242	107	4286	4322	0	4241	0	1	4180M
SRR5995670_NODE_295_length_3676_cov_46.530516	SRR5995670_k141_7373	6501	0.999	0.000E+00	3632	0	3676	0	3632	3633	3675	0	0	2	3633M
SRR6960799_NODE_689_length_3928_cov_52.021430	SRR6960799_k141_65355	7033	0.999	0.000E+00	3927	1	3928	0	3926	3927	3927	0	0	1	3927M
SRR7976324_NODE_378_length_3893_cov_293.646430	SRR7976324_k141_39099	6976	1.00	0.000E+00	3892	0	3893	981	4873	4874	3892	0	0	1	3893M
SRR7976325_NODE_229_length_4073_cov_7.327526	SRR6960799_k141_81303	7267	0.998	0.000E+00	4072	0	4073	7	4079	4083	4072	0	0	1	4073M
SRR6254352_NODE_1795_length_3432_cov_367.816405	SRR6049586_k141_6284	5512	0.999	0.000E+00	351	3431	3432	369	3449	3450	0	3431	0	1	3081M
SRR6254352_NODE_1795_length_3432_cov_367.816405	SRR6255521_k141_23032	5498	0.999	0.000E+00	3424	352	3432	344	3416	3682	3431	0	0	1	3073M
SRR6254352_NODE_1795_length_3432_cov_367.816405	SRR5466337_k141_37572	5494	0.999	0.000E+00	3424	352	3432	117	3189	3452	3431	0	0	1	3073M
SRR6254352_NODE_1795_length_3432_cov_367.816405	SRR6255402_k141_888	5450	0.998	0.000E+00	3402	352	3432	316	3366	3630	3431	0	0	1	3051M
SRR6254352_NODE_1795_length_3432_cov_367.816405	SRR6255513_k141_14127	5362	0.998	0.000E+00	3358	352	3432	174	3180	3443	3431	0	0	1	3007M
SRR5466366_NODE_1722_length_4064_cov_71.503866	SRR5466366_k141_40490	7268	1.00	0.000E+00	8	4063	4064	0	4055	4080	0	4063	0	5	4056M
SRR5466366_NODE_1722_length_4064_cov_71.503866	SRR6253161_k141_39154	7184	1.00	0.000E+00	0	4008	4064	6	4014	8334	0	4063	0	5	4009M
SRR5466366_NODE_1722_length_4064_cov_71.503866	SRR5466369_k141_49057	7183	0.999	0.000E+00	1	4011	4064	0	4010	4066	0	4063	0	5	4011M
SRR5466366_NODE_1722_length_4064_cov_71.503866	SRR5466338_k141_3607	7170	1.00	0.000E+00	8	4008	4064	0	4000	4124	0	4063	0	5	4001M
SRR5466366_NODE_1722_length_4064_cov_71.503866	SRR5466365_k141_25	7170	1.00	0.000E+00	8	4008	4064	0	4000	4151	0	4063	0	5	4001M
SRR5466366_NODE_1722_length_4064_cov_71.503866	SRR6255402_k141_13499	7170	1.00	0.000E+00	8	4008	4064	0	4000	4779	0	4063	0	5	4001M
SRR5466725_NODE_2333_length_3892_cov_37.371384	SRR5466725_k141_104948	6973	1.00	0.000E+00	1	3891	3892	0	3890	3891	0	3891	0	6	3891M
SRR5466728_NODE_674_length_3734_cov_34.555858	SRR5467090_k141_2299	6582	1.00	0.000E+00	3727	55	3734	0	3672	3673	3733	0	0	1	3673M
SRR5466369_NODE_2264_length_3936_cov_51.981190	SRR5466369_k141_105454	7017	0.997	0.000E+00	0	3935	3936	4	3939	3940	0	3935	0	301	3936M
SRR5466369_NODE_2264_length_3936_cov_51.981190	SRR6255402_k141_28300	6845	0.995	0.000E+00	3913	54	3936	0	3859	3903	3935	0	0	301	3860M
SRR5466369_NODE_2264_length_3936_cov_51.981190	SRR5466337_k141_23779	6836	0.995	0.000E+00	3909	55	3936	0	3854	4136	3935	0	0	301	3855M
SRR5466369_NODE_2264_length_3936_cov_51.981190	SRR6254351_k141_40121	6830	0.995	0.000E+00	3908	55	3936	0	3853	3932	3935	0	0	301	3854M
SRR5466729_NODE_944_length_4363_cov_61.919916	SRR5466729_k141_24804	7814	0.999	0.000E+00	0	4362	4363	0	4362	4453	0	4362	0	4	4363M
SRR5466729_NODE_944_length_4363_cov_61.919916	SRR5466725_k141_29163	7713	0.999	0.000E+00	4308	0	4363	0	4308	4355	4362	0	0	4	4309M
SRR5467091_NODE_957_length_4002_cov_24.371928	SRR5467091_k141_5373	7172	1.00	0.000E+00	4001	0	4002	0	4001	4002	4001	0	0	2	4002M
SRR6960549_NODE_142_length_3493_cov_88.040430	SRR6960549_k141_4117	6260	1.00	0.000E+00	0	3492	3493	0	3492	3531	0	3492	0	1	3493M
SRR7976299_NODE_63_length_4281_cov_310.900379	SRR7976299_k141_19879	7571	0.999	0.000E+00	4229	0	4281	636	4865	4866	4280	0	0	1	4230M
SRR7976301_NODE_759_length_3982_cov_656.904507	SRR7976310_k141_43474	7118	1.00	0.000E+00	0	3971	3982	8	3979	3980	0	3981	0	1	3972M
SRR6960803_NODE_2398_length_3846_cov_39.048536	SRR6960803_k141_38471	6882	0.999	0.000E+00	0	3842	3846	0	3842	3843	0	3845	0	1	3843M
SRR6960799_NODE_751_length_3825_cov_23.071088	SRR7976325_k141_56120	6819	0.998	0.000E+00	1	3818	3825	0	3817	3818	0	3824	0	1	3818M
SRR5467139_NODE_152_length_3558_cov_5.667999	SRR6050738_k141_7191	6276	0.996	0.000E+00	26	3557	3558	4	3535	3545	0	3557	0	1	3532M
SRR5466725_NODE_1991_length_4188_cov_73.351077	SRR5466725_k141_108433	7460	0.999	0.000E+00	19	4187	4188	0	4169	4170	0	4187	0	1	22M1D4147M
SRR5466727_NODE_1591_length_3697_cov_12.514827	SRR5466727_k141_59381	6616	0.999	0.000E+00	0	3696	3697	0	3696	3697	0	3696	0	1	3697M
SRR5467090_NODE_709_length_3883_cov_370.305904	SRR6253579_k141_39380	6854	0.999	0.000E+00	0	3829	3883	0	3829	3969	0	3882	0	1	3830M
SRR5467090_NODE_709_length_3883_cov_370.305904	SRR5467091_k141_79724	6785	0.999	0.000E+00	34	3827	3883	102	3895	3896	0	3882	0	1	3794M
SRR5467090_NODE_709_length_3883_cov_370.305904	SRR5467090_k141_56235	6771	0.999	0.000E+00	38	3825	3883	168	3954	4201	0	3882	0	1	3718M1I69M
SRR6254353_NODE_662_length_4609_cov_65.315766	SRR6255402_k141_13499	7198	1.00	0.000E+00	1	4017	4609	0	4016	4779	0	4608	0	3	4017M
SRR6254353_NODE_662_length_4609_cov_65.315766	SRR5466365_k141_25	7186	1.00	0.000E+00	1	4010	4609	0	4009	4151	0	4608	0	3	4010M
SRR6254353_NODE_662_length_4609_cov_65.315766	SRR5466338_k141_3607	7179	1.00	0.000E+00	1	4006	4609	0	4005	4124	0	4608	0	3	4006M
SRR6254353_NODE_662_length_4609_cov_65.315766	SRR6253161_k141_39154	7177	1.00	0.000E+00	0	4004	4609	13	4017	8334	0	4608	0	3	4005M
SRR6254353_NODE_662_length_4609_cov_65.315766	SRR5466369_k141_49057	7173	1.00	0.000E+00	0	4002	4609	6	4008	4066	0	4608	0	3	4003M
SRR6254353_NODE_662_length_4609_cov_65.315766	SRR5466366_k141_40490	7170	1.00	0.000E+00	1	4001	4609	0	4000	4080	0	4608	0	3	4001M
SRR6960509_NODE_2198_length_3655_cov_99.191944	SRR6960509_k141_77717	6534	0.999	0.000E+00	1	3651	3655	0	3650	3673	0	3654	0	6	3651M
SRR6960551_NODE_731_length_3540_cov_25.043902	SRR6960551_k141_73607	6326	0.998	0.000E+00	3539	0	3540	0	3539	3540	3539	0	0	1	3540M
SRR7976300_NODE_1546_length_3579_cov_11.122304	SRR6960507_k141_71808	6346	0.999	0.000E+00	33	3578	3579	0	3545	3547	0	3578	0	1	3546M
SRR7976310_NODE_871_length_3650_cov_20.980250	SRR7976310_k141_69626	6528	0.999	0.000E+00	3647	0	3650	0	3647	3648	3649	0	0	1	3648M
SRR6255513_NODE_720_length_3926_cov_91.378455	SRR6255513_k141_34841	7035	1.00	0.000E+00	0	3925	3926	0	3925	3940	0	3925	0	301	3926M
SRR6255513_NODE_720_length_3926_cov_91.378455	SRR6254984_k141_50328	6939	1.00	0.000E+00	0	3871	3926	326	4197	4223	0	3925	0	301	3872M
SRR6255513_NODE_720_length_3926_cov_91.378455	SRR5466338_k141_96778	6932	0.999	0.000E+00	1	3871	3926	210	4080	4106	0	3925	0	301	3871M
SRR6960549_NODE_117_length_3709_cov_11.192392	SRR6960549_k141_12052	6615	0.999	0.000E+00	3700	2	3709	0	3698	3699	3708	0	0	3	3699M
SRR6960797_NODE_647_length_3579_cov_331.749149	SRR6960551_k141_15714	6270	0.991	0.000E+00	3576	3	3579	0	3573	3574	3578	0	0	1	3574M
SRR7976301_NODE_657_length_4201_cov_1217.076942	SRR6960549_k141_22075	7432	0.999	0.000E+00	4185	36	4201	0	4149	4617	4200	0	0	1	4150M
SRR7976301_NODE_657_length_4201_cov_1217.076942	SRR7976310_k141_57211	7381	0.999	0.000E+00	45	4168	4201	36	4159	4473	0	4200	0	1	4124M
SRR5995670_NODE_372_length_3348_cov_9.982994	SRR5995670_k141_5362	5991	0.999	0.000E+00	3347	0	3348	2	3349	3350	3347	0	0	2	3348M
SRR6960803_NODE_1952_length_4276_cov_55.650557	SRR6960803_k141_25808	7619	0.998	0.000E+00	0	4268	4276	0	4268	4269	0	4275	0	1	4269M
SRR6960799_NODE_720_length_3876_cov_8.574719	SRR6960799_k141_44674	6878	0.996	0.000E+00	8	3875	3876	0	3867	3868	0	3875	0	1	3868M
SRR7976357_NODE_1844_length_4061_cov_13.926860	SRR7976357_k141_56411	7271	0.999	0.000E+00	4060	1	4061	0	4059	4060	4060	0	0	1	4060M
SRR7976325_NODE_238_length_4025_cov_32.569018	SRR7976325_k141_56614	7174	0.998	0.000E+00	4024	4	4025	0	4020	4021	4024	0	0	1	4021M
SRR7976356_NODE_1821_length_3798_cov_137.622495	SRR7976356_k141_38415	6709	1.00	0.000E+00	0	3743	3798	0	3743	3885	0	3797	0	1	3744M
SRR7976356_NODE_1821_length_3798_cov_137.622495	SRR6960803_k141_29189	6687	0.999	0.000E+00	0	3733	3798	0	3733	4252	0	3797	0	1	3734M
SRR5467090_NODE_701_length_3901_cov_12.065523	SRR5467090_k141_58077	6978	0.999	0.000E+00	3900	0	3901	0	3902	3903	3900	0	0	2	158M2D3743M
SRR6254351_NODE_846_length_3937_cov_24.258114	SRR6254351_k141_40121	6949	0.996	0.000E+00	3907	0	3937	0	3907	3932	3936	0	0	1	3908M
SRR6254351_NODE_846_length_3937_cov_24.258114	SRR5466369_k141_105454	6885	0.995	0.000E+00	53	3934	3937	58	3939	3940	0	3936	0	1	3882M
SRR6254351_NODE_846_length_3937_cov_24.258114	SRR5466337_k141_23779	6850	0.996	0.000E+00	3908	54	3937	0	3854	4136	3936	0	0	1	3855M
SRR6254351_NODE_846_length_3937_cov_24.258114	SRR6255402_k141_28300	6848	0.996	0.000E+00	3912	54	3937	0	3858	3903	3936	0	0	1	3859M
SRR6960509_NODE_2092_length_3718_cov_337.178269	SRR6960551_k141_8869	6514	0.998	0.000E+00	66	3715	3718	87	3736	3737	0	3717	0	4	3650M
SRR6960551_NODE_709_length_3589_cov_21.053763	SRR6960551_k141_30063	6423	1.00	0.000E+00	3583	0	3589	0	3583	3584	3588	0	0	1	3584M
SRR7976300_NODE_1407_length_3717_cov_50.709175	SRR7976300_k141_7859	6661	1.00	0.000E+00	0	3716	3717	0	3716	3717	0	3716	0	1	3717M
SRR7976310_NODE_825_length_3741_cov_13.332881	SRR7976310_k141_30854	6700	1.00	0.000E+00	3740	2	3741	0	3738	3739	3740	0	0	1	3739M
SRR6960799_NODE_582_length_4158_cov_17.305143	SRR6960799_k141_44209	7326	0.993	0.000E+00	0	4157	4158	0	4157	4158	0	4157	0	1	4158M
SRR6960799_NODE_582_length_4158_cov_17.305143	SRR7976325_k141_37978	7281	0.993	0.000E+00	4133	1	4158	0	4132	4133	4157	0	0	1	4133M
SRR6960799_NODE_952_length_3567_cov_25.525057	SRR6960799_k141_97462	6377	0.999	0.000E+00	5	3565	3567	0	3560	3561	0	3566	0	2	3561M
SRR7976323_NODE_2075_length_3718_cov_20.528256	SRR7976323_k141_64081	6522	0.991	0.000E+00	3717	0	3718	0	3718	3719	3717	0	0	1	87M1D3631M
SRR7976323_NODE_2075_length_3718_cov_20.528256	SRR6960802_k141_80032	6458	0.991	0.000E+00	3717	33	3718	0	3685	3686	3717	0	0	1	87M1D3598M
SRR7976325_NODE_422_length_3504_cov_14.104088	SRR6960799_k141_7030	6080	0.993	0.000E+00	58	3502	3504	101	3545	3546	0	3503	0	2	3445M
SRR7976357_NODE_2045_length_3852_cov_20.247564	SRR7976357_k141_80025	6903	1.00	0.000E+00	3851	0	3852	0	3851	3852	3851	0	0	301	3852M
SRR7976325_NODE_269_length_3911_cov_9.747925	SRR7976325_k141_22174	6828	0.998	0.000E+00	3826	4	3911	0	3822	3823	3910	0	0	1	3823M
SRR7976356_NODE_2090_length_3570_cov_338.721479	SRR7976356_k141_65663	6252	0.999	0.000E+00	22	3515	3570	0	3493	3614	0	3569	0	1	3494M
SRR7976356_NODE_2090_length_3570_cov_338.721479	SRR6960803_k141_105588	6242	0.998	0.000E+00	6	3503	3570	0	3497	3584	0	3569	0	1	3498M
SRR7976356_NODE_2090_length_3570_cov_338.721479	SRR7976357_k141_36232	6242	0.999	0.000E+00	3516	29	3570	1155	4642	5447	3569	0	0	1	3488M
SRR6960507_NODE_1337_length_4040_cov_10.257465	SRR6960507_k141_27064	7218	1.00	0.000E+00	3	4030	4040	0	4027	4028	0	4039	0	3	4028M
SRR5466369_NODE_2507_length_3725_cov_10.546049	SRR5466369_k141_87890	6670	1.00	0.000E+00	3721	0	3725	0	3721	3722	3724	0	0	1	3722M
SRR5466729_NODE_1052_length_4168_cov_10.952832	SRR5466729_k141_155	7445	0.999	0.000E+00	4167	2	4168	0	4163	4164	4167	0	0	1	2419M1I1663M1I82M
SRR5467091_NODE_1011_length_3912_cov_31.571688	SRR5467091_k141_11713	6943	0.996	0.000E+00	0	3911	3912	0	3911	3912	0	3911	0	1	3912M
SRR6960549_NODE_144_length_3461_cov_78.888139	SRR6960549_k141_4692	6166	1.00	0.000E+00	0	3440	3461	580	4020	4022	0	3460	0	1	3441M
SRR7976299_NODE_130_length_3680_cov_10.107586	SRR7976299_k141_17024	6498	0.999	0.000E+00	3630	0	3680	0	3630	3631	3679	0	0	1	3631M
SRR7976310_NODE_735_length_3913_cov_105.007517	SRR7976310_k141_55846	7007	1.00	0.000E+00	0	3909	3913	0	3909	3910	0	3912	0	1	3910M
SRR6960801_NODE_3813_length_3560_cov_4.762340	SRR6960801_k141_811	6335	0.997	0.000E+00	0	3554	3560	0	3554	3555	0	3559	0	1	3555M
SRR6960799_NODE_849_length_3698_cov_7.531705	SRR6960799_k141_90704	6541	0.998	0.000E+00	0	3664	3698	0	3664	3688	0	3697	0	1	3665M
SRR7976357_NODE_2620_length_3424_cov_27.344613	SRR6960803_k141_17377	6070	0.996	0.000E+00	5	3423	3424	0	3417	3418	0	3423	0	1	3382M1I36M
SRR7976325_NODE_334_length_3724_cov_28.040338	SRR7976325_k141_34495	6638	0.997	0.000E+00	0	3723	3724	0	3723	3724	0	3723	0	1	3724M
SRR5467139_NODE_124_length_3819_cov_12.196334	SRR5208575_k141_13103	6808	0.998	0.000E+00	3818	1	3819	25	3840	3841	3818	0	0	1	3747M2I69M
SRR5466338_NODE_1929_length_4087_cov_14.863343	SRR5466337_k141_33643	7275	0.999	0.000E+00	0	4069	4087	3	4072	4089	0	4086	0	1	4070M
SRR5466723_NODE_783_length_3701_cov_516.176358	SRR5466723_k141_33629	6630	1.00	0.000E+00	3700	1	3701	111	3810	4014	3700	0	0	1	3700M
SRR5466723_NODE_783_length_3701_cov_516.176358	SRR5466729_k141_61523	6508	0.999	0.000E+00	14	3647	3701	162	3795	3865	0	3700	0	1	3634M
SRR5466723_NODE_783_length_3701_cov_516.176358	SRR6255733_k141_14949	6468	0.999	0.000E+00	14	3625	3701	134	3745	3989	0	3700	0	1	3612M
SRR5466727_NODE_1417_length_3904_cov_14.665368	SRR5466725_k141_105491	6908	0.998	0.000E+00	3903	34	3904	1	3870	3871	3903	0	0	3	3870M
SRR7976323_NODE_1847_length_3922_cov_210.096716	SRR6960802_k141_67924	6933	0.999	0.000E+00	48	3921	3922	692	4565	4566	0	3921	0	1	3874M
SRR5467139_NODE_138_length_3677_cov_16.107951	SRR5467139_k141_16924	6576	0.999	0.000E+00	3676	0	3677	0	3676	3677	3676	0	0	1	3677M
SRR5466338_NODE_2707_length_3400_cov_189.050523	SRR6255521_k141_23032	5968	0.999	0.000E+00	3392	55	3400	344	3681	3682	3399	0	0	1	3338M
SRR5466338_NODE_2707_length_3400_cov_189.050523	SRR5466337_k141_37572	5939	0.997	0.000E+00	3392	57	3400	117	3451	3452	3399	0	0	1	3247M1I88M
SRR5466338_NODE_2707_length_3400_cov_189.050523	SRR6255402_k141_888	5921	0.998	0.000E+00	3370	57	3400	316	3629	3630	3399	0	0	1	3314M
SRR5466338_NODE_2707_length_3400_cov_189.050523	SRR6049586_k141_6284	5848	0.994	0.000E+00	85	3399	3400	137	3449	3450	0	3399	0	1	28M1I29M1I3256M
SRR5466338_NODE_2707_length_3400_cov_189.050523	SRR6255513_k141_14127	5776	0.994	0.000E+00	3326	57	3400	174	3442	3443	3399	0	0	1	3181M1I88M
SRR5466725_NODE_1924_length_4246_cov_76.456216	SRR5466725_k141_99025	7607	1.00	0.000E+00	1	4245	4246	0	4244	4245	0	4245	0	5	4245M
SRR5466727_NODE_1497_length_3808_cov_26.009059	SRR5466725_k141_75388	6747	0.998	0.000E+00	33	3807	3808	0	3774	3780	0	3807	0	1	3775M
SRR5467090_NODE_693_length_3912_cov_49.662432	SRR5467090_k141_42193	6998	0.999	0.000E+00	3909	0	3912	0	3909	3910	3911	0	0	1	3910M
SRR6254351_NODE_734_length_4251_cov_28.372021	SRR5466365_k141_73140	7533	0.999	0.000E+00	4206	1	4251	217	4422	4433	4250	0	0	1	4206M
SRR6960509_NODE_1953_length_3827_cov_26.486214	SRR6960797_k141_34774	6790	1.00	0.000E+00	0	3788	3827	0	3788	3789	0	3826	0	1	3789M
SRR6960551_NODE_682_length_3643_cov_18.476867	SRR6960551_k141_905	6372	0.997	0.000E+00	65	3642	3643	0	3577	3578	0	3642	0	1	3578M
SRR5466365_NODE_939_length_4158_cov_60.803071	SRR5466365_k141_56011	7451	1.00	0.000E+00	4157	0	4158	0	4157	4158	4157	0	0	1	4158M
SRR5466365_NODE_939_length_4158_cov_60.803071	SRR5466369_k141_33380	7072	0.999	0.000E+00	4125	177	4158	11	3959	4179	4157	0	0	1	3949M
SRR5466728_NODE_611_length_3863_cov_13.550420	SRR5466728_k141_49020	6921	1.00	0.000E+00	1	3862	3863	0	3861	3862	0	3862	0	2	3862M
SRR5467090_NODE_809_length_3681_cov_18.503861	SRR5467090_k141_19986	6549	0.998	0.000E+00	3666	0	3681	0	3666	3667	3680	0	0	1	3667M
SRR6254984_NODE_700_length_4223_cov_139.976727	SRR6254984_k141_50328	7567	1.00	0.000E+00	4222	0	4223	0	4222	4223	4222	0	0	1	4223M
SRR6254984_NODE_700_length_4223_cov_139.976727	SRR5466338_k141_96778	6977	0.999	0.000E+00	3895	0	4223	210	4105	4106	4222	0	0	1	3896M
SRR6254984_NODE_700_length_4223_cov_139.976727	SRR6255513_k141_34841	6939	1.00	0.000E+00	3896	25	4223	0	3871	3940	4222	0	0	1	3872M
SRR6960549_NODE_77_length_4187_cov_9.668199	SRR6960549_k141_7975	7386	0.996	0.000E+00	33	4186	4187	0	4153	4154	0	4186	0	3	4154M
SRR6960551_NODE_777_length_3466_cov_277.086485	SRR6960509_k141_113775	6176	0.999	0.000E+00	3463	10	3466	0	3453	3454	3465	0	0	1	3454M
SRR7976300_NODE_1745_length_3394_cov_13.174903	SRR7976300_k141_43130	6078	0.999	0.000E+00	0	3393	3394	0	3393	3394	0	3393	0	1	3394M
SRR7687308_NODE_1900_length_3771_cov_8.824273	SRR7687308_k141_117758	6725	0.998	0.000E+00	3764	0	3771	0	3764	3765	3770	0	0	1	3765M
SRR6960549_NODE_93_length_3950_cov_13.887805	SRR7976299_k141_19543	7015	0.996	0.000E+00	3	3949	3950	197	4143	4161	0	3949	0	1	3947M
SRR6960549_NODE_93_length_3950_cov_13.887805	SRR6960540_k141_616	6880	0.991	0.000E+00	3935	9	3950	0	3926	4573	3949	0	0	1	3927M
SRR6960551_NODE_896_length_3231_cov_12.414987	SRR6960551_k141_16953	5781	0.999	0.000E+00	3230	0	3231	0	3230	3231	3230	0	0	2	3231M
SRR7976300_NODE_1828_length_3326_cov_7.463161	SRR7976300_k141_1325	5877	0.999	0.000E+00	0	3282	3326	0	3283	3284	0	3325	0	1	2109M1D1174M
SRR7963800_NODE_1691_length_3522_cov_45.282954	SRR7687334_k141_31193	6271	0.997	0.000E+00	3521	0	3522	2	3523	3524	3521	0	0	1	3522M
SRR6960799_NODE_663_length_3990_cov_5.744346	SRR6960799_k141_12016	7134	1.00	0.000E+00	0	3980	3990	0	3980	3981	0	3989	0	1	3981M
SRR6960799_NODE_2403_length_2470_cov_3.202899	SRR6960799_k141_24731	4354	0.999	0.000E+00	0	2431	2470	666	3097	3098	0	2469	0	1	2432M
SRR7976326_NODE_197_length_3559_cov_6.197203	SRR7976326_k141_28523	6265	1.00	0.000E+00	3500	5	3559	0	3495	3496	3558	0	0	1	3496M
SRR6960802_NODE_1292_length_3832_cov_49.448239	SRR6960802_k141_48935	6859	0.999	0.000E+00	3831	2	3832	0	3829	3830	3831	0	0	1	3830M
SRR6050698_NODE_178_length_3567_cov_105.955866	SRR6050698_k141_16058	6392	1.00	0.000E+00	3566	0	3567	0	3566	3567	3566	0	0	1	3567M
SRR5466365_NODE_1611_length_3385_cov_160.479880	SRR6255521_k141_23032	5934	0.996	0.000E+00	3343	4	3385	344	3681	3682	3384	0	0	1	3244M2I94M
SRR5466365_NODE_1611_length_3385_cov_160.479880	SRR5466337_k141_37572	5924	0.996	0.000E+00	3344	6	3385	116	3451	3452	3384	0	0	1	3249M3I87M
SRR5466365_NODE_1611_length_3385_cov_160.479880	SRR6255402_k141_888	5886	0.996	0.000E+00	3321	6	3385	316	3629	3630	3384	0	0	1	3222M2I92M
SRR5466365_NODE_1611_length_3385_cov_160.479880	SRR6049586_k141_6284	5839	0.994	0.000E+00	34	3342	3385	137	3441	3450	0	3384	0	1	28M1I27M4I6M1D3243M
SRR5466365_NODE_1611_length_3385_cov_160.479880	SRR6255513_k141_14127	5786	0.994	0.000E+00	3277	6	3385	174	3442	3443	3384	0	0	1	3182M3I87M
