SRR6255520_NODE_661_length_4110_cov_7.606143_g554_i0	SRR6255520_k141_37683	7365	1.00	0.000E+00	0	4109	4110	0	4109	4110	0	4109	0	301	4110M
SRR6255520_NODE_661_length_4110_cov_7.606143_g554_i0	SRR6253161_k141_64253	7275	1.00	0.000E+00	0	4059	4110	110	4169	4170	0	4109	0	301	4060M
SRR6960549_NODE_87_length_4269_cov_207.989276_g59_i0	SRR7976299_k141_19879	7567	0.999	0.000E+00	4240	11	4269	636	4865	4866	4268	0	0	2	4230M
SRR6960797_NODE_456_length_4216_cov_274.845040_g353_i0	SRR6960551_k141_36771	7523	0.999	0.000E+00	4215	7	4216	2	4207	4208	4215	0	0	1	2606M3I1600M
SRR6960797_NODE_456_length_4216_cov_274.845040_g353_i0	SRR6960509_k141_122811	7319	0.999	0.000E+00	119	4214	4216	330	4423	4424	0	4215	0	1	1484M2I2610M
SRR7976300_NODE_1985_length_3579_cov_7.797490_g1473_i0	SRR6960507_k141_71808	6346	0.999	0.000E+00	3545	0	3579	0	3545	3547	3578	0	0	2	3546M
SRR6960803_NODE_3221_length_4423_cov_13.007586_g1715_i0	SRR6960803_k141_11595	7917	1.00	0.000E+00	4422	5	4423	0	4417	4418	4422	0	0	1	4418M
SRR6960799_NODE_1413_length_3621_cov_8.234498_g929_i0	SRR6960799_k141_15736	6472	0.999	0.000E+00	3620	7	3621	0	3613	3614	3620	0	0	1	3614M
SRR7976323_NODE_2359_length_3905_cov_7.466336_g1719_i0	SRR7976323_k141_37060	6996	1.00	0.000E+00	3903	0	3905	0	3903	3904	3904	0	0	1	3904M
SRR7976325_NODE_516_length_3724_cov_18.876746_g337_i0	SRR7976325_k141_34495	6642	0.998	0.000E+00	0	3723	3724	0	3723	3724	0	3723	0	1	3724M
SRR6255733_NODE_913_length_3698_cov_11.010483_g740_i0	SRR6255733_k141_34695	6616	1.00	0.000E+00	0	3691	3698	0	3691	3692	0	3697	0	1	3692M
SRR7976299_NODE_89_length_4137_cov_19.502461_g72_i0	SRR7976299_k141_20259	7285	0.999	0.000E+00	4068	1	4137	1175	5242	5243	4136	0	0	1	4068M
SRR7976301_NODE_831_length_3981_cov_500.191914_g664_i0	SRR7976310_k141_43474	7113	0.999	0.000E+00	3980	9	3981	8	3979	3980	3980	0	0	1	3972M
SRR6960799_NODE_984_length_4118_cov_14.845983_g637_i0	SRR6960799_k141_100848	7370	0.999	0.000E+00	0	4117	4118	0	4117	4118	0	4117	0	1	4118M
SRR7976324_NODE_270_length_4758_cov_1151.593383_g193_i0	SRR6960802_k141_39625	5528	0.999	0.000E+00	4753	1662	4758	0	3091	3633	4757	0	0	1	3092M
SRR7976324_NODE_270_length_4758_cov_1151.593383_g193_i0	SRR7976324_k141_12864	5481	0.998	0.000E+00	4732	1662	4758	77	3147	3598	4757	0	0	1	3071M
SRR7976326_NODE_190_length_3973_cov_15.653846_g137_i0	SRR6960799_k141_3351	7100	0.999	0.000E+00	6	3972	3973	24	3990	3993	0	3972	0	2	3967M
SRR7976326_NODE_190_length_3973_cov_15.653846_g137_i0	SRR7976325_k141_38180	7026	0.999	0.000E+00	3926	1	3973	147	4072	4073	3972	0	0	2	3926M
SRR6960802_NODE_1936_length_3800_cov_16.524282_g1246_i0	SRR6960802_k141_20594	6725	1.00	0.000E+00	0	3752	3800	0	3752	3753	0	3799	0	2	3753M
SRR7976299_NODE_145_length_3757_cov_371.253257_g111_i0	SRR6960549_k141_11616	6641	0.998	0.000E+00	3752	32	3757	0	3720	3846	3756	0	0	1	3721M
SRR7976310_NODE_841_length_4155_cov_12.395394_g585_i0	SRR7976310_k141_68958	7412	0.999	0.000E+00	4152	12	4155	0	4140	4141	4154	0	0	1	4141M
SRR6960799_NODE_1123_length_3908_cov_348.514472_g729_i0	SRR7976325_k141_55065	6960	0.999	0.000E+00	7	3895	3908	34	3922	3923	0	3907	0	1	3889M
SRR7976357_NODE_3393_length_3727_cov_6.461959_g2033_i0	SRR7976357_k141_58452	6660	0.999	0.000E+00	0	3723	3727	0	3723	3724	0	3726	0	1	3724M
SRR7976325_NODE_315_length_4370_cov_1596.736328_g193_i0	SRR7976325_k141_16397	5743	0.999	0.000E+00	4368	1160	4370	0	3207	3660	4369	0	0	1	2387M1I821M
SRR7976356_NODE_3066_length_3659_cov_20.447295_g1800_i0	SRR6960803_k141_94777	6539	0.998	0.000E+00	0	3658	3659	0	3658	3659	0	3658	0	1	3659M
SRR6960507_NODE_1518_length_4043_cov_4.819899_g1189_i0	SRR6960507_k141_102737	6736	0.991	0.000E+00	197	4042	4043	0	3847	3848	0	4042	0	1	107M1D66M1D3673M
SRR5466366_NODE_1605_length_4914_cov_33.818219_g1059_i0	SRR5466338_k141_55708	7548	1.00	0.000E+00	4913	702	4914	246	4457	4532	4913	0	0	1	4212M
SRR5466366_NODE_1605_length_4914_cov_33.818219_g1059_i0	SRR6254353_k141_18183	7545	0.999	0.000E+00	701	4913	4914	108	4320	4325	0	4913	0	1	4213M
SRR5466366_NODE_1605_length_4914_cov_33.818219_g1059_i0	SRR6254893_k141_22990	7541	0.999	0.000E+00	701	4913	4914	54	4266	4341	0	4913	0	1	4213M
SRR5466366_NODE_1605_length_4914_cov_33.818219_g1059_i0	SRR5467090_k141_31441	7541	0.999	0.000E+00	701	4913	4914	98	4310	4663	0	4913	0	1	4213M
SRR5466366_NODE_1605_length_4914_cov_33.818219_g1059_i0	SRR5467091_k141_79590	7464	0.999	0.000E+00	4874	702	4914	96	4268	4357	4913	0	0	1	4173M
SRR6960551_NODE_1253_length_3231_cov_8.869538_g873_i0	SRR6960551_k141_16953	5781	0.999	0.000E+00	0	3230	3231	0	3230	3231	0	3230	0	5	3231M
SRR7976300_NODE_1776_length_3749_cov_30.760337_g1316_i0	SRR6960507_k141_90808	6700	1.00	0.000E+00	3748	10	3749	11	3749	3829	3748	0	0	1	3739M
SRR7976300_NODE_1776_length_3749_cov_30.760337_g1316_i0	SRR7976295_k141_9071	6639	1.00	0.000E+00	0	3704	3749	0	3704	3788	0	3748	0	1	3705M
SRR7976310_NODE_1169_length_3618_cov_22.977715_g841_i0	SRR7976310_k141_1371	6473	1.00	0.000E+00	3611	0	3618	0	3611	3612	3617	0	0	2	3612M
SRR6960799_NODE_1336_length_3697_cov_3.903422_g874_i0	SRR6960799_k141_104198	6510	0.993	0.000E+00	0	3692	3697	90	3782	3783	0	3696	0	1	3693M
SRR7976327_NODE_6427_length_3680_cov_15.494594_g3554_i0	SRR6960801_k141_38557	6508	0.995	0.000E+00	3679	11	3680	5	3673	3674	3679	0	0	1	3669M
SRR7976325_NODE_495_length_3764_cov_10.558385_g325_i0	SRR7976325_k141_64980	6727	0.998	0.000E+00	3763	0	3764	0	3763	3764	3763	0	0	1	3764M
SRR5208570_NODE_171_length_4204_cov_5.975309_g92_i0	SRR5208574_k141_12989	7467	0.996	0.000E+00	2	4203	4204	0	4201	4202	0	4203	0	1	4202M
SRR6960507_NODE_2130_length_3547_cov_19.761658_g1685_i0	SRR6960507_k141_82453	6294	0.996	0.000E+00	3546	0	3547	0	3546	3547	3546	0	0	1	3547M
SRR5466337_NODE_2087_length_3409_cov_90.366906_g1338_i0	SRR5466337_k141_37572	6072	0.997	0.000E+00	3408	1	3409	45	3451	3452	3408	0	0	1	3319M1I88M
SRR5466337_NODE_2087_length_3409_cov_90.366906_g1338_i0	SRR6255521_k141_23032	5967	0.999	0.000E+00	3336	0	3409	344	3680	3682	3408	0	0	1	3337M
SRR5466337_NODE_2087_length_3409_cov_90.366906_g1338_i0	SRR6255402_k141_888	5921	0.998	0.000E+00	3314	1	3409	316	3629	3630	3408	0	0	1	3314M
SRR5466337_NODE_2087_length_3409_cov_90.366906_g1338_i0	SRR6049586_k141_6284	5834	0.994	0.000E+00	29	3335	3409	137	3441	3450	0	3408	0	1	28M1I29M1I3248M
SRR5466337_NODE_2087_length_3409_cov_90.366906_g1338_i0	SRR6255513_k141_14127	5776	0.994	0.000E+00	3270	1	3409	174	3442	3443	3408	0	0	1	3181M1I88M
SRR6960549_NODE_167_length_3709_cov_8.053905_g119_i0	SRR6960549_k141_12052	6624	0.999	0.000E+00	8	3706	3709	0	3698	3699	0	3708	0	301	3699M
SRR6960797_NODE_703_length_3637_cov_12.761504_g548_i0	SRR6960797_k141_33853	6500	0.999	0.000E+00	0	3631	3637	0	3631	3632	0	3636	0	1	3632M
SRR7976301_NODE_728_length_4228_cov_17.291937_g574_i0	SRR7976310_k141_58466	7539	1.00	0.000E+00	21	4227	4228	0	4206	4210	0	4227	0	1	4207M
SRR6960799_NODE_1503_length_3535_cov_14.919988_g995_i0	SRR6960799_k141_106116	6324	0.999	0.000E+00	3534	1	3535	0	3533	3534	3534	0	0	1	3534M
SRR7976323_NODE_2632_length_3718_cov_13.627435_g1909_i0	SRR7976323_k141_64081	6504	0.990	0.000E+00	0	3717	3718	0	3718	3719	0	3717	0	1	87M1D3631M
SRR7976323_NODE_2632_length_3718_cov_13.627435_g1909_i0	SRR6960802_k141_80032	6485	0.992	0.000E+00	0	3684	3718	0	3685	3686	0	3717	0	1	87M1D3598M
SRR7976325_NODE_622_length_3512_cov_6.355336_g412_i0	SRR7976325_k141_34576	6289	0.999	0.000E+00	0	3511	3512	0	3511	3545	0	3511	0	2	3512M
SRR5467090_NODE_1034_length_3588_cov_16.478236_g827_i0	SRR5467090_k141_35687	6395	0.997	0.000E+00	0	3587	3588	0	3589	3590	0	3587	0	1	132M2D3456M
SRR5467090_NODE_1034_length_3588_cov_16.478236_g827_i0	SRR5466365_k141_38362	6139	0.992	0.000E+00	5	3494	3588	0	3491	3586	0	3587	0	1	127M2D3363M
SRR6253161_NODE_1538_length_3903_cov_8.384595_g1086_i0	SRR6253161_k141_60417	6992	1.00	0.000E+00	0	3901	3903	0	3901	3902	0	3902	0	2	3902M
SRR6255746_NODE_799_length_4095_cov_70.988563_g597_i0	SRR6255733_k141_1727	7332	0.999	0.000E+00	4093	0	4095	0	4093	4094	4094	0	0	1	4094M
SRR6255746_NODE_799_length_4095_cov_70.988563_g597_i0	SRR7976310_k141_15385	7160	0.996	0.000E+00	4027	0	4095	785	4812	4814	4094	0	0	1	4028M
SRR6960551_NODE_688_length_4082_cov_11.124969_g446_i1	SRR6960797_k141_47730	6597	0.999	0.000E+00	3688	0	4082	603	4291	4298	4081	0	0	2	3689M
SRR7976299_NODE_102_length_4061_cov_38.198094_g83_i0	SRR7976299_k141_17787	7258	1.00	0.000E+00	4050	1	4061	0	4049	4050	4060	0	0	1	4050M
SRR7687334_NODE_2731_length_3524_cov_807.215879_g1223_i1	SRR7687334_k141_31193	6315	1.00	0.000E+00	0	3523	3524	0	3523	3524	0	3523	0	1	3524M
SRR6960799_NODE_1040_length_4049_cov_30.205231_g671_i0	SRR7976325_k141_27138	7254	1.00	0.000E+00	4048	1	4049	0	4047	4048	4048	0	0	1	4048M
SRR7976357_NODE_2595_length_4266_cov_9.045075_g1524_i0	SRR7976357_k141_77023	7614	0.998	0.000E+00	0	4263	4266	0	4263	4264	0	4265	0	1	4264M
SRR6960507_NODE_1248_length_4376_cov_20.232164_g964_i0	SRR7976300_k141_20868	7737	0.994	0.000E+00	0	4374	4376	0	4374	4375	0	4375	0	1	4375M
SRR5466365_NODE_2141_length_3549_cov_7.415420_g1382_i0	SRR5466366_k141_50431	6311	0.997	0.000E+00	3548	5	3549	45	3588	3589	3548	0	0	1	3544M
SRR5466725_NODE_2511_length_3746_cov_1161.997277_g1922_i1	SRR5466729_k141_35615	6575	0.991	0.000E+00	3744	1	3746	53	3796	3797	3745	0	0	1	3744M
SRR5466728_NODE_688_length_3752_cov_24.997825_g579_i0	SRR5467090_k141_2299	6582	1.00	0.000E+00	6	3678	3752	0	3672	3673	0	3751	0	1	3673M
SRR5467091_NODE_964_length_4316_cov_8.114777_g733_i0	SRR5467090_k141_73429	7642	0.998	0.000E+00	4309	28	4316	91	4372	4401	4315	0	0	1	4282M
SRR6253256_NODE_738_length_4483_cov_1256.322449_g576_i0	SRR5466369_k141_105454	6893	0.996	0.000E+00	3886	3	4483	56	3939	3940	4482	0	0	1	3884M
SRR6253256_NODE_738_length_4483_cov_1256.322449_g576_i0	SRR5466337_k141_23779	6856	0.995	0.000E+00	29	3895	4483	0	3867	4136	0	4482	0	1	3858M1D9M
SRR6253256_NODE_738_length_4483_cov_1256.322449_g576_i0	SRR6255402_k141_28300	6845	0.995	0.000E+00	25	3884	4483	0	3859	3903	0	4482	0	1	3860M
SRR6253256_NODE_738_length_4483_cov_1256.322449_g576_i0	SRR6254351_k141_40121	6839	0.996	0.000E+00	30	3883	4483	0	3853	3932	0	4482	0	1	3854M
SRR6960551_NODE_805_length_3851_cov_9.898624_g571_i0	SRR6960551_k141_6601	6886	0.999	0.000E+00	1	3850	3851	0	3849	3850	0	3850	0	4	3850M
SRR7976299_NODE_136_length_3819_cov_6.122531_g105_i0	SRR7976299_k141_14857	6800	0.999	0.000E+00	3798	2	3819	0	3796	3797	3818	0	0	1	3797M
SRR7976310_NODE_664_length_4535_cov_13.759301_g453_i0	SRR7976301_k141_84605	8055	0.998	0.000E+00	4511	2	4535	0	4509	4510	4534	0	0	1	4510M
SRR6960799_NODE_1158_length_3876_cov_5.912175_g753_i0	SRR6960799_k141_44674	6909	0.998	0.000E+00	3867	0	3876	0	3867	3868	3875	0	0	1	3868M
SRR7976357_NODE_3490_length_3680_cov_13.022734_g2089_i0	SRR7976356_k141_47516	6530	0.996	0.000E+00	3676	3	3680	0	3673	3674	3679	0	0	1	3674M
SRR7976325_NODE_351_length_4216_cov_4.072170_g217_i0	SRR6960799_k141_59247	7528	1.00	0.000E+00	15	4215	4216	0	4200	4206	0	4215	0	1	4201M
SRR6960507_NODE_1520_length_4040_cov_7.488782_g1190_i0	SRR6960507_k141_27064	7218	1.00	0.000E+00	4036	9	4040	0	4027	4028	4039	0	0	1	4028M
SRR5466366_NODE_2775_length_3804_cov_6.503082_g1892_i0	SRR5466369_k141_59350	6797	0.999	0.000E+00	3797	0	3804	0	3797	3801	3803	0	0	1	3798M
SRR5466366_NODE_2775_length_3804_cov_6.503082_g1892_i0	SRR5466364_k141_96590	6582	1.00	0.000E+00	3800	128	3804	0	3672	3757	3803	0	0	1	3673M
SRR5466725_NODE_2763_length_3569_cov_16.596110_g2118_i0	SRR5466725_k141_88082	6373	0.998	0.000E+00	3568	0	3569	0	3568	3569	3568	0	0	2	3569M
SRR5466729_NODE_797_length_4672_cov_47.613177_g598_i0	SRR6255733_k141_1727	2058	0.998	0.000E+00	4671	3519	4672	1	1153	4094	4671	0	0	1	1153M
SRR5466729_NODE_797_length_4672_cov_47.613177_g598_i0	SRR7976310_k141_15385	1924	0.994	0.000E+00	4606	3519	4672	785	1872	4814	4671	0	0	1	1088M
SRR5467091_NODE_1084_length_4136_cov_6.582082_g830_i0	SRR5467091_k141_58829	7378	0.999	0.000E+00	1	4120	4136	0	4119	4120	0	4135	0	2	4120M
SRR6254351_NODE_1065_length_4588_cov_22633.434109_g7_i28	SRR6254351_k141_40121	6997	0.997	0.000E+00	29	3960	4588	0	3931	3932	0	4587	0	1	3932M
SRR6254351_NODE_1065_length_4588_cov_22633.434109_g7_i28	SRR5466369_k141_105454	6898	0.996	0.000E+00	3883	2	4588	58	3939	3940	4587	0	0	1	3882M
SRR6254351_NODE_1065_length_4588_cov_22633.434109_g7_i28	SRR6255402_k141_28300	6844	0.995	0.000E+00	24	3882	4588	0	3858	3903	0	4587	0	1	3859M
SRR6254351_NODE_1065_length_4588_cov_22633.434109_g7_i28	SRR5466337_k141_23779	6836	0.995	0.000E+00	28	3882	4588	0	3854	4136	0	4587	0	1	3855M
SRR7976323_NODE_3165_length_3386_cov_12.853909_g2294_i0	SRR7976323_k141_17376	5958	0.996	0.000E+00	8	3364	3386	0	3356	3357	0	3385	0	301	3357M
SRR5467139_NODE_220_length_3679_cov_10.275652_g119_i0	SRR5467139_k141_26187	6570	0.998	0.000E+00	0	3678	3679	0	3678	3679	0	3678	0	1	3679M
SRR5466364_NODE_1753_length_4377_cov_9.851998_g1142_i0	SRR5466364_k141_10329	7814	0.999	0.000E+00	4362	0	4377	0	4362	4363	4376	0	0	1	4363M
SRR5466725_NODE_2219_length_3976_cov_42.033564_g1691_i0	SRR5466725_k141_67257	7096	0.998	0.000E+00	3975	1	3976	0	3974	3975	3975	0	0	1	3975M
SRR5467090_NODE_867_length_3808_cov_13.522892_g686_i0	SRR5467090_k141_36658	6819	1.00	0.000E+00	3	3807	3808	0	3804	3809	0	3807	0	1	3805M
SRR6253161_NODE_466_length_6005_cov_61.818948_g206_i1	SRR5466369_k141_49057	7184	1.00	0.000E+00	5997	1989	6005	0	4008	4066	6004	0	0	1	4009M
SRR6253161_NODE_466_length_6005_cov_61.818948_g206_i1	SRR5466338_k141_3607	7175	1.00	0.000E+00	5990	1987	6005	0	4003	4124	6004	0	0	1	4004M
SRR6253161_NODE_466_length_6005_cov_61.818948_g206_i1	SRR5466365_k141_25	7175	1.00	0.000E+00	5990	1987	6005	0	4003	4151	6004	0	0	1	4004M
SRR6253161_NODE_466_length_6005_cov_61.818948_g206_i1	SRR6255402_k141_13499	7175	1.00	0.000E+00	5990	1987	6005	0	4003	4779	6004	0	0	1	4004M
SRR6253161_NODE_466_length_6005_cov_61.818948_g206_i1	SRR5466366_k141_40490	7170	1.00	0.000E+00	5990	1990	6005	0	4000	4080	6004	0	0	1	4001M
SRR6255733_NODE_781_length_3990_cov_10.112586_g629_i0	SRR6255746_k141_1205	6978	0.990	0.000E+00	1	3989	3990	0	3988	3989	0	3989	0	5	3989M
SRR6960549_NODE_215_length_3481_cov_57.326878_g153_i0	SRR6960549_k141_4692	6202	1.00	0.000E+00	0	3460	3481	560	4020	4022	0	3480	0	1	3461M
SRR6960799_NODE_949_length_4161_cov_11.586840_g615_i0	SRR7976325_k141_26012	7065	0.996	0.000E+00	38	4012	4161	0	3974	4870	0	4160	0	1	3975M
SRR6960799_NODE_1816_length_3294_cov_5.136604_g1214_i0	SRR6960799_k141_58921	5901	1.00	0.000E+00	3292	0	3294	0	3292	3293	3293	0	0	1	3293M
SRR7976326_NODE_185_length_4002_cov_8.921100_g132_i0	SRR7976326_k141_28804	6979	0.995	0.000E+00	4001	60	4002	30	3971	3972	4001	0	0	1	3942M
SRR5467140_NODE_92_length_4048_cov_26.580629_g35_i0	SRR5467140_k141_1740	7205	0.997	0.000E+00	0	4047	4048	0	4047	4048	0	4047	0	1	4048M
SRR5466364_NODE_2404_length_3832_cov_11.354616_g1610_i0	SRR5466364_k141_49609	6850	0.999	0.000E+00	3829	0	3832	0	3829	3830	3831	0	0	1	3830M
SRR5466725_NODE_2322_length_3892_cov_27.326002_g1773_i0	SRR5466725_k141_104948	6968	0.999	0.000E+00	1	3891	3892	0	3890	3891	0	3891	0	1	3891M
SRR5466728_NODE_406_length_4555_cov_117.385542_g337_i0	SRR5466728_k141_50028	8145	0.999	0.000E+00	3	4550	4555	0	4547	4548	0	4554	0	1	4548M
SRR5466728_NODE_406_length_4555_cov_117.385542_g337_i0	SRR5467091_k141_81572	6774	0.998	0.000E+00	761	4550	4555	60	3849	3853	0	4554	0	1	3790M
SRR5467090_NODE_958_length_3681_cov_13.525499_g762_i0	SRR5467090_k141_19986	6549	0.998	0.000E+00	14	3680	3681	0	3666	3667	0	3680	0	2	3667M
SRR6253161_NODE_1290_length_4139_cov_11.646581_g904_i0	SRR6253161_k141_64253	7417	1.00	0.000E+00	0	4138	4139	31	4169	4170	0	4138	0	1	4139M
SRR6253161_NODE_1290_length_4139_cov_11.646581_g904_i0	SRR6255520_k141_37683	7275	1.00	0.000E+00	79	4138	4139	0	4059	4110	0	4138	0	1	4060M
SRR7976299_NODE_106_length_3991_cov_5.451506_g85_i0	SRR7976299_k141_5033	7132	0.998	0.000E+00	3989	0	3991	0	3989	3990	3990	0	0	2	3990M
SRR7976301_NODE_1069_length_3660_cov_45.180652_g850_i0	SRR7976301_k141_30412	6557	1.00	0.000E+00	0	3658	3660	0	3658	3659	0	3659	0	1	3659M
SRR7687308_NODE_3158_length_3771_cov_5.600865_g1813_i0	SRR7687308_k141_117758	6733	0.999	0.000E+00	3764	0	3771	0	3764	3765	3770	0	0	1	3765M
SRR6960799_NODE_1053_length_4034_cov_166.325423_g683_i0	SRR6960799_k141_12111	7197	1.00	0.000E+00	4033	18	4034	0	4015	4148	4033	0	0	1	4016M
SRR7976357_NODE_2605_length_4259_cov_23.213569_g1531_i0	SRR6960803_k141_25808	7605	0.998	0.000E+00	4258	0	4259	0	4258	4269	4258	0	0	1	4259M
SRR7976326_NODE_234_length_3760_cov_45.483049_g167_i0	SRR7976326_k141_7835	6671	0.996	0.000E+00	0	3759	3760	0	3759	3760	0	3759	0	1	3760M
SRR7976356_NODE_2681_length_3919_cov_75.134165_g1558_i0	SRR7976357_k141_64047	6111	0.998	0.000E+00	3907	488	3919	103	3522	3706	3918	0	0	1	3420M
SRR6050698_NODE_263_length_3906_cov_197.885729_g141_i0	SRR6050716_k141_3189	6728	0.991	0.000E+00	0	3831	3906	4	3835	3861	0	3905	0	1	3832M
SRR5466365_NODE_1780_length_3841_cov_15.673567_g1125_i0	SRR5466728_k141_20356	6853	0.999	0.000E+00	9	3835	3841	368	4194	4195	0	3840	0	1	3827M
SRR7976300_NODE_1757_length_3762_cov_14.381675_g1303_i0	SRR7976300_k141_31841	6715	0.998	0.000E+00	3761	0	3762	28	3789	3790	3761	0	0	1	3762M
SRR7976310_NODE_1077_length_3740_cov_7.153259_g770_i0	SRR7976310_k141_64724	6684	0.998	0.000E+00	0	3739	3740	0	3739	3740	0	3739	0	1	3740M
SRR6960799_NODE_1318_length_3711_cov_27.138538_g865_i0	SRR6960799_k141_98715	6641	0.999	0.000E+00	0	3710	3711	0	3710	3711	0	3710	0	1	3711M
SRR7976357_NODE_3951_length_3441_cov_17.002969_g2392_i0	SRR7976357_k141_24444	6144	0.998	0.000E+00	0	3440	3441	0	3440	3441	0	3440	0	1	3441M
SRR7976325_NODE_481_length_3801_cov_9.524946_g316_i0	SRR7976325_k141_54772	6776	0.998	0.000E+00	5	3800	3801	0	3795	3796	0	3800	0	1	3796M
SRR6050738_NODE_157_length_3912_cov_13.555092_g105_i0	SRR6050738_k141_35772	6991	0.998	0.000E+00	3910	0	3912	0	3910	3914	3911	0	0	1	3911M
SRR6960507_NODE_1981_length_3642_cov_24.923228_g1564_i0	SRR6960507_k141_64340	6504	0.998	0.000E+00	3641	0	3642	0	3641	3663	3641	0	0	1	3642M
SRR5466337_NODE_1149_length_4297_cov_3.958807_g695_i0	SRR5466365_k141_36451	7610	0.999	0.000E+00	0	4256	4297	69	4325	4326	0	4296	0	1	4257M
SRR5466337_NODE_1149_length_4297_cov_3.958807_g695_i0	SRR5466364_k141_64533	5031	0.998	0.000E+00	4296	1481	4297	11	2827	4375	4296	0	0	1	2788M1D28M
SRR7976323_NODE_1670_length_4508_cov_3.975874_g1233_i0	SRR7976323_k141_51982	8057	1.00	0.000E+00	4503	8	4508	0	4495	4496	4507	0	0	2	4496M
SRR7976325_NODE_496_length_3763_cov_7.673171_g326_i0	SRR7976325_k141_22650	6743	1.00	0.000E+00	3762	0	3763	0	3762	3763	3762	0	0	1	3763M
SRR5208570_NODE_195_length_4004_cov_12.207835_g105_i0	SRR6050738_k141_9003	7110	0.996	0.000E+00	1	4000	4004	0	3999	4014	0	4003	0	1	4000M
SRR6960507_NODE_2256_length_3474_cov_12.935019_g1790_i0	SRR6960507_k141_82810	6190	0.997	0.000E+00	0	3473	3474	0	3473	3474	0	3473	0	1	3474M
SRR5466723_NODE_454_length_4796_cov_11.741901_g358_i0	SRR6255746_k141_28865	8521	0.996	0.000E+00	0	4792	4796	0	4792	4793	0	4795	0	1	4793M
SRR5466727_NODE_1092_length_4229_cov_49.944658_g933_i0	SRR5466727_k141_57755	7570	0.999	0.000E+00	2	4228	4229	90	4316	4317	0	4228	0	1	4227M
SRR5466727_NODE_1092_length_4229_cov_49.944658_g933_i0	SRR6255733_k141_29569	7512	0.999	0.000E+00	4198	2	4229	54	4250	4251	4228	0	0	1	4197M
SRR5466729_NODE_1883_length_3310_cov_511.451344_g822_i2	SRR5466729_k141_61523	4995	0.999	0.000E+00	518	3309	3310	1073	3864	3865	0	3309	0	2	2792M
SRR5466729_NODE_1883_length_3310_cov_511.451344_g822_i2	SRR5466723_k141_33629	4871	0.999	0.000E+00	3241	519	3310	163	2885	4014	3309	0	0	2	2723M
SRR5466729_NODE_1883_length_3310_cov_511.451344_g822_i2	SRR6255733_k141_14949	4832	0.999	0.000E+00	518	3218	3310	1045	3745	3989	0	3309	0	2	2701M
SRR5467091_NODE_1431_length_3668_cov_8.430320_g1106_i0	SRR5467091_k141_71505	6473	0.997	0.000E+00	3667	36	3668	0	3631	3632	3667	0	0	3	3632M
SRR6255520_NODE_619_length_4237_cov_4.506964_g514_i0	SRR6255520_k141_46701	7559	0.998	0.000E+00	4236	6	4237	0	4230	4231	4236	0	0	1	4231M
SRR6960549_NODE_73_length_4420_cov_7.651714_g52_i0	SRR6960549_k141_18137	7897	1.00	0.000E+00	6	4412	4420	0	4406	4407	0	4419	0	-1975523456	4407M
SRR5466725_NODE_2228_length_3970_cov_10.853734_g1697_i0	SRR5466725_k141_71409	7114	1.00	0.000E+00	3969	0	3970	0	3969	3970	3969	0	0	301	3970M
SRR5466728_NODE_367_length_4789_cov_22.142070_g299_i0	SRR5467090_k141_1032	8429	0.993	0.000E+00	0	4783	4789	3	4786	4816	0	4788	0	1	4784M
SRR5467090_NODE_891_length_3776_cov_51.700783_g706_i0	SRR7976301_k141_11503	6478	0.990	0.000E+00	75	3775	3776	828	4529	4551	0	3775	0	1	3322M1D379M
SRR5467090_NODE_891_length_3776_cov_51.700783_g706_i0	SRR7976310_k141_33021	6455	0.990	0.000E+00	81	3775	3776	304	3998	4000	0	3775	0	1	6M1I3309M1D379M
SRR6253161_NODE_858_length_4779_cov_8.303230_g592_i0	SRR5466365_k141_76870	8556	0.999	0.000E+00	4776	0	4779	0	4776	4777	4778	0	0	2	4777M
SRR6255733_NODE_842_length_3856_cov_12953.289717_g681_i0	SRR5466725_k141_46128	6718	1.00	0.000E+00	0	3748	3856	2	3750	3969	0	3855	0	1	3749M
SRR6960549_NODE_275_length_3169_cov_30.665052_g100_i1	SRR7976310_k141_50396	4902	0.999	0.000E+00	3142	403	3169	332	3071	4174	3168	0	0	1	2740M
SRR7976299_NODE_74_length_4380_cov_42.158579_g61_i0	SRR7976299_k141_21390	7808	1.00	0.000E+00	4379	23	4380	0	4356	4357	4379	0	0	1	4357M
SRR7976301_NODE_827_length_4001_cov_128.769348_g660_i0	SRR7976301_k141_34515	7155	1.00	0.000E+00	6	3998	4001	0	3992	3993	0	4000	0	1	3993M
SRR6050482_NODE_27_length_4315_cov_8.529231_g12_i0	SRR6050482_k141_6209	7728	0.999	0.000E+00	4314	0	4315	0	4314	4315	4314	0	0	1	4315M
SRR5466364_NODE_2724_length_3650_cov_23.304725_g1821_i0	SRR5466364_k141_57323	6518	0.998	0.000E+00	0	3649	3650	0	3649	3650	0	3649	0	1	3650M
SRR5466364_NODE_2724_length_3650_cov_23.304725_g1821_i0	SRR5466338_k141_47000	6170	0.995	0.000E+00	3477	0	3650	250	3727	3740	3649	0	0	1	3478M
SRR5466725_NODE_2385_length_3845_cov_13.143160_g1825_i0	SRR5466725_k141_105491	6859	0.998	0.000E+00	0	3844	3845	2	3846	3871	0	3844	0	2	3845M
SRR5466728_NODE_437_length_4446_cov_20681.534416_g363_i0	SRR5466728_k141_34192	6450	0.995	0.000E+00	3679	38	4446	0	3641	3828	4445	0	0	1	3642M
SRR5466728_NODE_437_length_4446_cov_20681.534416_g363_i0	SRR5467090_k141_21498	6275	0.993	0.000E+00	3558	0	4446	55	3613	3624	4445	0	0	1	3559M
SRR5467090_NODE_1027_length_3596_cov_29.071530_g823_i0	SRR5467090_k141_21498	6390	0.996	0.000E+00	3595	0	3596	28	3623	3624	3595	0	0	2	3596M
SRR5467090_NODE_1027_length_3596_cov_29.071530_g823_i0	SRR5466728_k141_34192	6225	0.994	0.000E+00	3568	48	3596	121	3641	3828	3595	0	0	2	3521M
SRR6253161_NODE_1304_length_4115_cov_12.671697_g914_i0	SRR6253161_k141_41474	7365	1.00	0.000E+00	4112	3	4115	0	4109	4110	4114	0	0	2	4110M
SRR6255733_NODE_990_length_3560_cov_100.405793_g802_i0	SRR6255733_k141_26739	6231	0.998	0.000E+00	3559	73	3560	0	3486	3552	3559	0	0	1	3487M
SRR6960551_NODE_645_length_4194_cov_22.135161_g468_i0	SRR6960551_k141_80417	7390	0.993	0.000E+00	4193	0	4194	0	4193	4196	4193	0	0	1	4194M
SRR7976299_NODE_100_length_4073_cov_7.638750_g81_i0	SRR7976299_k141_3810	7240	0.999	0.000E+00	30	4072	4073	0	4042	4043	0	4072	0	1	4043M
SRR7976301_NODE_936_length_3826_cov_334.284572_g753_i0	SRR7976301_k141_33928	6834	0.999	0.000E+00	0	3815	3826	4	3819	3820	0	3825	0	1	3816M
SRR7976301_NODE_936_length_3826_cov_334.284572_g753_i0	SRR7976310_k141_20899	6587	0.999	0.000E+00	3	3680	3826	102	3779	4113	0	3825	0	1	3678M
SRR7976326_NODE_197_length_3923_cov_7.543896_g142_i0	SRR7976326_k141_13959	6982	0.999	0.000E+00	24	3922	3923	0	3898	3899	0	3922	0	2	3899M
SRR6050698_NODE_237_length_4026_cov_24.008348_g129_i0	SRR5208574_k141_11339	7043	0.991	0.000E+00	3	4022	4026	0	4019	4020	0	4025	0	1	4020M
SRR5466725_NODE_2438_length_3805_cov_22.780815_g1864_i0	SRR5466725_k141_75388	6765	0.999	0.000E+00	25	3804	3805	0	3779	3780	0	3804	0	1	3780M
SRR5466728_NODE_580_length_3981_cov_14.908905_g486_i0	SRR5466728_k141_58640	7129	0.999	0.000E+00	3980	0	3981	0	3980	3981	3980	0	0	1	3981M
SRR5467090_NODE_1538_length_3039_cov_3442.431895_g1249_i0	SRR5467091_k141_77603	5220	0.999	0.000E+00	123	3037	3039	1210	4124	4143	0	3038	0	1	2915M
SRR6253161_NODE_1622_length_3828_cov_2589.314780_g1145_i0	SRR5466369_k141_87890	5032	0.999	0.000E+00	3827	1015	3828	0	2812	3722	3827	0	0	1	2813M
SRR6255746_NODE_848_length_3989_cov_12.108529_g639_i0	SRR6255746_k141_1205	7023	0.992	0.000E+00	3988	0	3989	0	3988	3989	3988	0	0	1	3989M
SRR6960551_NODE_715_length_4040_cov_487.785984_g514_i0	SRR6960551_k141_62068	7219	0.999	0.000E+00	0	4035	4040	0	4035	4036	0	4039	0	1	4036M
SRR6960551_NODE_715_length_4040_cov_487.785984_g514_i0	SRR6960509_k141_107721	7141	0.996	0.000E+00	4027	8	4040	15	4034	4039	4039	0	0	1	4020M
SRR6960803_NODE_4123_length_3846_cov_26.151073_g2275_i0	SRR6960803_k141_38471	6882	0.999	0.000E+00	0	3842	3846	0	3842	3843	0	3845	0	301	3843M
SRR6960799_NODE_1439_length_3595_cov_7.280806_g948_i0	SRR6960799_k141_15981	6411	0.998	0.000E+00	3594	0	3595	0	3594	3595	3594	0	0	1	3595M
SRR7976323_NODE_2435_length_3852_cov_550.841757_g1770_i0	SRR7976324_k141_39099	6874	0.999	0.000E+00	3841	0	3852	1031	4873	4874	3851	0	0	1	3827M1D15M
SRR7976325_NODE_554_length_3646_cov_13.761825_g368_i0	SRR7976325_k141_13953	6515	0.999	0.000E+00	3645	3	3646	0	3642	3643	3645	0	0	1	3643M
SRR5208572_NODE_69_length_4309_cov_39.160057_g31_i0	SRR5208572_k141_14676	7699	0.998	0.000E+00	0	4308	4309	0	4308	4309	0	4308	0	1	4309M
SRR5466725_NODE_1797_length_4422_cov_865.404231_g1357_i0	SRR5466725_k141_105146	7911	0.999	0.000E+00	4421	0	4422	1	4422	6270	4421	0	0	1	4422M
SRR5466725_NODE_1797_length_4422_cov_865.404231_g1357_i0	SRR5466723_k141_22001	7767	0.999	0.000E+00	4421	80	4422	56	4397	4454	4421	0	0	1	4342M
SRR5466725_NODE_1797_length_4422_cov_865.404231_g1357_i0	SRR6255733_k141_18943	7722	0.998	0.000E+00	79	4400	4422	55	4376	4592	0	4421	0	1	4322M
SRR5466727_NODE_1192_length_4069_cov_396.271772_g1019_i0	SRR6255746_k141_24303	6059	0.998	0.000E+00	4068	673	4069	14	3409	3896	4068	0	0	3	3396M
SRR5466727_NODE_1192_length_4069_cov_396.271772_g1019_i0	SRR5466725_k141_61370	6052	0.997	0.000E+00	672	4068	4069	1595	4991	4995	0	4068	0	3	3397M
SRR5466727_NODE_1192_length_4069_cov_396.271772_g1019_i0	SRR5466727_k141_25114	5967	0.997	0.000E+00	4019	673	4069	86	3432	3845	4068	0	0	3	3347M
SRR6960799_NODE_1002_length_4096_cov_16.569724_g646_i0	SRR6960799_k141_15337	7335	0.999	0.000E+00	4095	0	4096	0	4095	4096	4095	0	0	3	4096M
SRR7976324_NODE_407_length_4161_cov_6.173190_g288_i0	SRR6960802_k141_19206	7341	0.994	0.000E+00	4160	5	4161	67	4224	4321	4160	0	0	1	2611M1D1536M1D9M
SRR7976326_NODE_196_length_3933_cov_10.570466_g141_i0	SRR7976326_k141_23424	7040	0.999	0.000E+00	2	3932	3933	0	3930	3931	0	3932	0	1	3931M
SRR6960802_NODE_2308_length_3509_cov_36.163271_g1499_i0	SRR7976323_k141_84413	6281	1.00	0.000E+00	0	3504	3509	0	3504	3505	0	3508	0	1	3505M
SRR6050643_NODE_18_length_3974_cov_6.852602_g11_i0	SRR6050643_k141_9132	6996	0.992	0.000E+00	0	3973	3974	0	3973	3974	0	3973	0	1	3974M
SRR5466365_NODE_1070_length_4712_cov_16786.365812_g653_i0	SRR5466365_k141_76517	7116	0.999	0.000E+00	4701	726	4712	0	3975	3976	4711	0	0	1	3976M
SRR5466725_NODE_2421_length_3817_cov_87.387821_g1854_i0	SRR5466729_k141_74512	6825	0.999	0.000E+00	3816	6	3817	9	3819	3820	3816	0	0	1	3811M
SRR5466725_NODE_2421_length_3817_cov_87.387821_g1854_i0	SRR5466723_k141_22106	6756	1.00	0.000E+00	3816	47	3817	0	3769	4151	3816	0	0	1	3770M
SRR7976325_NODE_440_length_3927_cov_32.243124_g284_i0	SRR6960799_k141_65355	7024	0.999	0.000E+00	3926	0	3927	0	3926	3927	3926	0	0	2	3927M
SRR7976356_NODE_3509_length_3417_cov_18.290969_g2108_i0	SRR6960803_k141_17377	6070	0.996	0.000E+00	3416	0	3417	1	3417	3418	3416	0	0	1	3417M
SRR6960507_NODE_1791_length_3785_cov_384.543912_g1412_i0	SRR6960507_k141_90808	6406	0.999	0.000E+00	3784	208	3785	0	3576	3829	3784	0	0	1	3577M
SRR6960507_NODE_1791_length_3785_cov_384.543912_g1412_i0	SRR7976295_k141_9071	6304	0.999	0.000E+00	207	3729	3785	182	3704	3788	0	3784	0	1	3523M
SRR5466729_NODE_1084_length_4162_cov_504.543898_g822_i0	SRR5466729_k141_61523	5855	0.999	0.000E+00	890	4161	4162	593	3864	3865	0	4161	0	2	3272M
SRR5466729_NODE_1084_length_4162_cov_504.543898_g822_i0	SRR5466723_k141_33629	5731	0.999	0.000E+00	4093	891	4162	163	3365	4014	4161	0	0	2	3203M
SRR5466729_NODE_1084_length_4162_cov_504.543898_g822_i0	SRR6255733_k141_14949	5692	0.999	0.000E+00	890	4070	4162	565	3745	3989	0	4161	0	2	3181M
SRR5467091_NODE_1230_length_3912_cov_19.091170_g948_i0	SRR5467091_k141_11713	6912	0.994	0.000E+00	0	3911	3912	0	3911	3912	0	3911	0	3	3912M
SRR6254353_NODE_1782_length_3615_cov_14.477979_g1135_i0	SRR6253161_k141_35232	6463	0.999	0.000E+00	6	3614	3615	0	3608	3609	0	3614	0	1	3609M
SRR6960509_NODE_2997_length_3732_cov_3.876469_g1997_i0	SRR6960551_k141_38427	6639	0.997	0.000E+00	0	3731	3732	11	3742	3743	0	3731	0	1	3732M
SRR7976357_NODE_3810_length_3509_cov_33.324214_g2297_i0	SRR7976357_k141_32901	6277	1.00	0.000E+00	3508	6	3509	0	3502	3503	3508	0	0	1	3503M
SRR7976325_NODE_463_length_3859_cov_7.722134_g302_i0	SRR7976325_k141_15905	6860	0.999	0.000E+00	0	3832	3859	0	3832	3833	0	3858	0	1	3833M
SRR7473382_NODE_287_length_4150_cov_434.008339_g165_i0	SRR6050716_k141_3189	3855	0.995	0.000E+00	4145	1970	4150	0	2175	3861	4149	0	0	1	2176M
SRR6960507_NODE_1860_length_3730_cov_5.320208_g1468_i0	SRR6960507_k141_5072	6662	0.998	0.000E+00	0	3729	3730	0	3729	3730	0	3729	0	1	3730M
SRR6960507_NODE_1860_length_3730_cov_5.320208_g1468_i0	SRR7976300_k141_30321	6432	0.996	0.000E+00	3672	51	3730	208	3829	3830	3729	0	0	1	3622M
SRR5466369_NODE_3825_length_3725_cov_7.903888_g2352_i0	SRR5466369_k141_87890	6670	1.00	0.000E+00	3	3724	3725	0	3721	3722	0	3724	0	2	3722M
SRR5466725_NODE_3118_length_3346_cov_13.772991_g2399_i0	SRR5466725_k141_47184	5903	0.999	0.000E+00	3300	0	3346	0	3299	3300	3345	0	0	1	1650M1I1650M
SRR5466729_NODE_1290_length_3885_cov_23.866474_g988_i0	SRR5466729_k141_46725	6944	0.998	0.000E+00	3884	0	3885	0	3884	3885	3884	0	0	1	3885M
SRR6254893_NODE_919_length_3823_cov_14.845333_g741_i1	SRR5466728_k141_20356	6641	0.996	0.000E+00	3811	76	3823	368	4103	4195	3822	0	0	1	3736M
SRR6960797_NODE_427_length_4298_cov_5.104379_g334_i0	SRR6960797_k141_47730	7702	1.00	0.000E+00	4297	0	4298	0	4297	4298	4297	0	0	1	4298M
SRR7976300_NODE_1903_length_3642_cov_6.161950_g1413_i0	SRR7976300_k141_21237	6474	0.996	0.000E+00	3641	0	3642	4	3644	3647	3641	0	0	1	13M1I3628M
SRR7976310_NODE_1386_length_3373_cov_7.806667_g993_i0	SRR7976310_k141_70985	6029	0.999	0.000E+00	1	3372	3373	0	3371	3412	0	3372	0	1	3372M
SRR7976299_NODE_55_length_4645_cov_7.537839_g43_i0	SRR7976299_k141_4679	8309	0.999	0.000E+00	3	4644	4645	0	4641	4642	0	4644	0	301	4642M
SRR7976301_NODE_826_length_4002_cov_9.076864_g659_i0	SRR7976301_k141_19572	7139	1.00	0.000E+00	18	4001	4002	0	3983	3984	0	4001	0	1	3984M
SRR6960799_NODE_860_length_4323_cov_12.634118_g561_i0	SRR6960799_k141_37579	7745	1.00	0.000E+00	0	4321	4323	0	4321	4322	0	4322	0	1	4322M
SRR6960799_NODE_1741_length_3341_cov_4.985006_g1163_i0	SRR6960799_k141_26344	5972	0.999	0.000E+00	6	3340	3341	0	3334	3335	0	3340	0	1	3335M
SRR7976326_NODE_121_length_4626_cov_137.360422_g82_i0	SRR7976325_k141_38016	8218	0.997	0.000E+00	4622	12	4626	0	4610	4611	4625	0	0	1	4611M
SRR6960802_NODE_1552_length_4164_cov_13.392080_g991_i0	SRR6960802_k141_19206	7371	0.995	0.000E+00	0	4156	4164	67	4224	4321	0	4163	0	1	4148M1D9M
SRR5467139_NODE_221_length_3677_cov_10.569090_g120_i0	SRR5467139_k141_16924	6580	0.999	0.000E+00	0	3676	3677	0	3676	3677	0	3676	0	1	3677M
SRR5466364_NODE_1773_length_4351_cov_6.590463_g1158_i0	SRR5466364_k141_64533	7791	0.999	0.000E+00	0	4350	4351	23	4374	4375	0	4350	0	1	3200M1D1151M
SRR5466364_NODE_1773_length_4351_cov_6.590463_g1158_i0	SRR5466365_k141_36451	4953	0.998	0.000E+00	2805	28	4351	1549	4325	4326	4350	0	0	1	25M1I2752M
SRR7976357_NODE_2878_length_4061_cov_9.719910_g1690_i0	SRR7976357_k141_56411	7266	0.999	0.000E+00	4060	1	4061	0	4059	4060	4060	0	0	2	4060M
SRR7976326_NODE_254_length_3694_cov_8.250483_g180_i0	SRR7976326_k141_37967	6616	1.00	0.000E+00	3691	0	3694	0	3691	3692	3693	0	0	1	3692M
SRR7976356_NODE_2682_length_3919_cov_34.766511_g1559_i0	SRR7976356_k141_39722	7012	0.999	0.000E+00	0	3917	3919	0	3917	3918	0	3918	0	1	3918M
SRR7976356_NODE_2682_length_3919_cov_34.766511_g1559_i0	SRR7976357_k141_34318	6842	0.998	0.000E+00	17	3844	3919	169	3996	3997	0	3918	0	1	3828M
SRR6050716_NODE_110_length_3506_cov_100.739004_g28_i0	SRR5208575_k141_7997	6164	0.999	0.000E+00	3504	58	3506	28	3474	3475	3505	0	0	2	3447M
SRR5466728_NODE_678_length_3780_cov_9.094955_g571_i0	SRR5467090_k141_4116	6769	0.999	0.000E+00	3779	0	3780	0	3779	3824	3779	0	0	1	3780M
SRR5467091_NODE_758_length_4797_cov_10803.204488_g559_i0	SRR5467091_k141_77603	7424	1.00	0.000E+00	4796	654	4797	0	4142	4143	4796	0	0	1	4143M
SRR6253161_NODE_1674_length_3787_cov_2615.847065_g1145_i2	SRR5466369_k141_87890	5032	0.999	0.000E+00	0	2812	3787	0	2812	3722	0	3786	0	1	2813M
SRR5466725_NODE_3079_length_3364_cov_15.234579_g2369_i0	SRR5466729_k141_37226	6024	0.999	0.000E+00	0	3363	3364	0	3363	3366	0	3363	0	1	3364M
SRR5467091_NODE_1258_length_3873_cov_1062.532105_g968_i0	SRR5467091_k141_53360	6785	0.991	0.000E+00	3863	0	3873	250	4113	4114	3872	0	0	1	3864M
SRR6960551_NODE_1005_length_3540_cov_16.559562_g708_i0	SRR6960551_k141_73607	6277	0.995	0.000E+00	3539	0	3540	0	3539	3540	3539	0	0	1	3540M
SRR7976300_NODE_1180_length_4434_cov_8214.211878_g872_i0	SRR7976300_k141_61723	6329	0.999	0.000E+00	166	3699	4434	0	3533	3534	0	4433	0	1	3534M
SRR7976310_NODE_1029_length_3822_cov_17.284342_g732_i0	SRR7976310_k141_68980	6836	0.999	0.000E+00	0	3821	3822	0	3821	3822	0	3821	0	1	3822M
SRR6960799_NODE_1269_length_3750_cov_9.888496_g828_i0	SRR6960799_k141_74099	6707	0.999	0.000E+00	3745	1	3750	0	3744	3745	3749	0	0	1	3745M
SRR5467090_NODE_599_length_4402_cov_5.148302_g464_i0	SRR5467090_k141_17794	7817	0.999	0.000E+00	7	4371	4402	0	4364	4365	0	4401	0	301	4365M
SRR6255521_NODE_586_length_3798_cov_23.123758_g432_i0	SRR6254351_k141_19477	6761	0.997	0.000E+00	0	3797	3798	1	3798	3800	0	3797	0	1	3798M
SRR6255521_NODE_586_length_3798_cov_23.123758_g432_i0	SRR6255521_k141_27572	6667	0.998	0.000E+00	65	3797	3798	0	3732	3842	0	3797	0	1	3733M
SRR6255521_NODE_586_length_3798_cov_23.123758_g432_i0	SRR6253161_k141_91665	5988	0.997	0.000E+00	439	3797	3798	515	3873	3875	0	3797	0	1	3359M
SRR6960549_NODE_135_length_3930_cov_110.542909_g91_i0	SRR7976299_k141_21044	7014	0.998	0.000E+00	3929	6	3930	1	3924	3925	3929	0	0	3	3924M
SRR6960549_NODE_135_length_3930_cov_110.542909_g91_i0	SRR6960549_k141_2910	6864	0.999	0.000E+00	3839	2	3930	383	4220	4221	3929	0	0	3	3838M
SRR6960797_NODE_569_length_3896_cov_304.172116_g396_i1	SRR6960551_k141_33688	6660	0.997	0.000E+00	3890	147	3896	12	3755	4150	3895	0	0	2	3744M
SRR6960797_NODE_569_length_3896_cov_304.172116_g396_i1	SRR5467091_k141_7043	6591	0.992	0.000E+00	146	3893	3896	313	4060	4061	0	3895	0	2	3748M
SRR7976300_NODE_2010_length_3559_cov_6.583477_g1491_i0	SRR7976300_k141_11822	6363	0.999	0.000E+00	3	3558	3559	0	3555	3556	0	3558	0	2	3556M
SRR6960803_NODE_4340_length_3734_cov_10.993718_g2406_i0	SRR7976357_k141_15755	6661	0.999	0.000E+00	10	3731	3734	0	3721	3722	0	3733	0	1	3722M
SRR6960799_NODE_1450_length_3587_cov_4.418327_g955_i0	SRR6960799_k141_96389	6409	0.999	0.000E+00	3	3586	3587	0	3583	3584	0	3586	0	1	3584M
SRR6960551_NODE_1027_length_3515_cov_15.394829_g724_i0	SRR6960551_k141_39410	6264	0.998	0.000E+00	3513	1	3515	0	3512	3523	3514	0	0	1	3513M
SRR7976300_NODE_1216_length_4378_cov_10.539373_g903_i0	SRR7976300_k141_60415	7842	1.00	0.000E+00	4377	2	4378	0	4375	4376	4377	0	0	1	4376M
SRR7976310_NODE_1037_length_3809_cov_177.007227_g739_i0	SRR7976310_k141_23957	6769	0.997	0.000E+00	0	3804	3809	0	3804	3835	0	3808	0	1	3805M
SRR6960799_NODE_1282_length_3739_cov_6.624386_g840_i0	SRR7976325_k141_60758	6614	0.997	0.000E+00	28	3738	3739	0	3710	3711	0	3738	0	1	3711M
SRR7976357_NODE_3834_length_3500_cov_6.870149_g2312_i0	SRR6960803_k141_108340	6236	0.997	0.000E+00	3499	0	3500	68	3567	3575	3499	0	0	1	3500M
SRR7976325_NODE_467_length_3850_cov_6.680434_g305_i0	SRR7976325_k141_22174	6722	0.998	0.000E+00	84	3849	3850	0	3765	3823	0	3849	0	1	3766M
SRR6050738_NODE_144_length_4027_cov_24.704603_g96_i0	SRR6050738_k141_19708	7082	0.995	0.000E+00	3991	0	4027	0	3991	3992	4026	0	0	1	3992M
SRR6050738_NODE_144_length_4027_cov_24.704603_g96_i0	SRR5208574_k141_11339	7060	0.992	0.000E+00	6	4025	4027	0	4019	4020	0	4026	0	1	4020M
SRR5466337_NODE_877_length_4774_cov_43.443735_g518_i0	SRR5467090_k141_31441	7693	0.999	0.000E+00	0	4297	4774	11	4308	4663	0	4773	0	2	4298M
SRR5466337_NODE_877_length_4774_cov_43.443735_g518_i0	SRR5466338_k141_55708	7672	0.999	0.000E+00	4298	15	4774	247	4530	4532	4773	0	0	2	4284M
SRR5466337_NODE_877_length_4774_cov_43.443735_g518_i0	SRR6254893_k141_22990	7638	0.999	0.000E+00	33	4297	4774	0	4264	4341	0	4773	0	2	4265M
SRR5466337_NODE_877_length_4774_cov_43.443735_g518_i0	SRR6254353_k141_18183	7634	0.999	0.000E+00	33	4297	4774	54	4318	4325	0	4773	0	2	4265M
SRR5466337_NODE_877_length_4774_cov_43.443735_g518_i0	SRR5467091_k141_79590	7622	0.999	0.000E+00	4260	0	4774	96	4356	4357	4773	0	0	2	4261M
SRR6960797_NODE_645_length_3730_cov_291.604047_g505_i0	SRR6960509_k141_51815	6620	0.996	0.000E+00	1	3724	3730	2	3725	3937	0	3729	0	301	3724M
SRR6960797_NODE_645_length_3730_cov_291.604047_g505_i0	SRR6960551_k141_58294	6573	0.996	0.000E+00	3705	3	3730	729	4431	4432	3729	0	0	301	3703M
SRR7976300_NODE_2234_length_3394_cov_9.397471_g1650_i0	SRR7976300_k141_43130	6078	0.999	0.000E+00	3393	0	3394	0	3393	3394	3393	0	0	2	3394M
SRR7976325_NODE_593_length_3558_cov_52.923386_g394_i0	SRR6960799_k141_12910	6317	0.996	0.000E+00	3554	0	3558	0	3554	3555	3557	0	0	1	3555M
SRR5208575_NODE_156_length_3605_cov_8.187712_g84_i0	SRR6050738_k141_1958	6398	0.998	0.000E+00	3582	0	3605	0	3582	3592	3604	0	0	1	3583M
SRR6960799_NODE_1065_length_4012_cov_5.383854_g691_i0	SRR6960799_k141_94633	7152	0.998	0.000E+00	0	4010	4012	0	4010	4012	0	4011	0	1	4011M
SRR7976357_NODE_3356_length_3753_cov_180.988043_g2006_i0	SRR7976356_k141_38415	6705	0.999	0.000E+00	3749	6	3753	0	3743	3885	3752	0	0	1	3744M
SRR7976357_NODE_3356_length_3753_cov_180.988043_g2006_i0	SRR6960803_k141_29189	6691	1.00	0.000E+00	3749	16	3753	0	3733	4252	3752	0	0	1	3734M
SRR7976326_NODE_292_length_3559_cov_4.505450_g208_i0	SRR7976326_k141_28523	6265	1.00	0.000E+00	3500	5	3559	0	3495	3496	3558	0	0	2	3496M
SRR7976356_NODE_2848_length_3811_cov_8.208935_g1658_i0	SRR6960803_k141_70047	6695	0.992	0.000E+00	0	3805	3811	0	3805	3806	0	3810	0	1	3806M
SRR6960507_NODE_1261_length_4350_cov_8.692775_g975_i0	SRR6960507_k141_38097	7786	0.999	0.000E+00	0	4349	4350	0	4349	4350	0	4349	0	1	4350M
SRR5466365_NODE_2391_length_3380_cov_41.078016_g1550_i0	SRR6253161_k141_72269	5893	0.993	0.000E+00	37	3379	3380	0	3341	3343	0	3379	0	1	3278M1I64M
SRR5466365_NODE_2391_length_3380_cov_41.078016_g1550_i0	SRR5466365_k141_76358	5803	0.995	0.000E+00	0	3272	3380	31	3303	3306	0	3379	0	1	3273M
SRR5466365_NODE_2391_length_3380_cov_41.078016_g1550_i0	SRR6255513_k141_7382	5179	0.997	0.000E+00	37	2946	3380	0	2909	3678	0	3379	0	1	2910M
SRR7976323_NODE_2467_length_3828_cov_35.215180_g1794_i0	SRR6960802_k141_48935	6815	0.997	0.000E+00	3827	0	3828	2	3829	3830	3827	0	0	301	3828M
SRR7976325_NODE_559_length_3627_cov_3191.310636_g193_i1	SRR7976325_k141_16397	5743	0.999	0.000E+00	3625	417	3627	0	3207	3660	3626	0	0	1	2387M1I821M
SRR5208572_NODE_161_length_3569_cov_144.711957_g61_i0	SRR6050698_k141_16058	6386	0.999	0.000E+00	3568	3	3569	1	3566	3567	3568	0	0	1	3566M
SRR5466338_NODE_2544_length_4247_cov_27.804025_g1650_i0	SRR5466365_k141_73140	7565	0.999	0.000E+00	19	4242	4247	209	4432	4433	0	4246	0	1	4224M
SRR5466725_NODE_1862_length_4359_cov_56.050630_g1409_i0	SRR5466725_k141_29163	7799	0.999	0.000E+00	4358	4	4359	0	4354	4355	4358	0	0	1	4355M
SRR5466725_NODE_1862_length_4359_cov_56.050630_g1409_i0	SRR5466729_k141_24804	7715	0.999	0.000E+00	50	4357	4359	0	4307	4453	0	4358	0	1	4308M
SRR5466727_NODE_1311_length_3905_cov_18.136743_g1127_i0	SRR5466725_k141_75388	6580	0.998	0.000E+00	33	3714	3905	0	3681	3780	0	3904	0	2	3682M
SRR5467090_NODE_614_length_4327_cov_5.597085_g477_i0	SRR5467090_k141_49933	7726	0.999	0.000E+00	0	4318	4327	0	4318	4319	0	4326	0	1	4319M
SRR5467091_NODE_1655_length_3439_cov_12.256684_g1297_i0	SRR5466728_k141_23485	6080	0.995	0.000E+00	4	3437	3439	0	3434	3491	0	3438	0	1	3400M1D34M
SRR6255521_NODE_648_length_3685_cov_39.119878_g483_i0	SRR6255521_k141_23032	6542	0.997	0.000E+00	0	3679	3685	0	3681	3682	0	3684	0	1	3591M1D29M1D60M
SRR6255521_NODE_648_length_3685_cov_39.119878_g483_i0	SRR5466337_k141_37572	5933	0.997	0.000E+00	344	3677	3685	117	3451	3452	0	3684	0	1	3276M1D58M
SRR6255521_NODE_648_length_3685_cov_39.119878_g483_i0	SRR6049586_k141_6284	5878	0.996	0.000E+00	3649	345	3685	137	3441	3450	3684	0	0	1	3305M
SRR6255521_NODE_648_length_3685_cov_39.119878_g483_i0	SRR6255402_k141_888	5873	0.996	0.000E+00	366	3677	3685	316	3629	3630	0	3684	0	1	3225M1D29M1D58M
SRR6255521_NODE_648_length_3685_cov_39.119878_g483_i0	SRR6255513_k141_14127	5761	0.993	0.000E+00	410	3677	3685	174	3442	3443	0	3684	0	1	3210M1D58M
SRR6960509_NODE_2497_length_4064_cov_302.062892_g1663_i0	SRR6960551_k141_33688	7204	0.996	0.000E+00	5	4059	4064	12	4066	4150	0	4063	0	5	4055M
SRR6960509_NODE_2497_length_4064_cov_302.062892_g1663_i0	SRR5467091_k141_7043	7101	0.990	0.000E+00	4063	2	4064	0	4060	4061	4063	0	0	5	294M1I3767M
SRR6960551_NODE_869_length_3737_cov_5.927948_g611_i0	SRR6960551_k141_40029	6634	0.996	0.000E+00	3736	0	3737	0	3736	3737	3736	0	0	2	3737M
SRR7976299_NODE_156_length_3683_cov_262.316066_g121_i0	SRR7976299_k141_2435	6466	0.992	0.000E+00	3678	0	3683	0	3679	3680	3682	0	0	1	113M1D3566M
SRR7976310_NODE_961_length_3913_cov_79.273177_g679_i0	SRR7976310_k141_55846	7007	1.00	0.000E+00	0	3909	3913	0	3909	3910	0	3912	0	1	3910M
SRR6960799_NODE_1162_length_3873_cov_14.280789_g756_i0	SRR6960799_k141_29341	6936	0.999	0.000E+00	3872	0	3873	0	3872	3873	3872	0	0	1	3873M
SRR7976357_NODE_3491_length_3680_cov_10.830607_g2089_i1	SRR7976357_k141_22506	6518	0.995	0.000E+00	0	3679	3680	0	3679	3680	0	3679	0	1	3680M
SRR7976325_NODE_402_length_4026_cov_86.692386_g256_i0	SRR7976325_k141_45508	7165	0.997	0.000E+00	0	4025	4026	0	4025	4027	0	4025	0	1	4026M
SRR7976356_NODE_3274_length_3533_cov_15.945954_g1946_i0	SRR7976356_k141_60829	6263	1.00	0.000E+00	29	3523	3533	0	3494	3558	0	3532	0	1	3495M
SRR7976356_NODE_3274_length_3533_cov_15.945954_g1946_i0	SRR6960803_k141_36910	6223	0.998	0.000E+00	45	3529	3533	71	3555	3556	0	3532	0	1	3485M
SRR7976356_NODE_3274_length_3533_cov_15.945954_g1946_i0	SRR7976357_k141_39612	6172	0.998	0.000E+00	43	3496	3533	0	3453	3632	0	3532	0	1	3454M
SRR5467091_NODE_1170_length_4002_cov_18.212777_g901_i0	SRR5467091_k141_5373	7172	1.00	0.000E+00	4001	0	4002	0	4001	4002	4001	0	0	3	4002M
SRR6254353_NODE_1344_length_4047_cov_7.966281_g856_i0	SRR6254353_k141_70744	7252	1.00	0.000E+00	4046	0	4047	0	4046	4047	4046	0	0	1	4047M
SRR6960509_NODE_2834_length_3831_cov_373.794838_g1887_i0	SRR6960551_k141_21578	6845	0.999	0.000E+00	3821	0	3831	574	4395	4398	3830	0	0	1	3822M
SRR6960551_NODE_966_length_3589_cov_16.130546_g681_i0	SRR6960551_k141_30063	6423	1.00	0.000E+00	3583	0	3589	0	3583	3584	3588	0	0	1	3584M
SRR7976299_NODE_176_length_3503_cov_7.795918_g138_i0	SRR7976299_k141_22376	6237	0.999	0.000E+00	3487	0	3503	0	3487	3488	3502	0	0	1	3488M
SRR7976310_NODE_989_length_3871_cov_72.166667_g702_i0	SRR7976310_k141_50396	6880	0.999	0.000E+00	29	3870	3871	332	4173	4174	0	3870	0	1	3842M
SRR5995670_NODE_369_length_3476_cov_21.615568_g275_i0	SRR5995670_k141_2989	5891	0.995	0.000E+00	145	3475	3476	294	3621	3622	0	3475	0	1	3270M1I40M2I18M
SRR6960799_NODE_1201_length_3819_cov_5.295515_g787_i0	SRR7976325_k141_44492	6744	0.999	0.000E+00	3811	46	3819	0	3765	3772	3818	0	0	1	3766M
SRR7976357_NODE_3677_length_3577_cov_75.889555_g2212_i0	SRR7976356_k141_21660	6406	1.00	0.000E+00	3574	0	3577	0	3574	3592	3576	0	0	1	3575M
SRR5466727_NODE_1056_length_4303_cov_11.469504_g903_i0	SRR5466727_k141_51196	7670	0.998	0.000E+00	0	4297	4303	0	4297	4298	0	4302	0	1	4298M
SRR5466729_NODE_1499_length_3663_cov_5.452925_g1159_i0	SRR5466729_k141_28787	6536	0.999	0.000E+00	12	3661	3663	0	3649	3650	0	3662	0	1	3650M
SRR5467091_NODE_1394_length_3708_cov_10.342779_g1075_i0	SRR5467091_k141_11888	6631	0.999	0.000E+00	0	3707	3708	0	3707	3708	0	3707	0	1	3708M
SRR6960549_NODE_61_length_4583_cov_14.931042_g42_i0	SRR7976299_k141_23573	8044	0.996	0.000E+00	21	4549	4583	0	4528	4529	0	4582	0	1	4529M
SRR6960551_NODE_1263_length_3223_cov_675.845397_g661_i1	SRR6960551_k141_63062	4909	0.990	0.000E+00	3197	394	3223	31	2834	3770	3222	0	0	1	2804M
SRR7976300_NODE_1830_length_3711_cov_36.486806_g1353_i0	SRR7976300_k141_7859	6644	0.999	0.000E+00	3709	0	3711	7	3716	3717	3710	0	0	1	3710M
SRR7976310_NODE_1299_length_3451_cov_205.095027_g935_i0	SRR7976310_k141_63865	6169	0.999	0.000E+00	3450	1	3451	0	3449	3454	3450	0	0	1	3450M
SRR6960799_NODE_1347_length_3688_cov_5.159059_g882_i0	SRR6960799_k141_90704	6546	0.996	0.000E+00	3687	0	3688	0	3687	3688	3687	0	0	1	3688M
SRR5467139_NODE_200_length_3819_cov_8.258409_g106_i0	SRR5208575_k141_13103	6808	0.998	0.000E+00	0	3817	3819	25	3840	3841	0	3818	0	301	3747M2I69M
SRR5466338_NODE_3674_length_3421_cov_50.295102_g2451_i0	SRR6253161_k141_72269	5880	0.993	0.000E+00	8	3347	3421	0	3337	3343	0	3420	0	1	3249M1I29M1I60M
SRR5466338_NODE_3674_length_3421_cov_50.295102_g2451_i0	SRR5466365_k141_76358	5738	0.995	0.000E+00	7	3243	3421	67	3303	3306	0	3420	0	1	3237M
SRR5466338_NODE_3674_length_3421_cov_50.295102_g2451_i0	SRR6255513_k141_7382	5193	0.998	0.000E+00	8	2917	3421	0	2909	3678	0	3420	0	1	2910M
SRR5466725_NODE_2138_length_4061_cov_444.057422_g1621_i0	SRR5466725_k141_100399	7243	1.00	0.000E+00	10	4051	4061	0	4041	4141	0	4060	0	3	4042M
SRR5466725_NODE_2138_length_4061_cov_444.057422_g1621_i0	SRR6255733_k141_1932	7210	0.999	0.000E+00	4025	0	4061	80	4105	4107	4060	0	0	3	4026M
SRR5466727_NODE_1508_length_3678_cov_15.869348_g1304_i0	SRR5466727_k141_58486	6578	0.999	0.000E+00	2	3677	3678	215	3890	3891	0	3677	0	2	3676M
SRR5467090_NODE_821_length_3903_cov_8.405744_g646_i0	SRR5467090_k141_58077	6994	1.00	0.000E+00	0	3902	3903	0	3902	3903	0	3902	0	1	3903M
SRR6255733_NODE_502_length_4866_cov_141.684957_g392_i1	SRR6255733_k141_23526	8719	1.00	0.000E+00	0	4865	4866	69	4934	4935	0	4865	0	1	4866M
SRR6960549_NODE_172_length_3689_cov_4.960730_g124_i0	SRR6960549_k141_16032	6552	0.999	0.000E+00	0	3660	3689	0	3660	3661	0	3688	0	1	3661M
SRR6960797_NODE_744_length_3575_cov_215.795545_g577_i1	SRR6960551_k141_15714	6313	0.994	0.000E+00	2	3574	3575	0	3572	3574	0	3574	0	1	3573M
SRR7976301_NODE_729_length_4228_cov_14.551143_g575_i0	SRR7976301_k141_40537	7568	0.999	0.000E+00	1	4226	4228	0	4225	4226	0	4227	0	1	4226M
SRR7976300_NODE_1131_length_4513_cov_20.063514_g840_i0	SRR7976300_k141_45019	8059	0.999	0.000E+00	4512	8	4513	0	4504	4505	4512	0	0	1	4505M
SRR7976310_NODE_1023_length_3827_cov_58.448588_g727_i0	SRR7976310_k141_19259	6835	0.999	0.000E+00	0	3818	3827	0	3818	3819	0	3826	0	1	3819M
SRR5995670_NODE_395_length_3326_cov_15.118014_g298_i0	SRR5995670_k141_34641	5889	0.998	0.000E+00	3296	0	3326	970	4263	4264	3325	0	0	1	3277M3I17M
SRR6960799_NODE_1259_length_3756_cov_279.453435_g729_i1	SRR7976325_k141_55065	5244	0.999	0.000E+00	3748	818	3756	34	2964	3923	3755	0	0	1	2931M
SRR7976357_NODE_3766_length_3533_cov_338.515896_g2269_i0	SRR7976356_k141_65663	6273	0.999	0.000E+00	3506	4	3533	0	3502	3614	3532	0	0	1	3503M
SRR7976357_NODE_3766_length_3533_cov_338.515896_g2269_i0	SRR7976357_k141_36232	6257	0.999	0.000E+00	6	3499	3533	1149	4642	5447	0	3532	0	1	3494M
SRR7976357_NODE_3766_length_3533_cov_338.515896_g2269_i0	SRR6960803_k141_105588	6246	0.998	0.000E+00	3522	25	3533	0	3497	3584	3532	0	0	1	3498M
SRR7976356_NODE_4439_length_3034_cov_11301.835191_g1811_i1	SRR7976357_k141_3933	4953	0.998	0.000E+00	258	3033	3034	872	3647	3652	0	3033	0	3	2776M
SRR6960507_NODE_1827_length_3757_cov_5.582790_g1442_i0	SRR6960507_k141_19734	6678	0.999	0.000E+00	3733	0	3757	0	3733	3734	3756	0	0	1	3734M
SRR5466369_NODE_3486_length_3955_cov_38.058990_g2111_i0	SRR5466369_k141_105454	7025	0.997	0.000E+00	3939	0	3955	0	3939	3940	3954	0	0	1	3940M
SRR5466369_NODE_3486_length_3955_cov_38.058990_g2111_i0	SRR6255402_k141_28300	6854	0.996	0.000E+00	22	3881	3955	0	3859	3903	0	3954	0	1	3860M
SRR5466369_NODE_3486_length_3955_cov_38.058990_g2111_i0	SRR6254351_k141_40121	6848	0.996	0.000E+00	27	3880	3955	0	3853	3932	0	3954	0	1	3854M
SRR5466369_NODE_3486_length_3955_cov_38.058990_g2111_i0	SRR5466337_k141_23779	6845	0.996	0.000E+00	26	3880	3955	0	3854	4136	0	3954	0	1	3855M
SRR5466727_NODE_359_length_6671_cov_21.191725_g292_i0	SRR6255746_k141_1054	6386	0.999	0.000E+00	2	3572	6671	0	3570	3786	0	6670	0	4	3571M
SRR5466729_NODE_1338_length_3826_cov_17.914202_g1029_i0	SRR6255746_k141_1054	6771	0.999	0.000E+00	3823	38	3826	0	3785	3786	3825	0	0	1	3786M
SRR5467091_NODE_1260_length_3870_cov_7.944693_g969_i0	SRR5467091_k141_26185	6921	0.999	0.000E+00	3	3869	3870	0	3866	3867	0	3869	0	1	3867M
SRR6960509_NODE_3116_length_3669_cov_70.959956_g2077_i0	SRR6960509_k141_77717	6561	0.999	0.000E+00	3668	0	3669	4	3672	3673	3668	0	0	1	3669M
SRR7976310_NODE_1046_length_3796_cov_60.238786_g747_i0	SRR7976301_k141_24209	6801	1.00	0.000E+00	1	3795	3796	0	3794	3795	0	3795	0	1	3795M
SRR6960799_NODE_1313_length_3716_cov_6.175405_g861_i0	SRR6960799_k141_118211	6596	0.998	0.000E+00	3690	0	3716	0	3690	3691	3715	0	0	1	3691M
SRR7976357_NODE_3836_length_3499_cov_8.502919_g2314_i0	SRR7976357_k141_70866	6231	0.997	0.000E+00	1	3498	3499	0	3498	3499	0	3498	0	1	55M1D3443M
SRR7976325_NODE_479_length_3809_cov_16.738490_g314_i0	SRR7976325_k141_42843	6793	0.998	0.000E+00	3808	8	3809	0	3800	3801	3808	0	0	1	3801M
SRR6050738_NODE_146_length_4008_cov_21.759593_g98_i0	SRR6050738_k141_29123	7173	1.00	0.000E+00	4002	0	4008	0	4002	4003	4007	0	0	1	4003M
SRR6960507_NODE_1915_length_3690_cov_12.544097_g1507_i0	SRR6960507_k141_52382	6572	0.997	0.000E+00	3689	0	3690	0	3689	3690	3689	0	0	1	3690M
SRR5466337_NODE_1127_length_4329_cov_24180.961936_g682_i0	SRR5466369_k141_33380	7123	1.00	0.000E+00	4326	352	4329	0	3974	4179	4328	0	0	1	3975M
SRR5466337_NODE_1127_length_4329_cov_24180.961936_g682_i0	SRR5466365_k141_56011	7072	0.999	0.000E+00	4315	367	4329	32	3980	4158	4328	0	0	1	3949M
SRR5466729_NODE_1407_length_3747_cov_961.045182_g1088_i0	SRR6255746_k141_46343	6581	0.992	0.000E+00	3745	1	3747	0	3744	3745	3746	0	0	2	3745M
SRR5467091_NODE_1275_length_3847_cov_6.453895_g983_i0	SRR5467091_k141_40884	6889	0.999	0.000E+00	3846	0	3847	0	3846	3847	3846	0	0	1	3847M
SRR6254984_NODE_952_length_3969_cov_98.579312_g745_i0	SRR6254984_k141_50328	7112	1.00	0.000E+00	3968	0	3969	254	4222	4223	3968	0	0	1	3969M
SRR6254984_NODE_952_length_3969_cov_98.579312_g745_i0	SRR5466338_k141_96778	6977	0.999	0.000E+00	3895	0	3969	210	4105	4106	3968	0	0	1	3896M
SRR6254984_NODE_952_length_3969_cov_98.579312_g745_i0	SRR6255513_k141_34841	6939	1.00	0.000E+00	3896	25	3969	0	3871	3940	3968	0	0	1	3872M
SRR6960509_NODE_3441_length_3508_cov_6.862882_g2292_i0	SRR6960509_k141_55461	6277	0.999	0.000E+00	3507	0	3508	0	3507	3508	3507	0	0	3	3508M
SRR6960803_NODE_4856_length_3506_cov_6.414798_g2745_i0	SRR6960803_k141_108340	6272	0.999	0.000E+00	0	3505	3506	0	3506	3575	0	3505	0	301	3157M1D349M
SRR6960799_NODE_1612_length_3452_cov_8.232317_g1077_i0	SRR6960799_k141_5750	6166	0.999	0.000E+00	4	3451	3452	0	3447	3448	0	3451	0	1	3448M
SRR7976323_NODE_2882_length_3553_cov_63.308908_g2103_i0	SRR7976324_k141_12864	6301	0.999	0.000E+00	32	3552	3553	77	3597	3598	0	3552	0	1	3521M
SRR7976323_NODE_2882_length_3553_cov_63.308908_g2103_i0	SRR6960802_k141_39625	6261	1.00	0.000E+00	11	3504	3553	0	3493	3633	0	3552	0	1	3494M
SRR7976325_NODE_642_length_3486_cov_10.255787_g425_i0	SRR7976325_k141_15967	6233	0.999	0.000E+00	0	3484	3486	0	3483	3484	0	3485	0	2	199M1I3285M
SRR5467139_NODE_204_length_3784_cov_14.983562_g109_i0	SRR5467139_k141_26183	6763	0.998	0.000E+00	0	3783	3784	0	3783	3784	0	3783	0	1	3784M
SRR5466338_NODE_3677_length_3418_cov_108.391629_g2451_i1	SRR6255521_k141_23032	5968	0.999	0.000E+00	3410	73	3418	344	3681	3682	3417	0	0	1	3338M
SRR5466338_NODE_3677_length_3418_cov_108.391629_g2451_i1	SRR5466337_k141_37572	5939	0.997	0.000E+00	3410	75	3418	117	3451	3452	3417	0	0	1	3247M1I88M
SRR5466338_NODE_3677_length_3418_cov_108.391629_g2451_i1	SRR6255402_k141_888	5921	0.998	0.000E+00	3388	75	3418	316	3629	3630	3417	0	0	1	3314M
SRR5466338_NODE_3677_length_3418_cov_108.391629_g2451_i1	SRR6049586_k141_6284	5857	0.994	0.000E+00	103	3417	3418	137	3449	3450	0	3417	0	1	28M1I29M1I3256M
SRR5466338_NODE_3677_length_3418_cov_108.391629_g2451_i1	SRR6255513_k141_14127	5785	0.995	0.000E+00	3344	75	3418	174	3442	3443	3417	0	0	1	3181M1I88M
SRR5466725_NODE_2151_length_4050_cov_10.431732_g1631_i0	SRR5466727_k141_44786	7215	0.998	0.000E+00	4045	0	4050	0	4045	4046	4049	0	0	5	4046M
SRR5466727_NODE_1736_length_3445_cov_47.198102_g1491_i0	SRR5466725_k141_88125	5977	0.990	0.000E+00	30	3444	3445	0	3414	3415	0	3444	0	1	3415M
SRR7976325_NODE_255_length_4616_cov_16.486022_g161_i0	SRR7976325_k141_62922	8222	0.998	0.000E+00	10	4615	4616	0	4605	4606	0	4615	0	1	4606M
SRR7976356_NODE_2927_length_3765_cov_6.407638_g1713_i0	SRR6960803_k141_61611	6673	0.997	0.000E+00	14	3764	3765	0	3750	3761	0	3764	0	1	3751M
SRR6960507_NODE_1509_length_4052_cov_16.067354_g1180_i0	SRR6960507_k141_82630	7248	0.999	0.000E+00	4051	0	4052	0	4051	4060	4051	0	0	1	4052M
SRR5466365_NODE_2397_length_3377_cov_93.147397_g1550_i1	SRR5466337_k141_37572	5942	0.997	0.000E+00	3341	6	3377	116	3451	3452	3376	0	0	1	3336M
SRR5466365_NODE_2397_length_3377_cov_93.147397_g1550_i1	SRR6255521_k141_23032	5929	0.996	0.000E+00	3340	4	3377	344	3681	3682	3376	0	0	1	3247M1D90M
SRR5466365_NODE_2397_length_3377_cov_93.147397_g1550_i1	SRR6255402_k141_888	5882	0.996	0.000E+00	3318	6	3377	316	3629	3630	3376	0	0	1	3225M1D88M
SRR5466365_NODE_2397_length_3377_cov_93.147397_g1550_i1	SRR6049586_k141_6284	5863	0.996	0.000E+00	34	3339	3377	137	3441	3450	0	3376	0	1	28M1I3277M
SRR5466365_NODE_2397_length_3377_cov_93.147397_g1550_i1	SRR6255513_k141_14127	5813	0.996	0.000E+00	3274	6	3377	174	3442	3443	3376	0	0	1	3269M
SRR5466725_NODE_2584_length_3697_cov_10.032285_g1973_i0	SRR5466727_k141_59381	6580	0.997	0.000E+00	0	3696	3697	0	3696	3697	0	3696	0	5	3697M
SRR5466729_NODE_547_length_5328_cov_305.738915_g399_i0	SRR6255733_k141_23526	7834	0.999	0.000E+00	2	4383	5328	137	4518	4935	0	5327	0	1	4382M
SRR5467091_NODE_1043_length_4194_cov_12.843242_g797_i0	SRR5467091_k141_46778	7489	0.999	0.000E+00	0	4188	4194	0	4188	4189	0	4193	0	1	4189M
SRR6960509_NODE_2300_length_4222_cov_42.183659_g1524_i0	SRR6960509_k141_45420	7560	1.00	0.000E+00	4221	3	4222	0	4218	4219	4221	0	0	1	4219M
SRR5466727_NODE_1024_length_4355_cov_10.849136_g876_i0	SRR5466725_k141_32958	7735	0.997	0.000E+00	4350	2	4355	0	4348	4349	4354	0	0	1	4349M
SRR5467091_NODE_1278_length_3846_cov_13.857143_g986_i0	SRR5467091_k141_67650	6888	0.999	0.000E+00	0	3845	3846	0	3845	3846	0	3845	0	1	3846M
SRR6255402_NODE_633_length_4509_cov_56434.147205_g497_i0	SRR5467090_k141_31441	7700	0.999	0.000E+00	0	4301	4509	14	4315	4663	0	4508	0	1	4302M
SRR6255402_NODE_633_length_4509_cov_56434.147205_g497_i0	SRR5466338_k141_55708	7676	0.999	0.000E+00	4297	12	4509	245	4530	4532	4508	0	0	1	4286M
SRR6255402_NODE_633_length_4509_cov_56434.147205_g497_i0	SRR6254893_k141_22990	7646	0.999	0.000E+00	30	4302	4509	0	4273	4341	0	4508	0	1	4267M1D6M
SRR6255402_NODE_633_length_4509_cov_56434.147205_g497_i0	SRR6254353_k141_18183	7637	0.999	0.000E+00	30	4296	4509	54	4320	4325	0	4508	0	1	4267M
SRR6255402_NODE_633_length_4509_cov_56434.147205_g497_i0	SRR5467091_k141_79590	7617	0.999	0.000E+00	4257	0	4509	96	4353	4357	4508	0	0	1	4258M
SRR6960509_NODE_3542_length_3460_cov_66.075288_g2361_i0	SRR6960551_k141_56577	6097	0.993	0.000E+00	1	3457	3460	0	3456	3457	0	3459	0	5	3457M
SRR6960551_NODE_1067_length_3466_cov_208.753316_g754_i0	SRR6960509_k141_113775	6172	0.998	0.000E+00	2	3455	3466	0	3453	3454	0	3465	0	1	3454M
SRR7976300_NODE_1775_length_3749_cov_43.196681_g1315_i0	SRR7976300_k141_30321	6580	0.997	0.000E+00	0	3693	3749	137	3829	3830	0	3748	0	1	12M1I3681M
SRR7976300_NODE_1775_length_3749_cov_43.196681_g1315_i0	SRR6960507_k141_5072	6535	0.997	0.000E+00	3744	73	3749	0	3671	3730	3748	0	0	1	3672M
SRR7976310_NODE_1146_length_3650_cov_15.239307_g822_i0	SRR7976310_k141_69626	6528	0.999	0.000E+00	2	3649	3650	0	3647	3648	0	3649	0	2	3648M
SRR6960799_NODE_1333_length_3698_cov_6.720828_g872_i0	SRR6960799_k141_73076	6603	0.999	0.000E+00	3697	11	3698	0	3686	3687	3697	0	0	1	3687M
SRR6960803_NODE_3048_length_4547_cov_4.196021_g1614_i0	SRR6960803_k141_51535	8010	0.994	0.000E+00	4546	16	4547	0	4531	4532	4546	0	0	301	90M1D4441M
SRR6960799_NODE_1384_length_3647_cov_4.419978_g907_i0	SRR6960799_k141_96870	6458	0.995	0.000E+00	0	3645	3647	0	3645	3646	0	3646	0	1	3646M
SRR7976323_NODE_2333_length_3922_cov_156.943102_g1696_i0	SRR6960802_k141_67924	6933	0.999	0.000E+00	3873	0	3922	692	4565	4566	3921	0	0	1	3874M
SRR7976325_NODE_504_length_3756_cov_5.786044_g330_i0	SRR7976326_k141_7835	6604	0.992	0.000E+00	3754	0	3756	0	3754	3760	3755	0	0	1	3755M
SRR5208570_NODE_207_length_3975_cov_58.493849_g110_i0	SRR5208570_k141_70858	7098	0.998	0.000E+00	3970	0	3975	7	3977	3978	3974	0	0	1	3971M
SRR6960507_NODE_2364_length_3404_cov_38.146803_g1877_i0	SRR7976300_k141_42415	6079	0.999	0.000E+00	1	3397	3404	5	3401	3402	0	3403	0	1	3397M
SRR5466723_NODE_548_length_4460_cov_288.780260_g431_i0	SRR5466723_k141_22001	7928	0.997	0.000E+00	4453	0	4460	0	4453	4454	4459	0	0	1	4454M
SRR5466723_NODE_548_length_4460_cov_288.780260_g431_i0	SRR6255733_k141_18943	7791	0.997	0.000E+00	2	4376	4460	2	4376	4592	0	4459	0	1	4375M
SRR5466723_NODE_548_length_4460_cov_288.780260_g431_i0	SRR5466725_k141_105146	7727	0.997	0.000E+00	4397	56	4460	1	4342	6270	4459	0	0	1	4342M
SRR5466727_NODE_1126_length_4166_cov_10.953335_g962_i0	SRR7976301_k141_77021	7300	0.991	0.000E+00	4165	0	4166	3	4168	4169	4165	0	0	3	4166M
SRR5466729_NODE_2181_length_3094_cov_7.666336_g1721_i0	SRR5466727_k141_44786	5417	0.998	0.000E+00	58	3093	3094	1005	4041	4046	0	3093	0	1	10M1D3026M
SRR5467091_NODE_1495_length_3594_cov_894.657484_g968_i2	SRR5467091_k141_53360	4809	0.990	0.000E+00	3584	839	3594	250	2995	4114	3593	0	0	1	2746M
SRR6960551_NODE_803_length_3853_cov_5.607937_g570_i0	SRR6960551_k141_73613	6905	1.00	0.000E+00	0	3852	3853	0	3852	3915	0	3852	0	1	3853M
SRR7976299_NODE_110_length_3960_cov_99.669925_g87_i0	SRR7976299_k141_19543	7025	0.997	0.000E+00	3947	0	3960	197	4144	4161	3959	0	0	1	3948M
SRR7976299_NODE_110_length_3960_cov_99.669925_g87_i0	SRR6960540_k141_616	6916	0.993	0.000E+00	15	3941	3960	0	3926	4573	0	3959	0	1	3927M
SRR7976310_NODE_620_length_4679_cov_7.394703_g421_i0	SRR7976310_k141_9036	8287	0.999	0.000E+00	0	4626	4679	0	4626	4627	0	4678	0	2	4627M
SRR6960799_NODE_1063_length_4013_cov_8.797462_g689_i0	SRR6960799_k141_20589	7173	1.00	0.000E+00	4011	9	4013	0	4002	4003	4012	0	0	1	4003M
SRR7976357_NODE_3338_length_3762_cov_5.206289_g1997_i0	SRR7976357_k141_18718	6716	0.999	0.000E+00	3758	4	3762	0	3754	3755	3761	0	0	1	3755M
SRR7976326_NODE_267_length_3648_cov_10.252867_g188_i0	SRR7976325_k141_16397	6537	1.00	0.000E+00	3647	0	3648	10	3657	3660	3647	0	0	1	3648M
SRR7976356_NODE_2782_length_3852_cov_11.458058_g1619_i0	SRR7976357_k141_80025	6889	0.999	0.000E+00	0	3851	3852	0	3851	3852	0	3851	0	1	3852M
SRR5208570_NODE_314_length_3509_cov_9.280268_g152_i0	SRR6050483_k141_1213	6274	0.999	0.000E+00	0	3505	3509	5	3510	3511	0	3508	0	301	3506M
SRR5466338_NODE_2399_length_4402_cov_68.999769_g1546_i0	SRR5466338_k141_55708	7808	0.999	0.000E+00	4366	0	4402	165	4531	4532	4401	0	0	1	4367M
SRR5466338_NODE_2399_length_4402_cov_68.999769_g1546_i0	SRR5467090_k141_31441	7671	0.999	0.000E+00	0	4285	4402	25	4310	4663	0	4401	0	1	4286M
SRR5466338_NODE_2399_length_4402_cov_68.999769_g1546_i0	SRR6254893_k141_22990	7642	0.999	0.000E+00	19	4285	4402	0	4266	4341	0	4401	0	1	4267M
SRR5466338_NODE_2399_length_4402_cov_68.999769_g1546_i0	SRR6254353_k141_18183	7641	0.999	0.000E+00	19	4287	4402	54	4322	4325	0	4401	0	1	4269M
SRR5466338_NODE_2399_length_4402_cov_68.999769_g1546_i0	SRR5467091_k141_79590	7595	0.999	0.000E+00	4246	1	4402	96	4341	4357	4401	0	0	1	4246M
SRR5466723_NODE_845_length_3710_cov_9.436624_g670_i0	SRR5466723_k141_3288	6638	0.999	0.000E+00	1	3709	3710	0	3708	3709	0	3709	0	5	3709M
SRR5466727_NODE_1185_length_4082_cov_157.078324_g1012_i0	SRR5466729_k141_9515	7310	0.999	0.000E+00	0	4081	4082	1	4082	4085	0	4081	0	1	4082M
SRR5466729_NODE_2350_length_2998_cov_10.704274_g1856_i0	SRR5466727_k141_51196	5260	0.997	0.000E+00	2961	5	2998	1342	4297	4298	2997	0	0	1	454M1I2502M
SRR5467091_NODE_1516_length_3570_cov_61.196454_g1181_i0	SRR5467091_k141_11050	6389	0.999	0.000E+00	0	3569	3570	0	3569	3570	0	3569	0	1	3570M
SRR6255520_NODE_1157_length_3280_cov_44.615529_g953_i0	SRR5466337_k141_37572	5775	0.998	0.000E+00	3278	43	3280	112	3348	3452	3279	0	0	1	5M1D3231M
SRR6255520_NODE_1157_length_3280_cov_44.615529_g953_i0	SRR6255521_k141_23032	5774	0.998	0.000E+00	3274	43	3280	344	3575	3682	3279	0	0	1	3232M
SRR6255520_NODE_1157_length_3280_cov_44.615529_g953_i0	SRR6049586_k141_6284	5752	0.997	0.000E+00	42	3273	3280	210	3441	3450	0	3279	0	1	3232M
SRR6255520_NODE_1157_length_3280_cov_44.615529_g953_i0	SRR6255402_k141_888	5730	0.998	0.000E+00	3252	43	3280	316	3525	3630	3279	0	0	1	3210M
SRR6255520_NODE_1157_length_3280_cov_44.615529_g953_i0	SRR6255513_k141_14127	5615	0.995	0.000E+00	3208	43	3280	174	3339	3443	3279	0	0	1	3166M
SRR6960549_NODE_106_length_4139_cov_5.126168_g73_i0	SRR6960549_k141_7975	7332	0.995	0.000E+00	4138	0	4139	15	4153	4154	4138	0	0	5	4139M
SRR6960797_NODE_467_length_4185_cov_73.812257_g362_i0	SRR6960797_k141_50452	7429	1.00	0.000E+00	0	4145	4185	0	4145	4146	0	4184	0	1	4146M
SRR7976300_NODE_1991_length_3575_cov_10.948315_g1477_i0	SRR7976300_k141_2906	6406	1.00	0.000E+00	3574	0	3575	0	3574	3575	3574	0	0	1	3575M
SRR5466725_NODE_2492_length_3765_cov_23.373510_g1908_i0	SRR5467091_k141_2372	6587	0.994	0.000E+00	21	3751	3765	0	3730	3731	0	3764	0	1	3731M
SRR5466728_NODE_628_length_3862_cov_9.926894_g528_i0	SRR5466728_k141_49020	6921	1.00	0.000E+00	0	3861	3862	0	3861	3862	0	3861	0	1	3862M
SRR6253161_NODE_1634_length_3824_cov_2590.228472_g1145_i1	SRR5466369_k141_87890	5032	0.999	0.000E+00	3823	1011	3824	0	2812	3722	3823	0	0	1	2813M
SRR6255746_NODE_881_length_3897_cov_191.428609_g671_i0	SRR6255746_k141_24303	6945	0.997	0.000E+00	3896	0	3897	0	3894	3896	3896	0	0	1	3822M2I73M
SRR6255746_NODE_881_length_3897_cov_191.428609_g671_i0	SRR5466725_k141_61370	6839	0.996	0.000E+00	38	3885	3897	1149	4994	4995	0	3896	0	1	35M2I3811M
SRR6255746_NODE_881_length_3897_cov_191.428609_g671_i0	SRR5466727_k141_25114	6682	0.996	0.000E+00	3833	75	3897	86	3844	3845	3896	0	0	1	3759M
SRR6960551_NODE_774_length_3910_cov_16.076883_g552_i0	SRR6960509_k141_62682	6974	0.999	0.000E+00	3908	10	3910	0	3898	3899	3909	0	0	3	3899M
SRR7976299_NODE_109_length_3966_cov_11.522219_g86_i0	SRR7976299_k141_21962	7103	0.999	0.000E+00	3965	0	3966	0	3965	3966	3965	0	0	1	3966M
SRR7976301_NODE_1091_length_3623_cov_330.203099_g753_i1	SRR7976301_k141_33928	5039	0.999	0.000E+00	3622	809	3623	4	2817	3820	3622	0	0	1	2814M
SRR7976301_NODE_1091_length_3623_cov_330.203099_g753_i1	SRR7976310_k141_20899	5033	0.999	0.000E+00	3619	809	3623	102	2912	4113	3622	0	0	1	2811M
SRR5466725_NODE_1958_length_4235_cov_56.272465_g1486_i0	SRR5466725_k141_99025	7523	1.00	0.000E+00	1	4198	4235	0	4197	4245	0	4234	0	301	4198M
SRR5466727_NODE_1359_length_3845_cov_128.811506_g1170_i0	SRR5466727_k141_71588	6890	1.00	0.000E+00	0	3844	3845	0	3844	3845	0	3844	0	1	3845M
SRR5467090_NODE_802_length_3946_cov_10.177124_g627_i0	SRR5467090_k141_17386	7028	0.999	0.000E+00	3945	19	3946	0	3926	3958	3945	0	0	1	3927M
SRR5467091_NODE_1782_length_3313_cov_7.369753_g1393_i0	SRR5467091_k141_20244	5934	1.00	0.000E+00	3310	0	3313	0	3310	3311	3312	0	0	1	3311M
SRR6960549_NODE_165_length_3724_cov_49.790742_g118_i0	SRR6960549_k141_15383	6633	0.999	0.000E+00	3703	0	3724	20	3723	3724	3723	0	0	1	3704M
SRR6960797_NODE_682_length_3667_cov_126.231775_g531_i0	SRR6960551_k141_8869	6510	0.998	0.000E+00	3663	14	3667	87	3736	3737	3666	0	0	1	3650M
SRR7976300_NODE_2418_length_3271_cov_5.336148_g1793_i0	SRR7976300_k141_1325	5857	0.999	0.000E+00	0	3270	3271	0	3270	3284	0	3270	0	1	3271M
SRR5467091_NODE_1007_length_4256_cov_11.297394_g767_i0	SRR5467091_k141_65071	7616	0.999	0.000E+00	1	4255	4256	0	4254	4397	0	4255	0	1	4255M
SRR6253256_NODE_1015_length_3822_cov_23.247799_g789_i0	SRR6254351_k141_19477	6613	0.995	0.000E+00	3727	0	3822	72	3799	3800	3821	0	0	1	3728M
SRR6253256_NODE_1015_length_3822_cov_23.247799_g789_i0	SRR6255521_k141_27572	6613	0.995	0.000E+00	3727	0	3822	6	3733	3842	3821	0	0	1	3728M
SRR6253256_NODE_1015_length_3822_cov_23.247799_g789_i0	SRR6253161_k141_91665	5981	0.997	0.000E+00	3359	0	3822	515	3874	3875	3821	0	0	1	3360M
SRR6255746_NODE_1076_length_3546_cov_4.549669_g820_i0	SRR6255746_k141_8289	6342	0.999	0.000E+00	3545	2	3546	0	3543	3544	3545	0	0	3	3544M
SRR6960551_NODE_818_length_3827_cov_46.180075_g580_i0	SRR6960797_k141_34774	6772	0.998	0.000E+00	3826	38	3827	0	3788	3789	3826	0	0	1	3789M
SRR7976299_NODE_142_length_3766_cov_136.021121_g108_i0	SRR7976299_k141_8599	6749	1.00	0.000E+00	0	3765	3766	0	3765	3766	0	3765	0	1	3766M
SRR7976310_NODE_788_length_4253_cov_111.767464_g541_i0	SRR7976301_k141_53930	7575	0.998	0.000E+00	10	4251	4253	0	4241	4242	0	4252	0	1	4242M
SRR7976310_NODE_788_length_4253_cov_111.767464_g541_i0	SRR7976310_k141_41231	7464	0.998	0.000E+00	47	4226	4253	107	4286	4322	0	4252	0	1	4180M
SRR6960799_NODE_1085_length_3990_cov_4.000511_g703_i0	SRR6960799_k141_12016	7129	0.999	0.000E+00	3989	9	3990	0	3980	3981	3989	0	0	2	3981M
SRR7976357_NODE_3378_length_3736_cov_8.220857_g2023_i0	SRR7976357_k141_62750	6670	0.999	0.000E+00	9	3735	3736	0	3726	3727	0	3735	0	1	3727M
SRR5995670_NODE_333_length_3651_cov_18.809240_g246_i0	SRR5995670_k141_7373	6510	1.00	0.000E+00	3632	0	3651	0	3632	3633	3650	0	0	1	3633M
SRR6960799_NODE_1190_length_3825_cov_17.156983_g777_i0	SRR7976325_k141_56120	6824	0.998	0.000E+00	1	3818	3825	0	3817	3818	0	3824	0	1	3818M
SRR7976357_NODE_3558_length_3641_cov_147.143498_g2135_i0	SRR7976357_k141_64047	6452	0.999	0.000E+00	3633	31	3641	103	3705	3706	3640	0	0	1	3603M
SRR7976325_NODE_405_length_4025_cov_22.995951_g258_i0	SRR7976325_k141_56614	7174	0.998	0.000E+00	4024	4	4025	0	4020	4021	4024	0	0	1	4021M
SRR7976356_NODE_3479_length_3429_cov_5.150775_g2089_i0	SRR7976356_k141_960	6141	1.00	0.000E+00	3426	0	3429	0	3426	3434	3428	0	0	1	3427M
SRR6960507_NODE_1782_length_3798_cov_49.430604_g1404_i0	SRR6960507_k141_60564	6793	1.00	0.000E+00	3796	6	3798	0	3790	3791	3797	0	0	1	3791M
SRR5466729_NODE_1079_length_4166_cov_7.762277_g817_i0	SRR5466729_k141_155	7440	0.999	0.000E+00	4165	0	4166	0	4163	4164	4165	0	0	1	2419M1I1663M1I82M
SRR5467090_NODE_830_length_3890_cov_275.384595_g653_i0	SRR6253579_k141_39380	6850	0.999	0.000E+00	0	3829	3890	0	3829	3969	0	3889	0	301	3830M
SRR5467090_NODE_830_length_3890_cov_275.384595_g653_i0	SRR5467091_k141_79724	6781	0.998	0.000E+00	34	3827	3890	102	3895	3896	0	3889	0	301	3794M
SRR5467090_NODE_830_length_3890_cov_275.384595_g653_i0	SRR5467090_k141_56235	6767	0.998	0.000E+00	38	3825	3890	168	3954	4201	0	3889	0	301	3718M1I69M
SRR6253161_NODE_328_length_6744_cov_56.543697_g206_i0	SRR6253161_k141_39154	12084	1.00	0.000E+00	0	6743	6744	0	6743	8334	0	6743	0	3	6744M
SRR6253161_NODE_328_length_6744_cov_56.543697_g206_i0	SRR5466369_k141_49057	7184	1.00	0.000E+00	7	4015	6744	0	4008	4066	0	6743	0	3	4009M
SRR6253161_NODE_328_length_6744_cov_56.543697_g206_i0	SRR5466338_k141_3607	7175	1.00	0.000E+00	14	4017	6744	0	4003	4124	0	6743	0	3	4004M
SRR6253161_NODE_328_length_6744_cov_56.543697_g206_i0	SRR5466365_k141_25	7175	1.00	0.000E+00	14	4017	6744	0	4003	4151	0	6743	0	3	4004M
SRR6253161_NODE_328_length_6744_cov_56.543697_g206_i0	SRR6255402_k141_13499	7175	1.00	0.000E+00	14	4017	6744	0	4003	4779	0	6743	0	3	4004M
SRR6253161_NODE_328_length_6744_cov_56.543697_g206_i0	SRR5466366_k141_40490	7170	1.00	0.000E+00	14	4014	6744	0	4000	4080	0	6743	0	3	4001M
SRR6255733_NODE_737_length_4128_cov_6.733662_g588_i0	SRR6255733_k141_37656	7388	0.999	0.000E+00	4127	0	4128	0	4127	4128	4127	0	0	6	4128M
SRR6960549_NODE_214_length_3493_cov_64.605556_g152_i0	SRR6960549_k141_4117	6260	1.00	0.000E+00	3492	0	3493	0	3492	3531	3492	0	0	1	3493M
SRR7976299_NODE_39_length_5103_cov_1100.892247_g29_i1	SRR7976299_k141_1552	7512	1.00	0.000E+00	4192	1	5103	0	4191	4192	5102	0	0	1	4192M
SRR7976301_NODE_740_length_4201_cov_921.132025_g584_i0	SRR6960549_k141_22075	7392	0.997	0.000E+00	15	4164	4201	0	4149	4617	0	4200	0	1	4150M
SRR7976301_NODE_740_length_4201_cov_921.132025_g584_i0	SRR7976310_k141_57211	7341	0.997	0.000E+00	4155	32	4201	36	4159	4473	4200	0	0	1	4124M
SRR6960801_NODE_6389_length_3730_cov_24.380913_g3349_i0	SRR6960801_k141_3744	6684	1.00	0.000E+00	3729	0	3730	0	3729	3730	3729	0	0	2	3730M
SRR6960799_NODE_1720_length_3359_cov_4.211808_g1152_i0	SRR7976325_k141_4451	5942	0.998	0.000E+00	3325	0	3359	0	3325	3328	3358	0	0	1	3326M
SRR5466725_NODE_2742_length_3581_cov_135.136260_g2108_i0	SRR5466723_k141_9179	6372	0.998	0.000E+00	3572	0	3581	0	3571	3704	3580	0	0	1	3470M1I102M
SRR5466729_NODE_583_length_5220_cov_636.168836_g429_i0	SRR5466729_k141_70893	7603	1.00	0.000E+00	23	4265	5220	0	4242	5007	0	5219	0	1	4243M
SRR5467091_NODE_1073_length_4144_cov_78.790224_g821_i0	SRR5467090_k141_5460	7319	0.997	0.000E+00	37	4143	4144	1628	5734	5736	0	4143	0	1	4107M
SRR5467091_NODE_1073_length_4144_cov_78.790224_g821_i0	SRR5466728_k141_7134	7249	0.999	0.000E+00	4090	38	4144	384	4436	4437	4143	0	0	1	4053M
SRR6253579_NODE_578_length_6307_cov_62.539942_g371_i0	SRR5466338_k141_96778	6486	0.999	0.000E+00	3626	0	6307	479	4105	4106	6306	0	0	2	3627M
SRR6253579_NODE_578_length_6307_cov_62.539942_g371_i0	SRR6254984_k141_50328	6486	0.999	0.000E+00	3626	0	6307	596	4222	4223	6306	0	0	2	3627M
SRR6253579_NODE_578_length_6307_cov_62.539942_g371_i0	SRR6255513_k141_34841	6441	0.999	0.000E+00	3626	25	6307	270	3871	3940	6306	0	0	2	3602M
SRR6960509_NODE_2488_length_4074_cov_18.612597_g1657_i0	SRR6960509_k141_80646	7258	0.998	0.000E+00	8	4072	4074	0	4064	4065	0	4073	0	3	4065M
SRR6960551_NODE_853_length_3760_cov_23.985083_g602_i0	SRR6960551_k141_6196	6718	0.999	0.000E+00	3753	0	3760	0	3753	3755	3759	0	0	1	3754M
SRR7976299_NODE_146_length_3750_cov_21.581996_g112_i0	SRR7976299_k141_2374	6557	0.998	0.000E+00	3668	0	3750	395	4063	4064	3749	0	0	1	3669M
SRR7976310_NODE_894_length_4038_cov_94.782346_g622_i0	SRR7976310_k141_56246	7199	0.998	0.000E+00	4037	8	4038	36	4065	4066	4037	0	0	1	4030M
SRR7976357_NODE_4041_length_3399_cov_111.751052_g2457_i0	SRR7976357_k141_42088	6035	0.997	0.000E+00	0	3384	3399	0	3384	4898	0	3398	0	1	3385M
SRR7976357_NODE_4041_length_3399_cov_111.751052_g2457_i0	SRR6960803_k141_37834	6026	0.997	0.000E+00	3382	3	3399	7	3386	4592	3398	0	0	1	3380M
SRR7976357_NODE_4041_length_3399_cov_111.751052_g2457_i0	SRR7976356_k141_34772	5943	0.997	0.000E+00	48	3381	3399	83	3416	3418	0	3398	0	1	3334M
SRR7976325_NODE_493_length_3766_cov_5.842405_g324_i0	SRR7976325_k141_2311	6686	0.996	0.000E+00	3765	0	3766	0	3765	3766	3765	0	0	3	3766M
SRR6050738_NODE_207_length_3545_cov_4.497408_g140_i0	SRR6050738_k141_7191	6326	0.998	0.000E+00	0	3544	3545	0	3544	3545	0	3544	0	1	3545M
SRR6960507_NODE_2022_length_3617_cov_19.962754_g1597_i0	SRR6960507_k141_14189	6438	0.998	0.000E+00	11	3615	3617	60	3664	3665	0	3616	0	1	3605M
SRR5466337_NODE_1291_length_4089_cov_7.729582_g797_i0	SRR5466337_k141_33643	7323	0.999	0.000E+00	4088	0	4089	0	4088	4089	4088	0	0	1	4089M
SRR5466727_NODE_1030_length_4335_cov_11.703895_g881_i0	SRR5466727_k141_44620	7764	0.999	0.000E+00	0	4334	4335	0	4334	4335	0	4334	0	1	4335M
SRR5466729_NODE_1444_length_3717_cov_604.616630_g822_i1	SRR5466729_k141_61523	6631	0.999	0.000E+00	3702	0	3717	162	3864	3865	3716	0	0	1	3703M
SRR5466729_NODE_1444_length_3717_cov_604.616630_g822_i1	SRR5466723_k141_33629	6533	0.999	0.000E+00	68	3715	3717	163	3810	4014	0	3716	0	1	3648M
SRR5466729_NODE_1444_length_3717_cov_604.616630_g822_i1	SRR6255733_k141_14949	6468	0.999	0.000E+00	3702	91	3717	134	3745	3989	3716	0	0	1	3612M
SRR6960803_NODE_4725_length_3556_cov_21.282802_g2655_i0	SRR6960803_k141_36910	6355	0.998	0.000E+00	0	3555	3556	0	3555	3556	0	3555	0	301	3556M
SRR6960803_NODE_4725_length_3556_cov_21.282802_g2655_i0	SRR7976356_k141_60829	6221	0.999	0.000E+00	71	3549	3556	16	3494	3558	0	3555	0	301	3479M
SRR6960803_NODE_4725_length_3556_cov_21.282802_g2655_i0	SRR7976357_k141_39612	6164	0.998	0.000E+00	71	3522	3556	2	3453	3632	0	3555	0	301	3452M
SRR6960799_NODE_1466_length_3567_cov_19.108758_g969_i0	SRR6960799_k141_97462	6372	0.999	0.000E+00	3561	1	3567	0	3560	3561	3566	0	0	3	3561M
SRR7976323_NODE_2551_length_3779_cov_808.846735_g1854_i0	SRR7976324_k141_44601	6657	0.998	0.000E+00	7	3731	3779	0	3724	3815	0	3778	0	1	3725M
SRR7976323_NODE_2551_length_3779_cov_808.846735_g1854_i0	SRR6960802_k141_1623	6535	0.998	0.000E+00	11	3673	3779	1089	4752	5929	0	3778	0	1	5M1D3658M
SRR7976325_NODE_603_length_3540_cov_8.134122_g400_i0	SRR6960799_k141_7030	6270	0.995	0.000E+00	0	3538	3540	7	3545	3546	0	3539	0	2	3539M
SRR5467137_NODE_122_length_3557_cov_19.882893_g59_i0	SRR5467137_k141_286	6273	0.999	0.000E+00	0	3507	3557	0	3507	3508	0	3556	0	1	3508M
SRR5466338_NODE_3309_length_3654_cov_25.390114_g2192_i0	SRR5466338_k141_74943	6508	0.997	0.000E+00	0	3653	3654	0	3653	3680	0	3653	0	1	3654M
SRR5466725_NODE_2010_length_4188_cov_52.172783_g1528_i0	SRR5466725_k141_108433	7460	0.999	0.000E+00	19	4187	4188	0	4169	4170	0	4187	0	1	22M1D4147M
SRR5467090_NODE_816_length_3912_cov_35.259703_g641_i0	SRR5467090_k141_42193	6998	0.999	0.000E+00	2	3911	3912	0	3909	3910	0	3911	0	1	3910M
SRR5467091_NODE_2673_length_2745_cov_28.108159_g1243_i1	SRR5466364_k141_57323	4532	0.996	0.000E+00	2744	194	2745	0	2550	3650	2744	0	0	1	2551M
SRR5467091_NODE_2673_length_2745_cov_28.108159_g1243_i1	SRR5466338_k141_47000	4529	0.996	0.000E+00	193	2744	2745	1176	3727	3740	0	2744	0	1	2552M
SRR5466369_NODE_2861_length_4446_cov_1470.139035_g1702_i0	SRR5466369_k141_33380	7484	0.999	0.000E+00	4437	259	4446	0	4178	4179	4445	0	0	2	4179M
SRR5466369_NODE_2861_length_4446_cov_1470.139035_g1702_i0	SRR5466365_k141_56011	7072	0.999	0.000E+00	4426	478	4446	32	3980	4158	4445	0	0	2	3949M
SRR5466725_NODE_2845_length_3510_cov_10.799244_g2175_i0	SRR5466725_k141_81091	6288	1.00	0.000E+00	3508	0	3510	0	3508	3509	3509	0	0	2	3509M
SRR5466729_NODE_1035_length_4244_cov_122.911053_g781_i0	SRR5466729_k141_66119	7598	1.00	0.000E+00	4	4243	4244	0	4239	4240	0	4243	0	1	4240M
SRR5467091_NODE_1101_length_4113_cov_55.262871_g844_i0	SRR5467091_k141_29926	7353	0.999	0.000E+00	4112	2	4113	0	4110	4111	4112	0	0	1	4111M
SRR6254353_NODE_1179_length_4289_cov_35.143501_g749_i0	SRR6254353_k141_18183	7549	0.999	0.000E+00	69	4288	4289	105	4324	4325	0	4288	0	1	4220M
SRR6254353_NODE_1179_length_4289_cov_35.143501_g749_i0	SRR5466338_k141_55708	7545	0.999	0.000E+00	4287	70	4289	243	4460	4532	4288	0	0	1	4218M
SRR6254353_NODE_1179_length_4289_cov_35.143501_g749_i0	SRR6254893_k141_22990	7537	0.999	0.000E+00	69	4284	4289	51	4266	4341	0	4288	0	1	4216M
SRR6254353_NODE_1179_length_4289_cov_35.143501_g749_i0	SRR5467090_k141_31441	7537	0.999	0.000E+00	69	4284	4289	95	4310	4663	0	4288	0	1	4216M
SRR6254353_NODE_1179_length_4289_cov_35.143501_g749_i0	SRR5467091_k141_79590	7461	0.998	0.000E+00	4245	70	4289	96	4271	4357	4288	0	0	1	4176M
SRR6960551_NODE_938_length_3629_cov_832.107143_g661_i0	SRR6960551_k141_63062	6374	0.997	0.000E+00	3603	22	3629	31	3612	3770	3628	0	0	5	3582M
SRR7976299_NODE_167_length_3628_cov_7.473699_g130_i0	SRR7976299_k141_17024	6497	0.999	0.000E+00	3627	0	3628	3	3630	3631	3627	0	0	1	3628M
SRR7976310_NODE_964_length_3904_cov_686.200731_g681_i0	SRR7976301_k141_11503	6649	0.998	0.000E+00	3726	4	3904	828	4550	4551	3903	0	0	1	3723M
SRR7976310_NODE_964_length_3904_cov_686.200731_g681_i0	SRR7976310_k141_33021	6604	0.998	0.000E+00	3720	24	3904	304	3999	4000	3903	0	0	1	6M1I3690M
