SRR5466369_NODE_2112_length_4076_cov_67.486446	SRR6253161_NODE_328_length_6744_cov_56.543697_g206_i0	7188	1.00	0.000E+00	4075	65	4076	7	4017	6744	4075	0	0	301	4011M
SRR5466369_NODE_2112_length_4076_cov_67.486446	SRR6253161_NODE_466_length_6005_cov_61.818948_g206_i1	7185	0.999	0.000E+00	64	4075	4076	1986	5997	6005	0	4075	0	301	4012M
SRR5466725_NODE_2497_length_3765_cov_31.515094	SRR5466725_NODE_2492_length_3765_cov_23.373510_g1908_i0	6747	1.00	0.000E+00	3764	0	3765	0	3764	3765	3764	0	0	2	3765M
SRR5467091_NODE_886_length_4136_cov_9.465817	SRR5467091_NODE_1084_length_4136_cov_6.582082_g830_i0	7407	0.999	0.000E+00	4135	0	4136	0	4135	4136	4135	0	0	1	4136M
SRR6255521_NODE_559_length_3685_cov_63.560055	SRR6255521_NODE_648_length_3685_cov_39.119878_g483_i0	6590	0.999	0.000E+00	3684	0	3685	0	3684	3685	3684	0	0	1	3685M
SRR6255521_NODE_559_length_3685_cov_63.560055	SRR5466365_NODE_2397_length_3377_cov_93.147397_g1550_i1	5928	0.996	0.000E+00	1	3339	3685	0	3339	3377	0	3684	0	1	62M1D3277M
SRR6255521_NODE_559_length_3685_cov_63.560055	SRR5466338_NODE_3677_length_3418_cov_108.391629_g2451_i1	5925	0.996	0.000E+00	4	3339	3685	72	3409	3418	0	3684	0	1	59M1D29M1D3248M
SRR6255521_NODE_559_length_3685_cov_63.560055	SRR5466337_NODE_2087_length_3409_cov_90.366906_g1338_i0	5917	0.996	0.000E+00	6	3339	3685	0	3335	3409	0	3684	0	1	57M1D29M1D3248M
SRR6255521_NODE_559_length_3685_cov_63.560055	SRR6255520_NODE_1157_length_3280_cov_44.615529_g953_i0	5779	0.999	0.000E+00	108	3339	3685	42	3273	3280	0	3684	0	1	3232M
SRR6960549_NODE_122_length_3689_cov_6.596588	SRR6960549_NODE_172_length_3689_cov_4.960730_g124_i0	6602	0.999	0.000E+00	0	3688	3689	0	3688	3689	0	3688	0	5	3689M
SRR7976299_NODE_44_length_4645_cov_11.170370	SRR7976299_NODE_55_length_4645_cov_7.537839_g43_i0	8324	1.00	0.000E+00	0	4644	4645	0	4644	4645	0	4644	0	1	4645M
SRR6960509_NODE_2412_length_3508_cov_9.216044	SRR6960509_NODE_3441_length_3508_cov_6.862882_g2292_i0	6282	0.999	0.000E+00	0	3507	3508	0	3507	3508	0	3507	0	1	3508M
SRR6960551_NODE_736_length_3536_cov_21.101408	SRR6960551_NODE_1027_length_3515_cov_15.394829_g724_i0	6277	0.998	0.000E+00	21	3535	3536	0	3514	3515	0	3535	0	1	3515M
SRR7976300_NODE_1549_length_3575_cov_15.776420	SRR7976300_NODE_1991_length_3575_cov_10.948315_g1477_i0	6406	1.00	0.000E+00	3574	0	3575	0	3574	3575	3574	0	0	1	3575M
SRR7976310_NODE_898_length_3618_cov_30.891384	SRR7976310_NODE_1169_length_3618_cov_22.977715_g841_i0	6484	1.00	0.000E+00	0	3617	3618	0	3617	3618	0	3617	0	1	3618M
SRR6960799_NODE_969_length_3555_cov_12.087429	SRR7976325_NODE_603_length_3540_cov_8.134122_g400_i0	6273	0.995	0.000E+00	7	3544	3555	0	3537	3540	0	3554	0	1	3538M
SRR7976323_NODE_2536_length_3386_cov_17.979586	SRR7976323_NODE_3165_length_3386_cov_12.853909_g2294_i0	6050	0.998	0.000E+00	0	3385	3386	0	3385	3386	0	3385	0	1	3386M
SRR7976325_NODE_461_length_3364_cov_7.510426	SRR6960799_NODE_1720_length_3359_cov_4.211808_g1152_i0	5996	0.998	0.000E+00	8	3363	3364	0	3355	3359	0	3363	0	1	3356M
SRR6050528_NODE_163_length_3508_cov_5.807703	SRR5208570_NODE_314_length_3509_cov_9.280268_g152_i0	6277	0.999	0.000E+00	3507	0	3508	1	3508	3509	3507	0	0	1	3508M
SRR5466364_NODE_1997_length_3590_cov_13.618388	SRR5467090_NODE_1034_length_3588_cov_16.478236_g827_i0	6353	0.995	0.000E+00	1	3589	3590	0	3586	3588	0	3589	0	1	132M2I3455M
SRR6960507_NODE_1097_length_4376_cov_29.606341	SRR6960507_NODE_1248_length_4376_cov_20.232164_g964_i0	7837	0.999	0.000E+00	4375	0	4376	0	4375	4376	4375	0	0	1	4376M
SRR5466366_NODE_1987_length_3804_cov_8.655642	SRR5466366_NODE_2775_length_3804_cov_6.503082_g1892_i0	6817	1.00	0.000E+00	3803	0	3804	0	3803	3804	3803	0	0	1	3804M
SRR5466728_NODE_741_length_3615_cov_42.991011	SRR5466728_NODE_437_length_4446_cov_20681.534416_g363_i0	6402	0.995	0.000E+00	3614	0	3615	0	3614	4446	3614	0	0	1	3615M
SRR5466728_NODE_741_length_3615_cov_42.991011	SRR5467090_NODE_1027_length_3596_cov_29.071530_g823_i0	6327	0.996	0.000E+00	3614	57	3615	10	3567	3596	3614	0	0	1	3558M
SRR5467091_NODE_858_length_4177_cov_69.990539	SRR5467091_NODE_758_length_4797_cov_10803.204488_g559_i0	7485	1.00	0.000E+00	0	4176	4177	620	4796	4797	0	4176	0	2	4177M
SRR5467091_NODE_858_length_4177_cov_69.990539	SRR5467090_NODE_1538_length_3039_cov_3442.431895_g1249_i0	5220	0.999	0.000E+00	2966	52	4177	123	3037	3039	4176	0	0	2	2915M
SRR6255513_NODE_641_length_4109_cov_6.981746	SRR6253161_NODE_1290_length_4139_cov_11.646581_g904_i0	7257	0.999	0.000E+00	51	4107	4109	74	4130	4139	0	4108	0	2	4057M
SRR6255513_NODE_641_length_4109_cov_6.981746	SRR6255520_NODE_661_length_4110_cov_7.606143_g554_i0	7252	0.999	0.000E+00	56	4107	4109	0	4051	4110	0	4108	0	2	4052M
SRR6960549_NODE_112_length_3766_cov_88.634600	SRR7976310_NODE_964_length_3904_cov_686.200731_g681_i0	6632	0.998	0.000E+00	3765	55	3766	3	3713	3904	3765	0	0	2	3711M
SRR6960549_NODE_112_length_3766_cov_88.634600	SRR5467090_NODE_891_length_3776_cov_51.700783_g706_i0	6457	0.990	0.000E+00	54	3743	3766	87	3775	3776	0	3765	0	2	3310M1I379M
SRR6960797_NODE_620_length_3637_cov_17.760748	SRR6960797_NODE_703_length_3637_cov_12.761504_g548_i0	6509	0.999	0.000E+00	0	3636	3637	0	3636	3637	0	3636	0	2	3637M
SRR7976301_NODE_648_length_4228_cov_19.360412	SRR7976301_NODE_729_length_4228_cov_14.551143_g575_i0	7572	0.999	0.000E+00	4227	0	4228	0	4227	4228	4227	0	0	1	4228M
SRR6255733_NODE_835_length_3803_cov_48.803362	SRR6255733_NODE_842_length_3856_cov_12953.289717_g681_i0	6815	1.00	0.000E+00	0	3802	3803	0	3802	3856	0	3802	0	301	3803M
SRR6960551_NODE_553_length_3962_cov_7.526235	SRR6960551_NODE_803_length_3853_cov_5.607937_g570_i0	6905	1.00	0.000E+00	0	3852	3962	0	3852	3853	0	3961	0	1	3853M
SRR7976299_NODE_83_length_4009_cov_16.055387	SRR7976299_NODE_109_length_3966_cov_11.522219_g86_i0	7098	0.999	0.000E+00	3965	0	4009	0	3965	3966	4008	0	0	1	3966M
SRR7976301_NODE_1078_length_3452_cov_109.188107	SRR7976310_NODE_1299_length_3451_cov_205.095027_g935_i0	6160	0.998	0.000E+00	3449	0	3452	0	3449	3451	3451	0	0	1	3450M
SRR6960803_NODE_2573_length_3727_cov_7.635893	SRR7976357_NODE_3378_length_3736_cov_8.220857_g2023_i0	6670	0.999	0.000E+00	0	3726	3727	0	3726	3736	0	3726	0	1	3727M
SRR6960799_NODE_782_length_3777_cov_15.839065	SRR7976325_NODE_481_length_3801_cov_9.524946_g316_i0	6622	0.992	0.000E+00	3767	0	3777	0	3767	3801	3776	0	0	1	3768M
SRR7976325_NODE_301_length_3809_cov_24.059936	SRR7976325_NODE_479_length_3809_cov_16.738490_g314_i0	6817	0.999	0.000E+00	0	3808	3809	0	3808	3809	0	3808	0	1	3809M
SRR6050738_NODE_86_length_4027_cov_37.475831	SRR6050738_NODE_144_length_4027_cov_24.704603_g96_i0	7145	0.996	0.000E+00	4026	0	4027	0	4026	4027	4026	0	0	1	4027M
SRR6050738_NODE_86_length_4027_cov_37.475831	SRR6050698_NODE_237_length_4026_cov_24.008348_g129_i0	7032	0.990	0.000E+00	4023	0	4027	0	4023	4026	4026	0	0	1	4024M
SRR6960507_NODE_1609_length_3757_cov_7.667747	SRR6960507_NODE_1827_length_3757_cov_5.582790_g1442_i0	6719	0.999	0.000E+00	3756	0	3757	0	3756	3757	3756	0	0	2	3757M
SRR5466338_NODE_1946_length_4074_cov_96.326201	SRR6253161_NODE_328_length_6744_cov_56.543697_g206_i0	7200	1.00	0.000E+00	0	4017	4074	0	4017	6744	0	4073	0	1	4018M
SRR5466338_NODE_1946_length_4074_cov_96.326201	SRR6253161_NODE_466_length_6005_cov_61.818948_g206_i1	7197	0.999	0.000E+00	4018	0	4074	1986	6004	6005	4073	0	0	1	4019M
SRR5466723_NODE_806_length_3637_cov_50.740648	SRR5466725_NODE_2742_length_3581_cov_135.136260_g2108_i0	6389	0.998	0.000E+00	61	3636	3637	0	3576	3581	0	3636	0	2	99M1D3477M
SRR5466727_NODE_1467_length_3845_cov_173.097625	SRR5466727_NODE_1359_length_3845_cov_128.811506_g1170_i0	6886	0.999	0.000E+00	0	3844	3845	0	3844	3845	0	3844	0	1	3845M
SRR5467090_NODE_533_length_4327_cov_8.607912	SRR5467090_NODE_614_length_4327_cov_5.597085_g477_i0	7749	0.999	0.000E+00	4326	0	4327	0	4326	4327	4326	0	0	1	4327M
SRR6253161_NODE_1047_length_4115_cov_16.709606	SRR6253161_NODE_1304_length_4115_cov_12.671697_g914_i0	7374	1.00	0.000E+00	0	4114	4115	0	4114	4115	0	4114	0	1	4115M
SRR6960509_NODE_1568_length_4222_cov_56.208303	SRR6960509_NODE_2300_length_4222_cov_42.183659_g1524_i0	7566	1.00	0.000E+00	0	4221	4222	0	4221	4222	0	4221	0	1	4222M
SRR6960551_NODE_632_length_3737_cov_8.989680	SRR6960551_NODE_869_length_3737_cov_5.927948_g611_i0	6625	0.995	0.000E+00	3736	0	3737	0	3736	3737	3736	0	0	1	3737M
SRR7976300_NODE_874_length_4513_cov_28.319874	SRR7976300_NODE_1131_length_4513_cov_20.063514_g840_i0	8078	0.999	0.000E+00	0	4512	4513	0	4512	4513	0	4512	0	1	4513M
SRR7976310_NODE_752_length_3885_cov_97.411488	SRR7976310_NODE_989_length_3871_cov_72.166667_g702_i0	6880	0.999	0.000E+00	3841	0	3885	29	3870	3871	3884	0	0	1	3842M
SRR7976310_NODE_752_length_3885_cov_97.411488	SRR6960549_NODE_275_length_3169_cov_30.665052_g100_i1	4902	0.999	0.000E+00	1101	3840	3885	402	3141	3169	0	3884	0	1	2740M
SRR6960509_NODE_1593_length_4196_cov_20.537310	SRR6960551_NODE_645_length_4194_cov_22.135161_g468_i0	7384	0.993	0.000E+00	2	4194	4196	0	4192	4194	0	4195	0	2	4193M
SRR7976300_NODE_941_length_4378_cov_14.798982	SRR7976300_NODE_1216_length_4378_cov_10.539373_g903_i0	7845	1.00	0.000E+00	0	4377	4378	0	4377	4378	0	4377	0	1	4378M
SRR7976310_NODE_777_length_3827_cov_81.137063	SRR7976310_NODE_1023_length_3827_cov_58.448588_g727_i0	6858	1.00	0.000E+00	0	3826	3827	0	3826	3827	0	3826	0	1	3827M
SRR6960799_NODE_927_length_3595_cov_10.841808	SRR6960799_NODE_1439_length_3595_cov_7.280806_g948_i0	6442	1.00	0.000E+00	0	3594	3595	0	3594	3595	0	3594	0	1	3595M
SRR7976323_NODE_1608_length_4164_cov_22.730835	SRR6960802_NODE_1552_length_4164_cov_13.392080_g991_i0	7399	0.996	0.000E+00	4163	0	4164	0	4163	4164	4163	0	0	1	4164M
SRR7976323_NODE_1608_length_4164_cov_22.730835	SRR7976324_NODE_407_length_4161_cov_6.173190_g288_i0	7379	0.996	0.000E+00	4	4163	4164	2	4160	4161	0	4163	0	1	1544M1I2615M
SRR7976325_NODE_363_length_3646_cov_18.747424	SRR7976325_NODE_554_length_3646_cov_13.761825_g368_i0	6534	1.00	0.000E+00	3645	0	3646	0	3645	3646	3645	0	0	2	3646M
SRR5467139_NODE_136_length_3679_cov_16.360375	SRR5467139_NODE_220_length_3679_cov_10.275652_g119_i0	6575	0.998	0.000E+00	0	3678	3679	0	3678	3679	0	3678	0	1	3679M
SRR5466338_NODE_2505_length_3543_cov_32.222190	SRR5466364_NODE_2724_length_3650_cov_23.304725_g1821_i0	6213	0.998	0.000E+00	3530	54	3543	0	3476	3650	3542	0	0	1	3477M
SRR5466338_NODE_2505_length_3543_cov_32.222190	SRR5467091_NODE_2673_length_2745_cov_28.108159_g1243_i1	4538	0.996	0.000E+00	979	3530	3543	193	2744	2745	0	3542	0	1	2552M
SRR5466725_NODE_1854_length_4308_cov_17.898660	SRR5466727_NODE_1056_length_4303_cov_11.469504_g903_i0	7693	0.999	0.000E+00	4302	0	4308	0	4302	4303	4307	0	0	2	4303M
SRR5466725_NODE_1854_length_4308_cov_17.898660	SRR5466729_NODE_2350_length_2998_cov_10.704274_g1856_i0	5280	0.998	0.000E+00	0	2959	4308	0	2960	2998	0	4307	0	2	2503M1D457M
SRR5466727_NODE_1483_length_3824_cov_101.324755	SRR5466725_NODE_2421_length_3817_cov_87.387821_g1854_i0	6838	1.00	0.000E+00	3823	8	3824	1	3816	3817	3823	0	0	2	3816M
SRR5467090_NODE_678_length_3946_cov_14.905423	SRR5467090_NODE_802_length_3946_cov_10.177124_g627_i0	7053	0.998	0.000E+00	0	3945	3946	0	3945	3946	0	3945	0	1	3946M
SRR6253256_NODE_807_length_3939_cov_27.877188	SRR6253256_NODE_738_length_4483_cov_1256.322449_g576_i0	7032	0.998	0.000E+00	3938	0	3939	0	3938	4483	3938	0	0	1	3939M
SRR6253256_NODE_807_length_3939_cov_27.877188	SRR6254351_NODE_1065_length_4588_cov_22633.434109_g7_i28	6916	0.997	0.000E+00	3936	55	3939	1	3882	4588	3938	0	0	1	3882M
SRR6253256_NODE_807_length_3939_cov_27.877188	SRR5466369_NODE_3486_length_3955_cov_38.058990_g2111_i0	6914	0.997	0.000E+00	3935	53	3939	0	3882	3955	3938	0	0	1	3883M
SRR6960509_NODE_1699_length_4074_cov_27.141329	SRR6960509_NODE_2488_length_4074_cov_18.612597_g1657_i0	7287	0.999	0.000E+00	0	4073	4074	0	4073	4074	0	4073	0	3	4074M
SRR6960551_NODE_677_length_3661_cov_1099.111758	SRR6960551_NODE_938_length_3629_cov_832.107143_g661_i0	6416	0.996	0.000E+00	53	3660	3661	21	3628	3629	0	3660	0	1	3608M
SRR6960551_NODE_677_length_3661_cov_1099.111758	SRR6960551_NODE_1263_length_3223_cov_675.845397_g661_i1	4951	0.990	0.000E+00	831	3660	3661	393	3222	3223	0	3660	0	1	2830M
SRR7976300_NODE_1350_length_3790_cov_21.228380	SRR7976300_NODE_1757_length_3762_cov_14.381675_g1303_i0	6737	0.999	0.000E+00	3789	28	3790	0	3761	3762	3789	0	0	2	3762M
SRR7976310_NODE_790_length_3809_cov_239.259989	SRR7976310_NODE_1037_length_3809_cov_177.007227_g739_i0	6790	0.997	0.000E+00	0	3808	3809	0	3808	3809	0	3808	0	1	3809M
SRR6960799_NODE_577_length_4161_cov_18.866293	SRR6960799_NODE_949_length_4161_cov_11.586840_g615_i0	7443	0.999	0.000E+00	4160	0	4161	0	4160	4161	4160	0	0	1	4161M
SRR6960799_NODE_937_length_3587_cov_6.336920	SRR6960799_NODE_1450_length_3587_cov_4.418327_g955_i0	6401	0.998	0.000E+00	0	3586	3587	0	3586	3587	0	3586	0	1	3587M
SRR5466725_NODE_2066_length_4106_cov_603.948408	SRR5466725_NODE_2138_length_4061_cov_444.057422_g1621_i0	7261	1.00	0.000E+00	4105	54	4106	0	4051	4061	4105	0	0	1	4052M
SRR5466728_NODE_398_length_4555_cov_160.300667	SRR5466728_NODE_406_length_4555_cov_117.385542_g337_i0	8151	0.999	0.000E+00	4554	4	4555	0	4550	4555	4554	0	0	1	4551M
SRR5467090_NODE_731_length_3824_cov_14.070045	SRR5466728_NODE_678_length_3780_cov_9.094955_g571_i0	6769	0.999	0.000E+00	44	3823	3824	0	3779	3780	0	3823	0	1	3780M
SRR6254353_NODE_909_length_4047_cov_11.011774	SRR6254353_NODE_1344_length_4047_cov_7.966281_g856_i0	7252	1.00	0.000E+00	0	4046	4047	0	4046	4047	0	4046	0	1	4047M
SRR6960509_NODE_2416_length_3506_cov_662.004347	SRR6960797_NODE_645_length_3730_cov_291.604047_g505_i0	6243	0.997	0.000E+00	2	3505	3506	1	3504	3730	0	3505	0	1	3504M
SRR7976300_NODE_1561_length_3559_cov_9.446918	SRR7976300_NODE_2010_length_3559_cov_6.583477_g1491_i0	6373	0.999	0.000E+00	3558	0	3559	0	3558	3559	3558	0	0	1	3559M
SRR7976310_NODE_1024_length_3420_cov_10.773848	SRR7976310_NODE_1386_length_3373_cov_7.806667_g993_i0	6036	0.999	0.000E+00	3419	47	3420	0	3372	3373	3419	0	0	1	3373M
SRR6960799_NODE_620_length_4070_cov_214.635616	SRR6960799_NODE_1053_length_4034_cov_166.325423_g683_i0	7194	0.999	0.000E+00	4016	0	4070	17	4033	4034	4069	0	0	1	4017M
SRR6960799_NODE_985_length_3536_cov_20.851479	SRR6960799_NODE_1503_length_3535_cov_14.919988_g995_i0	6326	0.999	0.000E+00	1	3535	3536	0	3534	3535	0	3535	0	1	3535M
SRR6960803_NODE_2563_length_3734_cov_15.070400	SRR6960803_NODE_4340_length_3734_cov_10.993718_g2406_i0	6691	1.00	0.000E+00	0	3733	3734	0	3733	3734	0	3733	0	301	3734M
SRR6960799_NODE_778_length_3779_cov_6.191998	SRR7976325_NODE_496_length_3763_cov_7.673171_g326_i0	6730	0.999	0.000E+00	3766	4	3779	0	3762	3763	3778	0	0	1	3763M
SRR7976357_NODE_2206_length_3727_cov_8.842865	SRR7976357_NODE_3393_length_3727_cov_6.461959_g2033_i0	6670	0.999	0.000E+00	0	3726	3727	0	3726	3727	0	3726	0	1	3727M
SRR6050738_NODE_71_length_4262_cov_45.052769	SRR5208572_NODE_69_length_4309_cov_39.160057_g31_i0	7603	0.999	0.000E+00	4252	0	4262	0	4252	4309	4261	0	0	1	4253M
SRR6960507_NODE_1557_length_3798_cov_67.290676	SRR6960507_NODE_1782_length_3798_cov_49.430604_g1404_i0	6806	1.00	0.000E+00	3797	0	3798	0	3797	3798	3797	0	0	1	3798M
SRR5466337_NODE_823_length_4144_cov_59.227929	SRR6253256_NODE_738_length_4483_cov_1256.322449_g576_i0	6884	0.996	0.000E+00	0	3875	4144	21	3895	4483	0	4143	0	1	3866M1I9M
SRR5466337_NODE_823_length_4144_cov_59.227929	SRR5466369_NODE_3486_length_3955_cov_38.058990_g2111_i0	6873	0.997	0.000E+00	0	3862	4144	18	3880	3955	0	4143	0	1	3863M
SRR5466337_NODE_823_length_4144_cov_59.227929	SRR6254351_NODE_1065_length_4588_cov_22633.434109_g7_i28	6873	0.997	0.000E+00	0	3862	4144	20	3882	4588	0	4143	0	1	3863M
SRR5466729_NODE_1306_length_3826_cov_25.051976	SRR5466729_NODE_1338_length_3826_cov_17.914202_g1029_i0	6847	0.999	0.000E+00	0	3825	3826	0	3825	3826	0	3825	0	3	3826M
SRR5466729_NODE_1306_length_3826_cov_25.051976	SRR5466727_NODE_359_length_6671_cov_21.191725_g292_i0	6385	0.998	0.000E+00	3825	253	3826	0	3572	6671	3825	0	0	3	3573M
SRR5467091_NODE_1050_length_3846_cov_18.587444	SRR5467091_NODE_1278_length_3846_cov_13.857143_g986_i0	6883	0.999	0.000E+00	3845	0	3846	0	3845	3846	3845	0	0	2	3846M
SRR7976326_NODE_102_length_4264_cov_44.779045	SRR6960799_NODE_1040_length_4049_cov_30.205231_g671_i0	6857	0.999	0.000E+00	3828	0	4264	220	4048	4049	4263	0	0	1	3829M
SRR6050528_NODE_179_length_3415_cov_16.841667	SRR5467137_NODE_122_length_3557_cov_19.882893_g59_i0	6107	1.00	0.000E+00	6	3413	3415	0	3407	3557	0	3414	0	1	3408M
SRR5466365_NODE_658_length_4790_cov_8.256811	SRR6253161_NODE_858_length_4779_cov_8.303230_g592_i0	8559	0.999	0.000E+00	0	4778	4790	0	4778	4779	0	4789	0	1	4779M
SRR5466728_NODE_554_length_4032_cov_38.062861	SRR5466365_NODE_1780_length_3841_cov_15.673567_g1125_i0	6853	0.999	0.000E+00	3826	0	4032	9	3835	3841	4031	0	0	1	3827M
SRR5466728_NODE_554_length_4032_cov_38.062861	SRR6254893_NODE_919_length_3823_cov_14.845333_g741_i1	6641	0.996	0.000E+00	90	3825	4032	75	3810	3823	0	4031	0	1	3736M
SRR5467090_NODE_736_length_3812_cov_18.244078	SRR5467090_NODE_867_length_3808_cov_13.522892_g686_i0	6824	1.00	0.000E+00	0	3807	3812	0	3807	3808	0	3811	0	2	3808M
SRR6254353_NODE_1209_length_3615_cov_19.494663	SRR6254353_NODE_1782_length_3615_cov_14.477979_g1135_i0	6478	1.00	0.000E+00	3614	0	3615	0	3614	3615	3614	0	0	1	3615M
SRR6960549_NODE_46_length_4582_cov_20.808924	SRR6960549_NODE_61_length_4583_cov_14.931042_g42_i0	8186	0.998	0.000E+00	0	4581	4582	0	4582	4583	0	4581	0	1	2236M1D2346M
SRR7976299_NODE_75_length_4110_cov_61.206165	SRR7976299_NODE_39_length_5103_cov_1100.892247_g29_i1	7365	1.00	0.000E+00	4109	0	4110	0	4109	5103	4109	0	0	301	4110M
SRR7976301_NODE_841_length_3850_cov_439.519631	SRR7976301_NODE_936_length_3826_cov_334.284572_g753_i0	6856	1.00	0.000E+00	4	3829	3850	0	3825	3826	0	3849	0	1	3826M
SRR7976301_NODE_841_length_3850_cov_439.519631	SRR7976301_NODE_1091_length_3623_cov_330.203099_g753_i1	5040	0.999	0.000E+00	2818	4	3850	808	3622	3623	3849	0	0	1	2815M
SRR6960803_NODE_2476_length_3792_cov_180.473910	SRR7976357_NODE_3356_length_3753_cov_180.988043_g2006_i0	6694	0.999	0.000E+00	52	3789	3792	15	3752	3753	0	3791	0	2	3738M
SRR6960799_NODE_758_length_3819_cov_7.545962	SRR6960799_NODE_1201_length_3819_cov_5.295515_g787_i0	6844	1.00	0.000E+00	3818	0	3819	0	3818	3819	3818	0	0	1	3819M
SRR7976357_NODE_2079_length_3827_cov_17.130170	SRR7976356_NODE_2848_length_3811_cov_8.208935_g1658_i0	6599	0.990	0.000E+00	3774	0	3827	31	3805	3811	3826	0	0	1	3775M
SRR7976325_NODE_270_length_3901_cov_21.908476	SRR7976325_NODE_447_length_3901_cov_15.234848_g289_i0	6986	0.999	0.000E+00	3900	0	3901	0	3900	3901	3900	0	0	1	3901M
SRR7976356_NODE_2170_length_3509_cov_30.216271	SRR7976357_NODE_3810_length_3509_cov_33.324214_g2297_i0	6286	1.00	0.000E+00	1	3508	3509	0	3507	3509	0	3508	0	1	3508M
SRR6960507_NODE_1494_length_3870_cov_21.251376	SRR6960507_NODE_1690_length_3870_cov_14.835660_g1328_i0	6926	0.999	0.000E+00	3869	0	3870	0	3869	3870	3869	0	0	1	3870M
SRR5466337_NODE_551_length_4774_cov_58.392456	SRR5466337_NODE_877_length_4774_cov_43.443735_g518_i0	8555	1.00	0.000E+00	4773	0	4774	0	4773	4774	4773	0	0	1	4774M
SRR5466337_NODE_551_length_4774_cov_58.392456	SRR6255402_NODE_633_length_4509_cov_56434.147205_g497_i0	7696	1.00	0.000E+00	4770	476	4774	0	4294	4509	4773	0	0	1	4295M
SRR5466337_NODE_551_length_4774_cov_58.392456	SRR5466338_NODE_2399_length_4402_cov_68.999769_g1546_i0	7672	0.999	0.000E+00	4759	476	4774	0	4283	4402	4773	0	0	1	4284M
SRR5466337_NODE_551_length_4774_cov_58.392456	SRR5466366_NODE_1605_length_4914_cov_33.818219_g1059_i0	7541	0.999	0.000E+00	4686	476	4774	701	4911	4914	4773	0	0	1	4211M
SRR5466337_NODE_551_length_4774_cov_58.392456	SRR6254353_NODE_1179_length_4289_cov_35.143501_g749_i0	7538	0.999	0.000E+00	4689	476	4774	69	4282	4289	4773	0	0	1	4214M
SRR6255746_NODE_753_length_3897_cov_275.386517	SRR6255746_NODE_881_length_3897_cov_191.428609_g671_i0	6949	0.998	0.000E+00	3894	0	3897	0	3896	3897	3896	0	0	5	73M2D3822M
SRR6255746_NODE_753_length_3897_cov_275.386517	SRR5466727_NODE_1192_length_4069_cov_396.271772_g1019_i0	6074	0.999	0.000E+00	3410	14	3897	672	4068	4069	3896	0	0	5	3397M
SRR7976299_NODE_118_length_3750_cov_30.182138	SRR7976299_NODE_146_length_3750_cov_21.581996_g112_i0	6720	1.00	0.000E+00	0	3749	3750	0	3749	3750	0	3749	0	2	3750M
SRR7976310_NODE_684_length_4038_cov_123.118755	SRR7976310_NODE_894_length_4038_cov_94.782346_g622_i0	7209	0.998	0.000E+00	0	4037	4038	0	4037	4038	0	4037	0	1	4038M
SRR7976325_NODE_320_length_3760_cov_11.110661	SRR6960799_NODE_1269_length_3750_cov_9.888496_g828_i0	6716	0.999	0.000E+00	3752	3	3760	0	3749	3750	3759	0	0	1	3750M
SRR5208575_NODE_53_length_3926_cov_43.323431	SRR5208570_NODE_207_length_3975_cov_58.493849_g110_i0	6976	0.997	0.000E+00	0	3912	3926	62	3974	3975	0	3925	0	1	3913M
SRR6960507_NODE_1963_length_3474_cov_21.112314	SRR6960507_NODE_2256_length_3474_cov_12.935019_g1790_i0	6221	0.999	0.000E+00	3473	0	3474	0	3473	3474	3473	0	0	1	3474M
SRR6960803_NODE_1962_length_4267_cov_10.225783	SRR7976357_NODE_2595_length_4266_cov_9.045075_g1524_i0	7604	0.997	0.000E+00	4266	1	4267	0	4265	4266	4266	0	0	301	4266M
SRR6960799_NODE_722_length_3873_cov_19.955212	SRR6960799_NODE_1162_length_3873_cov_14.280789_g756_i0	6936	0.999	0.000E+00	3872	0	3873	0	3872	3873	3872	0	0	1	3873M
SRR7976356_NODE_1994_length_3641_cov_22.901004	SRR7976356_NODE_3274_length_3533_cov_15.945954_g1946_i0	6315	1.00	0.000E+00	0	3523	3641	0	3523	3533	0	3640	0	1	3524M
SRR7976356_NODE_1994_length_3641_cov_22.901004	SRR6960803_NODE_4725_length_3556_cov_21.282802_g2655_i0	6221	0.999	0.000E+00	45	3523	3641	71	3549	3556	0	3640	0	1	3479M
SRR6960507_NODE_1324_length_4060_cov_24.326592	SRR6960507_NODE_1509_length_4052_cov_16.067354_g1180_i0	7261	1.00	0.000E+00	4051	0	4060	0	4051	4052	4059	0	0	2	4052M
SRR5466369_NODE_2169_length_4036_cov_45.871640	SRR5466369_NODE_2861_length_4446_cov_1470.139035_g1702_i0	7232	1.00	0.000E+00	0	4035	4036	410	4445	4446	0	4035	0	1	4036M
SRR5466369_NODE_2169_length_4036_cov_45.871640	SRR5466337_NODE_1127_length_4329_cov_24180.961936_g682_i0	7124	0.999	0.000E+00	52	4029	4036	351	4328	4329	0	4035	0	1	3978M
SRR5466729_NODE_690_length_4904_cov_922.619303	SRR5466729_NODE_583_length_5220_cov_636.168836_g429_i0	7644	1.00	0.000E+00	0	4265	4904	0	4265	5220	0	4903	0	2	4266M
SRR5467091_NODE_903_length_4113_cov_73.155495	SRR5467091_NODE_1101_length_4113_cov_55.262871_g844_i0	7361	0.999	0.000E+00	0	4112	4113	0	4112	4113	0	4112	0	1	4113M
SRR5467090_NODE_510_length_4402_cov_7.060271	SRR5467090_NODE_599_length_4402_cov_5.148302_g464_i0	7888	1.00	0.000E+00	0	4401	4402	0	4401	4402	0	4401	0	1	4402M
SRR6253161_NODE_984_length_4216_cov_15.915886	SRR6253161_NODE_1290_length_4139_cov_11.646581_g904_i0	7417	1.00	0.000E+00	4138	0	4216	0	4138	4139	4215	0	0	1	4139M
SRR6253161_NODE_984_length_4216_cov_15.915886	SRR6255520_NODE_661_length_4110_cov_7.606143_g554_i0	7275	1.00	0.000E+00	4059	0	4216	0	4059	4110	4215	0	0	1	4060M
SRR6960509_NODE_1399_length_4424_cov_232.669032	SRR6960797_NODE_456_length_4216_cov_274.845040_g353_i0	7324	0.999	0.000E+00	4093	0	4424	119	4214	4216	4423	0	0	2	1484M2D2610M
SRR6960551_NODE_629_length_3743_cov_28.358460	SRR6960509_NODE_2997_length_3732_cov_3.876469_g1997_i0	6639	0.997	0.000E+00	11	3742	3743	0	3731	3732	0	3742	0	1	3732M
SRR7976299_NODE_152_length_3503_cov_11.535383	SRR7976299_NODE_176_length_3503_cov_7.795918_g138_i0	6269	0.999	0.000E+00	0	3502	3503	0	3502	3503	0	3502	0	1	3503M
SRR7976310_NODE_738_length_3904_cov_909.284749	SRR7976310_NODE_964_length_3904_cov_686.200731_g681_i0	6991	0.999	0.000E+00	3903	0	3904	0	3903	3904	3903	0	0	1	3904M
SRR7976310_NODE_738_length_3904_cov_909.284749	SRR5467090_NODE_891_length_3776_cov_51.700783_g706_i0	6469	0.990	0.000E+00	177	3878	3904	75	3775	3776	0	3903	0	1	3322M1I379M
SRR6960799_NODE_416_length_4677_cov_370.680874	SRR7976326_NODE_121_length_4626_cov_137.360422_g82_i0	8258	0.998	0.000E+00	0	4625	4677	0	4625	4626	0	4676	0	2	4626M
SRR6960799_NODE_896_length_3625_cov_11.606162	SRR6960799_NODE_1464_length_3571_cov_5.351058_g968_i0	6252	0.990	0.000E+00	3624	54	3625	0	3570	3571	3624	0	0	1	3571M
SRR7976327_NODE_3607_length_3686_cov_24.101625	SRR7976327_NODE_6427_length_3680_cov_15.494594_g3554_i0	6533	0.996	0.000E+00	3681	0	3686	0	3679	3680	3685	0	0	1	71M2I3609M
SRR7976325_NODE_355_length_3662_cov_62.403105	SRR7976326_NODE_267_length_3648_cov_10.252867_g188_i0	6531	0.999	0.000E+00	3659	11	3662	0	3647	3648	3661	0	0	1	1266M1I2382M
SRR7976325_NODE_355_length_3662_cov_62.403105	SRR7976325_NODE_559_length_3627_cov_3191.310636_g193_i1	5750	0.999	0.000E+00	3210	0	3662	416	3626	3627	3661	0	0	1	3211M
SRR7976325_NODE_355_length_3662_cov_62.403105	SRR7976325_NODE_315_length_4370_cov_1596.736328_g193_i0	5750	0.999	0.000E+00	3210	0	3662	1159	4369	4370	3661	0	0	1	3211M
SRR6960799_NODE_650_length_4012_cov_7.899419	SRR6960799_NODE_1065_length_4012_cov_5.383854_g691_i0	7179	0.999	0.000E+00	4011	1	4012	0	4010	4012	4011	0	0	3	4011M
SRR6960799_NODE_1171_length_3294_cov_6.769682	SRR6960799_NODE_1816_length_3294_cov_5.136604_g1214_i0	5899	0.999	0.000E+00	0	3293	3294	0	3293	3294	0	3293	0	1	3294M
SRR7976326_NODE_177_length_3694_cov_11.154438	SRR7976326_NODE_254_length_3694_cov_8.250483_g180_i0	6620	1.00	0.000E+00	0	3693	3694	0	3693	3694	0	3693	0	1	3694M
SRR6050698_NODE_145_length_3891_cov_276.085506	SRR6050698_NODE_263_length_3906_cov_197.885729_g141_i0	6882	0.995	0.000E+00	3887	0	3891	0	3887	3906	3890	0	0	1	3888M
SRR6050698_NODE_145_length_3891_cov_276.085506	SRR7473382_NODE_287_length_4150_cov_434.008339_g165_i0	3855	0.995	0.000E+00	1715	3890	3891	1969	4144	4150	0	3890	0	1	2176M
SRR5466365_NODE_1353_length_3627_cov_11.802632	SRR5466365_NODE_2029_length_3627_cov_8.657569_g1305_i0	6500	1.00	0.000E+00	0	3626	3627	0	3626	3627	0	3626	0	2	3627M
SRR5466725_NODE_2232_length_3976_cov_60.414690	SRR5466725_NODE_2219_length_3976_cov_42.033564_g1691_i0	7116	0.999	0.000E+00	3975	0	3976	0	3975	3976	3975	0	0	1	3976M
SRR6255402_NODE_587_length_4347_cov_40.227866	SRR6255402_NODE_633_length_4509_cov_56434.147205_g497_i0	7790	1.00	0.000E+00	0	4346	4347	0	4346	4509	0	4346	0	1	4347M
SRR6255402_NODE_587_length_4347_cov_40.227866	SRR5466337_NODE_877_length_4774_cov_43.443735_g518_i0	7696	1.00	0.000E+00	0	4294	4347	3	4297	4774	0	4346	0	1	4295M
SRR6255402_NODE_587_length_4347_cov_40.227866	SRR5466338_NODE_2399_length_4402_cov_68.999769_g1546_i0	7676	0.999	0.000E+00	11	4296	4347	0	4285	4402	0	4346	0	1	4286M
SRR6255402_NODE_587_length_4347_cov_40.227866	SRR5466366_NODE_1605_length_4914_cov_33.818219_g1059_i0	7545	0.999	0.000E+00	84	4296	4347	701	4913	4914	0	4346	0	1	4213M
SRR6255402_NODE_587_length_4347_cov_40.227866	SRR6254353_NODE_1179_length_4289_cov_35.143501_g749_i0	7541	0.999	0.000E+00	81	4296	4347	69	4284	4289	0	4346	0	1	4216M
SRR7976356_NODE_2265_length_3437_cov_7.627735	SRR7976356_NODE_3479_length_3429_cov_5.150775_g2089_i0	6145	1.00	0.000E+00	8	3436	3437	0	3428	3429	0	3436	0	301	3429M
SRR6960507_NODE_1551_length_3806_cov_449.664623	SRR7976300_NODE_1776_length_3749_cov_30.760337_g1316_i0	6701	0.999	0.000E+00	53	3794	3806	7	3748	3749	0	3805	0	1	3742M
SRR6960507_NODE_1551_length_3806_cov_449.664623	SRR6960507_NODE_1791_length_3785_cov_384.543912_g1412_i0	6403	0.999	0.000E+00	228	3805	3806	207	3784	3785	0	3805	0	1	3578M
SRR5466337_NODE_743_length_4297_cov_5.347949	SRR5466337_NODE_1149_length_4297_cov_3.958807_g695_i0	7696	0.999	0.000E+00	0	4296	4297	0	4296	4297	0	4296	0	2	4297M
SRR5466337_NODE_743_length_4297_cov_5.347949	SRR5466364_NODE_1773_length_4351_cov_6.590463_g1158_i0	5005	0.998	0.000E+00	4284	1481	4297	0	2804	4351	4296	0	0	2	2776M1D28M
SRR5466725_NODE_2753_length_3569_cov_23.750711	SRR5466725_NODE_2763_length_3569_cov_16.596110_g2118_i0	6387	0.999	0.000E+00	0	3568	3569	0	3568	3569	0	3568	0	2	3569M
SRR5467091_NODE_1048_length_3846_cov_76.328673	SRR5466728_NODE_406_length_4555_cov_117.385542_g337_i0	6778	0.999	0.000E+00	53	3842	3846	761	4550	4555	0	3845	0	1	3790M
SRR6255733_NODE_720_length_4076_cov_493.013181	SRR5466729_NODE_1444_length_3717_cov_604.616630_g822_i1	6468	0.999	0.000E+00	3833	222	4076	90	3701	3717	4075	0	0	1	3612M
SRR6255733_NODE_720_length_4076_cov_493.013181	SRR5466729_NODE_1084_length_4162_cov_504.543898_g822_i0	5692	0.999	0.000E+00	652	3832	4076	890	4070	4162	0	4075	0	1	3181M
SRR6255733_NODE_720_length_4076_cov_493.013181	SRR5466729_NODE_1883_length_3310_cov_511.451344_g822_i2	4832	0.999	0.000E+00	1132	3832	4076	518	3218	3310	0	4075	0	1	2701M
SRR6960551_NODE_527_length_4040_cov_644.404768	SRR6960551_NODE_715_length_4040_cov_487.785984_g514_i0	7231	0.999	0.000E+00	0	4039	4040	0	4039	4040	0	4039	0	3	4040M
SRR7976299_NODE_78_length_4061_cov_51.700949	SRR7976299_NODE_102_length_4061_cov_38.198094_g83_i0	7277	1.00	0.000E+00	4060	0	4061	0	4060	4061	4060	0	0	1	4061M
SRR7976301_NODE_944_length_3660_cov_61.760055	SRR7976301_NODE_1069_length_3660_cov_45.180652_g850_i0	6559	1.00	0.000E+00	0	3659	3660	0	3659	3660	0	3659	0	1	3660M
SRR6960799_NODE_520_length_4334_cov_16.441225	SRR6960799_NODE_860_length_4323_cov_12.634118_g561_i0	7747	1.00	0.000E+00	11	4333	4334	0	4322	4323	0	4333	0	1	4323M
SRR6960799_NODE_901_length_3621_cov_11.812956	SRR6960799_NODE_1413_length_3621_cov_8.234498_g929_i0	6484	0.999	0.000E+00	3620	0	3621	0	3620	3621	3620	0	0	1	3621M
SRR7976323_NODE_1330_length_4508_cov_5.848192	SRR7976323_NODE_1670_length_4508_cov_3.975874_g1233_i0	8078	1.00	0.000E+00	4507	0	4508	0	4507	4508	4507	0	0	1	4508M
SRR5467139_NODE_128_length_3784_cov_22.861625	SRR5467139_NODE_204_length_3784_cov_14.983562_g109_i0	6781	1.00	0.000E+00	0	3783	3784	0	3783	3784	0	3783	0	1	3784M
SRR5466338_NODE_2155_length_3856_cov_379.217311	SRR5466338_NODE_3309_length_3654_cov_25.390114_g2192_i0	6517	0.998	0.000E+00	3855	202	3856	0	3653	3654	3855	0	0	1	3654M
SRR5466725_NODE_1810_length_4359_cov_75.370818	SRR5466725_NODE_1862_length_4359_cov_56.050630_g1409_i0	7811	1.00	0.000E+00	4358	0	4359	0	4358	4359	4358	0	0	1	4359M
SRR5466727_NODE_1469_length_3843_cov_15.877772	SRR5466727_NODE_1362_length_3843_cov_11.323342_g1173_i0	6887	1.00	0.000E+00	3842	0	3843	0	3842	3843	3842	0	0	1	3843M
SRR5467090_NODE_583_length_4171_cov_10.079932	SRR5467090_NODE_1538_length_3039_cov_3442.431895_g1249_i0	5319	0.999	0.000E+00	1202	4170	4171	70	3038	3039	0	4170	0	1	2969M
SRR5467090_NODE_583_length_4171_cov_10.079932	SRR5467091_NODE_758_length_4797_cov_10803.204488_g559_i0	5220	0.999	0.000E+00	4170	1256	4171	671	3585	4797	4170	0	0	1	2915M
SRR6253161_NODE_1220_length_3903_cov_11.055613	SRR6253161_NODE_1538_length_3903_cov_8.384595_g1086_i0	6994	1.00	0.000E+00	3902	0	3903	0	3902	3903	3902	0	0	2	3903M
SRR5467139_NODE_152_length_3558_cov_5.667999	SRR6050738_NODE_207_length_3545_cov_4.497408_g140_i0	6267	0.996	0.000E+00	26	3557	3558	4	3535	3545	0	3557	0	1	3532M
SRR5466725_NODE_1991_length_4188_cov_73.351077	SRR5466725_NODE_2010_length_4188_cov_52.172783_g1528_i0	7505	1.00	0.000E+00	0	4187	4188	0	4187	4188	0	4187	0	1	4188M
SRR5466727_NODE_1591_length_3697_cov_12.514827	SRR5466725_NODE_2584_length_3697_cov_10.032285_g1973_i0	6589	0.997	0.000E+00	0	3696	3697	0	3696	3697	0	3696	0	1	3697M
SRR5467090_NODE_709_length_3883_cov_370.305904	SRR5467090_NODE_830_length_3890_cov_275.384595_g653_i0	6954	0.999	0.000E+00	0	3882	3883	0	3882	3890	0	3882	0	1	3883M
SRR6254353_NODE_662_length_4609_cov_65.315766	SRR6253161_NODE_328_length_6744_cov_56.543697_g206_i0	7177	1.00	0.000E+00	0	4004	4609	13	4017	6744	0	4608	0	1	4005M
SRR6254353_NODE_662_length_4609_cov_65.315766	SRR6253161_NODE_466_length_6005_cov_61.818948_g206_i1	7174	0.999	0.000E+00	4005	0	4609	1986	5991	6005	4608	0	0	1	4006M
SRR6960509_NODE_2198_length_3655_cov_99.191944	SRR6960509_NODE_3116_length_3669_cov_70.959956_g2077_i0	6528	0.999	0.000E+00	3652	5	3655	21	3668	3669	3654	0	0	2	3648M
SRR6960551_NODE_731_length_3540_cov_25.043902	SRR6960551_NODE_1005_length_3540_cov_16.559562_g708_i0	6295	0.996	0.000E+00	0	3539	3540	0	3539	3540	0	3539	0	1	3540M
SRR7976300_NODE_1546_length_3579_cov_11.122304	SRR7976300_NODE_1985_length_3579_cov_7.797490_g1473_i0	6405	0.999	0.000E+00	3578	0	3579	0	3578	3579	3578	0	0	1	3579M
SRR7976310_NODE_871_length_3650_cov_20.980250	SRR7976310_NODE_1146_length_3650_cov_15.239307_g822_i0	6541	1.00	0.000E+00	3649	0	3650	0	3649	3650	3649	0	0	1	3650M
SRR5466729_NODE_1474_length_3663_cov_7.833980	SRR5466729_NODE_1499_length_3663_cov_5.452925_g1159_i0	6564	1.00	0.000E+00	3662	0	3663	0	3662	3663	3662	0	0	301	3663M
SRR5467091_NODE_1241_length_3586_cov_935.588502	SRR5467091_NODE_1547_length_3538_cov_709.092352_g1209_i0	6328	0.999	0.000E+00	0	3535	3586	0	3535	3538	0	3585	0	1	3536M
SRR6255746_NODE_481_length_4807_cov_190.359638	SRR6255733_NODE_502_length_4866_cov_141.684957_g392_i1	8593	0.999	0.000E+00	3	4800	4807	68	4865	4866	0	4806	0	1	4798M
SRR6255746_NODE_481_length_4807_cov_190.359638	SRR5466729_NODE_547_length_5328_cov_305.738915_g399_i0	7842	0.999	0.000E+00	1	4384	4807	0	4383	5328	0	4806	0	1	4384M
SRR6960551_NODE_587_length_3851_cov_15.132508	SRR6960551_NODE_805_length_3851_cov_9.898624_g571_i0	6888	0.999	0.000E+00	3850	0	3851	0	3850	3851	3850	0	0	2	3851M
SRR7976299_NODE_109_length_3774_cov_485.389352	SRR7976299_NODE_145_length_3757_cov_371.253257_g111_i0	6702	1.00	0.000E+00	0	3739	3774	0	3739	3757	0	3773	0	1	3740M
SRR7976310_NODE_503_length_4535_cov_18.128795	SRR7976310_NODE_664_length_4535_cov_13.759301_g453_i0	8126	1.00	0.000E+00	4534	0	4535	0	4534	4535	4534	0	0	1	4535M
SRR6960803_NODE_2908_length_3507_cov_11.463789	SRR6960803_NODE_4852_length_3507_cov_6.226558_g2743_i0	6240	0.997	0.000E+00	0	3506	3507	0	3506	3507	0	3506	0	1	3507M
SRR6960799_NODE_834_length_3716_cov_8.385141	SRR6960799_NODE_1313_length_3716_cov_6.175405_g861_i0	6646	0.999	0.000E+00	0	3715	3716	0	3715	3716	0	3715	0	1	3716M
SRR7976357_NODE_2332_length_3620_cov_137.458626	SRR7976356_NODE_3146_length_3607_cov_72.753820_g1860_i0	6379	0.994	0.000E+00	0	3606	3620	0	3606	3607	0	3619	0	1	3607M
SRR7976325_NODE_315_length_3764_cov_15.192774	SRR7976325_NODE_495_length_3764_cov_10.558385_g325_i0	6741	0.999	0.000E+00	0	3763	3764	0	3763	3764	0	3763	0	1	3764M
SRR6960803_NODE_3017_length_3441_cov_73.923509	SRR7976357_NODE_4041_length_3399_cov_111.751052_g2457_i0	6030	0.998	0.000E+00	53	3432	3441	2	3381	3399	0	3440	0	1	3380M
SRR6960799_NODE_837_length_3711_cov_36.710339	SRR6960799_NODE_1318_length_3711_cov_27.138538_g865_i0	6641	0.999	0.000E+00	3710	0	3711	0	3710	3711	3710	0	0	1	3711M
SRR7976357_NODE_2502_length_3499_cov_12.779617	SRR7976357_NODE_3836_length_3499_cov_8.502919_g2314_i0	6266	0.999	0.000E+00	0	3498	3499	0	3498	3499	0	3498	0	1	3499M
SRR5208575_NODE_37_length_4204_cov_21.640154	SRR5208570_NODE_171_length_4204_cov_5.975309_g92_i0	7511	0.999	0.000E+00	5	4203	4204	0	4198	4204	0	4203	0	1	4199M
SRR6960507_NODE_1856_length_3548_cov_28.738906	SRR6960507_NODE_2130_length_3547_cov_19.761658_g1685_i0	6323	0.998	0.000E+00	0	3547	3548	0	3546	3547	0	3547	0	1	2238M1I1309M
SRR5466723_NODE_507_length_4451_cov_392.136715	SRR5466723_NODE_548_length_4460_cov_288.780260_g431_i0	7927	0.997	0.000E+00	0	4450	4451	0	4450	4460	0	4450	0	1	4451M
SRR5466723_NODE_507_length_4451_cov_392.136715	SRR5466725_NODE_1797_length_4422_cov_865.404231_g1357_i0	7754	0.998	0.000E+00	55	4396	4451	79	4420	4422	0	4450	0	1	4342M
SRR5466727_NODE_1133_length_4335_cov_17.803972	SRR5466727_NODE_1030_length_4335_cov_11.703895_g881_i0	7768	1.00	0.000E+00	0	4334	4335	0	4334	4335	0	4334	0	2	4335M
SRR5466729_NODE_1754_length_3390_cov_16.312444	SRR5466725_NODE_3079_length_3364_cov_15.234579_g2369_i0	6015	0.999	0.000E+00	3365	2	3390	0	3363	3364	3389	0	0	1	3364M
SRR5467091_NODE_1516_length_3321_cov_10.295775	SRR5467091_NODE_1782_length_3313_cov_7.369753_g1393_i0	5937	1.00	0.000E+00	3312	0	3321	0	3312	3313	3320	0	0	1	3313M
SRR5467091_NODE_850_length_4194_cov_18.646291	SRR5467091_NODE_1043_length_4194_cov_12.843242_g797_i0	7511	0.999	0.000E+00	4193	0	4194	0	4193	4194	4193	0	0	1	4194M
SRR6255402_NODE_905_length_3366_cov_103.943522	SRR5466338_NODE_3677_length_3418_cov_108.391629_g2451_i1	5913	0.998	0.000E+00	3365	50	3366	74	3387	3418	3365	0	0	1	90M2I3224M
SRR6255402_NODE_905_length_3366_cov_103.943522	SRR5466337_NODE_2087_length_3409_cov_90.366906_g1338_i0	5904	0.997	0.000E+00	3365	50	3366	0	3313	3409	3365	0	0	1	90M2I3224M
SRR6255402_NODE_905_length_3366_cov_103.943522	SRR5466365_NODE_2397_length_3377_cov_93.147397_g1550_i1	5891	0.996	0.000E+00	3365	50	3366	5	3317	3377	3365	0	0	1	87M3I3226M
SRR6255402_NODE_905_length_3366_cov_103.943522	SRR6255521_NODE_648_length_3685_cov_39.119878_g483_i0	5866	0.995	0.000E+00	49	3365	3366	366	3678	3685	0	3365	0	1	3222M1D4M4I27M1I59M
SRR6255402_NODE_905_length_3366_cov_103.943522	SRR6255520_NODE_1157_length_3280_cov_44.615529_g953_i0	5735	0.998	0.000E+00	3259	50	3366	42	3251	3280	3365	0	0	1	3210M
SRR6960549_NODE_102_length_3872_cov_6.566675	SRR6960549_NODE_143_length_3872_cov_4.917873_g97_i0	6939	1.00	0.000E+00	0	3871	3872	0	3871	3872	0	3871	0	5	3872M
SRR6960797_NODE_443_length_4185_cov_97.620097	SRR6960797_NODE_467_length_4185_cov_73.812257_g362_i0	7499	1.00	0.000E+00	4184	0	4185	0	4184	4185	4184	0	0	1	4185M
SRR7976301_NODE_647_length_4228_cov_23.422717	SRR7976301_NODE_728_length_4228_cov_17.291937_g574_i0	7576	1.00	0.000E+00	0	4227	4228	0	4227	4228	0	4227	0	1	4228M
SRR6960799_NODE_696_length_3912_cov_461.038890	SRR6960799_NODE_1123_length_3908_cov_348.514472_g729_i0	6997	0.999	0.000E+00	3908	0	3912	0	3907	3908	3911	0	0	1	5M1I3903M
SRR6960799_NODE_696_length_3912_cov_461.038890	SRR6960799_NODE_1259_length_3756_cov_279.453435_g729_i1	5256	0.999	0.000E+00	969	3908	3912	817	3755	3756	0	3911	0	1	2933M1I6M
SRR7976324_NODE_494_length_3574_cov_39.096903	SRR7976323_NODE_2882_length_3553_cov_63.308908_g2103_i0	6305	0.999	0.000E+00	3520	0	3574	32	3552	3553	3573	0	0	2	3521M
SRR7976324_NODE_494_length_3574_cov_39.096903	SRR7976324_NODE_270_length_4758_cov_1151.593383_g193_i0	5486	0.998	0.000E+00	449	3519	3574	1661	4731	4758	0	3573	0	2	3071M
SRR6960802_NODE_1589_length_3509_cov_49.581065	SRR6960802_NODE_2308_length_3509_cov_36.163271_g1499_i0	6288	1.00	0.000E+00	3508	0	3509	0	3508	3509	3508	0	0	2	3509M
SRR6255521_NODE_724_length_3361_cov_16.529038	SRR5467090_NODE_891_length_3776_cov_51.700783_g706_i0	5886	0.996	0.000E+00	0	3311	3361	73	3384	3776	0	3360	0	301	3312M
SRR6255521_NODE_724_length_3361_cov_16.529038	SRR7976310_NODE_964_length_3904_cov_686.200731_g681_i0	5831	0.993	0.000E+00	3306	3	3361	422	3725	3904	3360	0	0	301	3304M
SRR6255521_NODE_724_length_3361_cov_16.529038	SRR6049586_NODE_2823_length_2796_cov_28.358428_g1041_i1	4007	0.996	0.000E+00	3	2260	3361	0	2257	2796	0	3360	0	301	2258M
SRR7976299_NODE_54_length_4426_cov_56.695264	SRR7976299_NODE_74_length_4380_cov_42.158579_g61_i0	7845	1.00	0.000E+00	0	4377	4426	0	4377	4380	0	4425	0	3	4378M
SRR7976301_NODE_751_length_4001_cov_168.218449	SRR7976301_NODE_827_length_4001_cov_128.769348_g660_i0	7170	1.00	0.000E+00	0	4000	4001	0	4000	4001	0	4000	0	1	4001M
SRR6960803_NODE_2030_length_4192_cov_6.387721	SRR6960803_NODE_3048_length_4547_cov_4.196021_g1614_i0	7445	0.996	0.000E+00	4191	0	4192	0	4191	4547	4191	0	0	1	4192M
SRR7976357_NODE_2029_length_3865_cov_26.842257	SRR7976356_NODE_3274_length_3533_cov_15.945954_g1946_i0	6237	0.999	0.000E+00	3864	382	3865	26	3508	3533	3864	0	0	1	3483M
SRR7976357_NODE_2029_length_3865_cov_26.842257	SRR6960803_NODE_4725_length_3556_cov_21.282802_g2655_i0	6199	0.999	0.000E+00	3845	382	3865	71	3534	3556	3864	0	0	1	3464M
SRR7976356_NODE_2050_length_3592_cov_56.719254	SRR7976357_NODE_3677_length_3577_cov_75.889555_g2212_i0	6406	1.00	0.000E+00	3574	0	3592	0	3574	3577	3591	0	0	2	3575M
SRR6960507_NODE_1336_length_4043_cov_8.170010	SRR6960507_NODE_1518_length_4043_cov_4.819899_g1189_i0	7209	0.998	0.000E+00	0	4042	4043	0	4042	4043	0	4042	0	1	4043M
SRR5467090_NODE_763_length_3758_cov_70.681069	SRR5467090_NODE_891_length_3776_cov_51.700783_g706_i0	6690	0.997	0.000E+00	3757	0	3758	18	3775	3776	3757	0	0	1	3758M
SRR5467090_NODE_763_length_3758_cov_70.681069	SRR7976310_NODE_964_length_3904_cov_686.200731_g681_i0	6503	0.992	0.000E+00	0	3699	3758	25	3725	3904	0	3757	0	1	377M1D3323M
SRR5467090_NODE_763_length_3758_cov_70.681069	SRR6049586_NODE_2823_length_2796_cov_28.358428_g1041_i1	4002	0.995	0.000E+00	3699	1442	3758	0	2257	2796	3757	0	0	1	2258M
SRR6960549_NODE_53_length_4420_cov_10.256357	SRR6960549_NODE_73_length_4420_cov_7.651714_g52_i0	7920	1.00	0.000E+00	4419	0	4420	0	4419	4420	4419	0	0	3	4420M
SRR6960551_NODE_764_length_3482_cov_29.062153	SRR6960551_NODE_1058_length_3474_cov_16.648045_g747_i0	6085	0.991	0.000E+00	0	3472	3482	1	3473	3474	0	3481	0	1	3473M
SRR7687334_NODE_1393_length_3660_cov_1010.758669	SRR7687334_NODE_2731_length_3524_cov_807.215879_g1223_i1	6234	0.999	0.000E+00	125	3605	3660	26	3506	3524	0	3659	0	1	3481M
SRR6960799_NODE_649_length_4013_cov_12.371652	SRR6960799_NODE_1063_length_4013_cov_8.797462_g689_i0	7191	1.00	0.000E+00	0	4012	4013	0	4012	4013	0	4012	0	1	4013M
SRR7976326_NODE_138_length_3923_cov_10.782316	SRR7976326_NODE_197_length_3923_cov_7.543896_g142_i0	7030	1.00	0.000E+00	0	3922	3923	0	3922	3923	0	3922	0	1	3923M
SRR6960802_NODE_1177_length_3981_cov_8.792155	SRR7976323_NODE_2359_length_3905_cov_7.466336_g1719_i0	6998	1.00	0.000E+00	75	3979	3981	0	3904	3905	0	3980	0	1	3905M
SRR7976301_NODE_639_length_4242_cov_23.901361	SRR7976310_NODE_788_length_4253_cov_111.767464_g541_i0	7601	1.00	0.000E+00	0	4241	4242	10	4251	4253	0	4241	0	1	4242M
SRR5995670_NODE_295_length_3676_cov_46.530516	SRR5995670_NODE_333_length_3651_cov_18.809240_g246_i0	6504	0.999	0.000E+00	0	3631	3676	0	3631	3651	0	3675	0	1	3632M
SRR6960799_NODE_689_length_3928_cov_52.021430	SRR7976325_NODE_440_length_3927_cov_32.243124_g284_i0	7028	0.999	0.000E+00	1	3927	3928	0	3926	3927	0	3927	0	1	3927M
SRR7976324_NODE_378_length_3893_cov_293.646430	SRR7976323_NODE_2435_length_3852_cov_550.841757_g1770_i0	6877	0.999	0.000E+00	0	3841	3893	0	3840	3852	0	3892	0	1	13M1I3828M
SRR6960802_NODE_1323_length_3799_cov_50.689370	SRR6960802_NODE_3441_length_2963_cov_28.189965_g2207_i0	5189	0.990	0.000E+00	832	3794	3799	0	2962	2963	0	3798	0	1	2963M
SRR6254352_NODE_1795_length_3432_cov_367.816405	SRR5466338_NODE_3677_length_3418_cov_108.391629_g2451_i1	5512	0.999	0.000E+00	351	3431	3432	337	3417	3418	0	3431	0	1	3081M
SRR6254352_NODE_1795_length_3432_cov_367.816405	SRR5466365_NODE_2397_length_3377_cov_93.147397_g1550_i1	5498	0.999	0.000E+00	351	3423	3432	267	3339	3377	0	3431	0	1	3073M
SRR6254352_NODE_1795_length_3432_cov_367.816405	SRR6255520_NODE_1157_length_3280_cov_44.615529_g953_i0	5494	0.999	0.000E+00	351	3423	3432	201	3273	3280	0	3431	0	1	3073M
SRR6254352_NODE_1795_length_3432_cov_367.816405	SRR5466337_NODE_2087_length_3409_cov_90.366906_g1338_i0	5494	0.999	0.000E+00	351	3423	3432	263	3335	3409	0	3431	0	1	3073M
SRR6254352_NODE_1795_length_3432_cov_367.816405	SRR6255521_NODE_648_length_3685_cov_39.119878_g483_i0	5494	0.999	0.000E+00	3424	352	3432	344	3416	3685	3431	0	0	1	3073M
SRR5466366_NODE_1722_length_4064_cov_71.503866	SRR6253161_NODE_328_length_6744_cov_56.543697_g206_i0	7184	1.00	0.000E+00	0	4008	4064	6	4014	6744	0	4063	0	5	4009M
SRR5466366_NODE_1722_length_4064_cov_71.503866	SRR6253161_NODE_466_length_6005_cov_61.818948_g206_i1	7181	0.999	0.000E+00	4009	0	4064	1989	5998	6005	4063	0	0	5	4010M
SRR5466725_NODE_2333_length_3892_cov_37.371384	SRR5466725_NODE_2322_length_3892_cov_27.326002_g1773_i0	6970	0.999	0.000E+00	0	3891	3892	0	3891	3892	0	3891	0	2	3892M
SRR5466728_NODE_674_length_3734_cov_34.555858	SRR5466728_NODE_688_length_3752_cov_24.997825_g579_i0	6691	1.00	0.000E+00	3733	0	3734	0	3733	3752	3733	0	0	1	3734M
SRR5466369_NODE_2264_length_3936_cov_51.981190	SRR5466369_NODE_3486_length_3955_cov_38.058990_g2111_i0	7026	0.998	0.000E+00	3935	0	3936	0	3935	3955	3935	0	0	301	3936M
SRR5466369_NODE_2264_length_3936_cov_51.981190	SRR6253256_NODE_738_length_4483_cov_1256.322449_g576_i0	6914	0.997	0.000E+00	3935	53	3936	3	3885	4483	3935	0	0	301	3883M
SRR5466369_NODE_2264_length_3936_cov_51.981190	SRR6254351_NODE_1065_length_4588_cov_22633.434109_g7_i28	6910	0.997	0.000E+00	3935	55	3936	2	3882	4588	3935	0	0	301	3881M
SRR5466725_NODE_2523_length_3747_cov_2120.718310	SRR6255733_NODE_154_length_7501_cov_720.100027_g119_i0	6269	0.990	0.000E+00	3582	0	3747	3919	7500	7501	3746	0	0	3	3564M1I18M
SRR5466729_NODE_944_length_4363_cov_61.919916	SRR5466725_NODE_1862_length_4359_cov_56.050630_g1409_i0	7720	1.00	0.000E+00	0	4307	4363	50	4357	4359	0	4362	0	1	4308M
SRR5467091_NODE_957_length_4002_cov_24.371928	SRR5467091_NODE_1170_length_4002_cov_18.212777_g901_i0	7172	1.00	0.000E+00	0	4001	4002	0	4001	4002	0	4001	0	1	4002M
SRR6960549_NODE_142_length_3493_cov_88.040430	SRR6960549_NODE_214_length_3493_cov_64.605556_g152_i0	6260	1.00	0.000E+00	3492	0	3493	0	3492	3493	3492	0	0	1	3493M
SRR7976299_NODE_63_length_4281_cov_310.900379	SRR6960549_NODE_87_length_4269_cov_207.989276_g59_i0	7610	0.999	0.000E+00	0	4248	4281	11	4259	4269	0	4280	0	1	4249M
SRR7976301_NODE_759_length_3982_cov_656.904507	SRR7976301_NODE_831_length_3981_cov_500.191914_g664_i0	7123	0.999	0.000E+00	3979	0	3982	1	3980	3981	3981	0	0	1	3980M
SRR6960803_NODE_2398_length_3846_cov_39.048536	SRR6960803_NODE_4123_length_3846_cov_26.151073_g2275_i0	6883	0.999	0.000E+00	0	3845	3846	0	3845	3846	0	3845	0	1	3846M
SRR6960799_NODE_751_length_3825_cov_23.071088	SRR6960799_NODE_1190_length_3825_cov_17.156983_g777_i0	6850	0.999	0.000E+00	0	3824	3825	0	3824	3825	0	3824	0	1	3825M
SRR5467090_NODE_701_length_3901_cov_12.065523	SRR5467090_NODE_821_length_3903_cov_8.405744_g646_i0	6978	0.999	0.000E+00	3900	0	3901	0	3902	3903	3900	0	0	1	158M2D3743M
SRR6254351_NODE_846_length_3937_cov_24.258114	SRR6254351_NODE_1065_length_4588_cov_22633.434109_g7_i28	7042	0.999	0.000E+00	3936	0	3937	0	3936	4588	3936	0	0	1	3937M
SRR6254351_NODE_846_length_3937_cov_24.258114	SRR5466369_NODE_3486_length_3955_cov_38.058990_g2111_i0	6914	0.997	0.000E+00	3934	54	3937	0	3880	3955	3936	0	0	1	3881M
SRR6254351_NODE_846_length_3937_cov_24.258114	SRR6253256_NODE_738_length_4483_cov_1256.322449_g576_i0	6912	0.997	0.000E+00	3935	54	3937	2	3883	4483	3936	0	0	1	3882M
SRR6960509_NODE_2092_length_3718_cov_337.178269	SRR6960797_NODE_682_length_3667_cov_126.231775_g531_i0	6545	0.999	0.000E+00	3717	63	3718	12	3666	3667	3717	0	0	3	3655M
SRR6960551_NODE_709_length_3589_cov_21.053763	SRR6960551_NODE_966_length_3589_cov_16.130546_g681_i0	6432	1.00	0.000E+00	0	3588	3589	0	3588	3589	0	3588	0	1	3589M
SRR7976300_NODE_1407_length_3717_cov_50.709175	SRR7976300_NODE_1830_length_3711_cov_36.486806_g1353_i0	6647	1.00	0.000E+00	3716	8	3717	0	3708	3711	3716	0	0	1	3709M
SRR6960799_NODE_952_length_3567_cov_25.525057	SRR6960799_NODE_1466_length_3567_cov_19.108758_g969_i0	6379	0.999	0.000E+00	3566	0	3567	0	3566	3567	3566	0	0	1	3567M
SRR7976323_NODE_2075_length_3718_cov_20.528256	SRR7976323_NODE_2632_length_3718_cov_13.627435_g1909_i0	6627	0.997	0.000E+00	3717	0	3718	0	3717	3718	3717	0	0	1	3718M
SRR7976325_NODE_422_length_3504_cov_14.104088	SRR7976325_NODE_603_length_3540_cov_8.134122_g400_i0	6153	0.998	0.000E+00	58	3503	3504	94	3539	3540	0	3503	0	1	3446M
SRR6960799_NODE_597_length_4118_cov_20.803101	SRR6960799_NODE_984_length_4118_cov_14.845983_g637_i0	7379	1.00	0.000E+00	4117	0	4118	0	4117	4118	4117	0	0	1	4118M
SRR6960799_NODE_963_length_3560_cov_76.364622	SRR7976325_NODE_593_length_3558_cov_52.923386_g394_i0	6322	0.996	0.000E+00	3559	2	3560	0	3557	3558	3559	0	0	1	3558M
SRR7976325_NODE_429_length_3486_cov_14.172544	SRR7976325_NODE_642_length_3486_cov_10.255787_g425_i0	6243	0.999	0.000E+00	3485	0	3486	0	3485	3486	3485	0	0	1	3486M
SRR6050482_NODE_11_length_4315_cov_11.943192	SRR6050482_NODE_27_length_4315_cov_8.529231_g12_i0	7732	1.00	0.000E+00	0	4314	4315	0	4314	4315	0	4314	0	1	4315M
SRR5466364_NODE_1922_length_3650_cov_36.257858	SRR5466364_NODE_2724_length_3650_cov_23.304725_g1821_i0	6527	0.999	0.000E+00	0	3649	3650	0	3649	3650	0	3649	0	1	3650M
SRR5466364_NODE_1922_length_3650_cov_36.257858	SRR5467091_NODE_2673_length_2745_cov_28.108159_g1243_i1	4538	0.996	0.000E+00	2551	0	3650	193	2744	2745	3649	0	0	1	2552M
SRR5466725_NODE_2013_length_4166_cov_22.084651	SRR5466727_NODE_1126_length_4166_cov_10.953335_g962_i0	7403	0.996	0.000E+00	4165	0	4166	0	4165	4166	4165	0	0	2	4166M
SRR5466727_NODE_1812_length_3445_cov_71.952212	SRR5466727_NODE_1736_length_3445_cov_47.198102_g1491_i0	6129	0.997	0.000E+00	3444	0	3445	0	3444	3445	3444	0	0	1	3445M
SRR5466727_NODE_1812_length_3445_cov_71.952212	SRR5466727_NODE_1737_length_3445_cov_40.514828_g1491_i1	6044	0.991	0.000E+00	0	3444	3445	0	3444	3445	0	3444	0	1	3445M
SRR6254353_NODE_845_length_4179_cov_7.931135	SRR6255520_NODE_661_length_4110_cov_7.606143_g554_i0	7284	0.999	0.000E+00	4069	0	4179	0	4069	4110	4178	0	0	2	4070M
SRR6254353_NODE_845_length_4179_cov_7.931135	SRR6253161_NODE_1290_length_4139_cov_11.646581_g904_i0	7275	0.999	0.000E+00	4076	10	4179	72	4138	4139	4178	0	0	2	4067M
SRR5466725_NODE_2242_length_3970_cov_14.677905	SRR5466725_NODE_2228_length_3970_cov_10.853734_g1697_i0	7114	1.00	0.000E+00	0	3969	3970	0	3969	3970	0	3969	0	2	3970M
SRR5467091_NODE_660_length_4661_cov_13.378202	SRR5466728_NODE_367_length_4789_cov_22.142070_g299_i0	8218	0.993	0.000E+00	0	4660	4661	128	4788	4789	0	4660	0	1	4661M
SRR6255402_NODE_651_length_4076_cov_54.120865	SRR6253161_NODE_328_length_6744_cov_56.543697_g206_i0	7175	1.00	0.000E+00	0	4003	4076	14	4017	6744	0	4075	0	1	4004M
SRR6255402_NODE_651_length_4076_cov_54.120865	SRR6253161_NODE_466_length_6005_cov_61.818948_g206_i1	7172	0.999	0.000E+00	4004	0	4076	1986	5990	6005	4075	0	0	1	4005M
SRR6960549_NODE_95_length_3930_cov_151.721032	SRR6960549_NODE_135_length_3930_cov_110.542909_g91_i0	7032	0.999	0.000E+00	3928	0	3930	1	3929	3930	3929	0	0	2	3929M
SRR6960797_NODE_409_length_4298_cov_7.001650	SRR6960797_NODE_427_length_4298_cov_5.104379_g334_i0	7702	1.00	0.000E+00	0	4297	4298	0	4297	4298	0	4297	0	1	4298M
SRR6960797_NODE_409_length_4298_cov_7.001650	SRR6960551_NODE_688_length_4082_cov_11.124969_g446_i1	6600	0.999	0.000E+00	6	3693	4298	0	3687	4082	0	4297	0	1	3688M
SRR5995670_NODE_206_length_4359_cov_29.900790	SRR5995670_NODE_395_length_3326_cov_15.118014_g298_i0	5896	0.999	0.000E+00	0	3296	4359	0	3295	3326	0	4358	0	2	17M1I3279M
SRR6960799_NODE_665_length_3983_cov_86.079939	SRR7976326_NODE_190_length_3973_cov_15.653846_g137_i0	7120	1.00	0.000E+00	5	3977	3983	0	3972	3973	0	3982	0	1	3973M
SRR6960803_NODE_1807_length_4423_cov_17.782280	SRR6960803_NODE_3221_length_4423_cov_13.007586_g1715_i0	7926	1.00	0.000E+00	0	4422	4423	0	4422	4423	0	4422	0	301	4423M
SRR7976325_NODE_236_length_4032_cov_132.879809	SRR7976325_NODE_402_length_4026_cov_86.692386_g256_i0	7172	0.997	0.000E+00	4031	5	4032	0	4025	4026	4031	0	0	1	1590M1I2436M
SRR7976356_NODE_1705_length_3919_cov_50.756988	SRR7976356_NODE_2682_length_3919_cov_34.766511_g1559_i0	7023	1.00	0.000E+00	0	3918	3919	0	3918	3919	0	3918	0	1	3919M
SRR6960507_NODE_1112_length_4350_cov_11.605821	SRR6960507_NODE_1261_length_4350_cov_8.692775_g975_i0	7791	0.999	0.000E+00	0	4349	4350	0	4349	4350	0	4349	0	1	4350M
SRR5466366_NODE_2226_length_3590_cov_6.022914	SRR5466365_NODE_2141_length_3549_cov_7.415420_g1382_i0	6330	0.998	0.000E+00	0	3544	3590	4	3548	3549	0	3589	0	1	3545M
SRR5466725_NODE_2456_length_3804_cov_165.829821	SRR6255733_NODE_842_length_3856_cov_12953.289717_g681_i0	6718	1.00	0.000E+00	2	3750	3804	0	3748	3856	0	3803	0	1	3749M
SRR5466728_NODE_798_length_3491_cov_13.597497	SRR5467091_NODE_1655_length_3439_cov_12.256684_g1297_i0	6107	0.997	0.000E+00	3490	56	3491	4	3437	3439	3490	0	0	1	3400M1I34M
SRR5467091_NODE_881_length_4144_cov_109.157007	SRR5467091_NODE_1073_length_4144_cov_78.790224_g821_i0	7412	0.999	0.000E+00	4143	0	4144	0	4143	4144	4143	0	0	1	4144M
SRR6255513_NODE_720_length_3926_cov_91.378455	SRR6254984_NODE_952_length_3969_cov_98.579312_g745_i0	6936	0.999	0.000E+00	3872	0	3926	24	3896	3969	3925	0	0	301	3873M
SRR6255513_NODE_720_length_3926_cov_91.378455	SRR6253579_NODE_578_length_6307_cov_62.539942_g371_i0	6441	0.999	0.000E+00	3872	271	3926	24	3625	6307	3925	0	0	301	3602M
SRR6960549_NODE_117_length_3709_cov_11.192392	SRR6960549_NODE_167_length_3709_cov_8.053905_g119_i0	6638	0.999	0.000E+00	3708	0	3709	0	3708	3709	3708	0	0	2	3709M
SRR6960797_NODE_647_length_3579_cov_331.749149	SRR6960551_NODE_967_length_3587_cov_178.253273_g682_i0	6303	0.993	0.000E+00	0	3576	3579	10	3586	3587	0	3578	0	1	3577M
SRR6960797_NODE_647_length_3579_cov_331.749149	SRR6960797_NODE_744_length_3575_cov_215.795545_g577_i1	6272	0.991	0.000E+00	3578	4	3579	0	3574	3575	3578	0	0	1	3575M
SRR7976301_NODE_657_length_4201_cov_1217.076942	SRR7976301_NODE_740_length_4201_cov_921.132025_g584_i0	7488	0.997	0.000E+00	4200	0	4201	0	4200	4201	4200	0	0	2	4201M
SRR6960803_NODE_1952_length_4276_cov_55.650557	SRR7976357_NODE_2605_length_4259_cov_23.213569_g1531_i0	7610	0.998	0.000E+00	4258	0	4276	0	4258	4259	4275	0	0	1	4259M
SRR6960799_NODE_720_length_3876_cov_8.574719	SRR6960799_NODE_1158_length_3876_cov_5.912175_g753_i0	6896	0.997	0.000E+00	3875	0	3876	0	3875	3876	3875	0	0	1	3876M
SRR7976357_NODE_1844_length_4061_cov_13.926860	SRR7976357_NODE_2878_length_4061_cov_9.719910_g1690_i0	7273	0.999	0.000E+00	0	4060	4061	0	4060	4061	0	4060	0	1	4061M
SRR7976325_NODE_238_length_4025_cov_32.569018	SRR7976325_NODE_405_length_4025_cov_22.995951_g258_i0	7204	0.999	0.000E+00	0	4024	4025	0	4024	4025	0	4024	0	1	4025M
SRR7976356_NODE_1821_length_3798_cov_137.622495	SRR7976357_NODE_3356_length_3753_cov_180.988043_g2006_i0	6702	0.999	0.000E+00	3744	0	3798	5	3749	3753	3797	0	0	1	3745M
SRR5466723_NODE_778_length_3710_cov_12.976744	SRR5466723_NODE_845_length_3710_cov_9.436624_g670_i0	6648	1.00	0.000E+00	3709	0	3710	0	3709	3710	3709	0	0	1	3710M
SRR5466727_NODE_1168_length_4281_cov_67.608850	SRR5466727_NODE_1092_length_4229_cov_49.944658_g933_i0	7570	0.999	0.000E+00	54	4280	4281	2	4228	4229	0	4280	0	1	4227M
SRR5466729_NODE_2280_length_3015_cov_14.861486	SRR5466729_NODE_2350_length_2998_cov_10.704274_g1856_i0	5364	0.999	0.000E+00	3014	17	3015	0	2997	2998	3014	0	0	1	2998M
SRR5466729_NODE_2280_length_3015_cov_14.861486	SRR5466727_NODE_1056_length_4303_cov_11.469504_g903_i0	5291	0.998	0.000E+00	53	3014	3015	1342	4302	4303	0	3014	0	1	454M1I2507M
SRR6255746_NODE_845_length_3701_cov_12.812123	SRR6255733_NODE_913_length_3698_cov_11.010483_g740_i0	6618	0.999	0.000E+00	3	3700	3701	0	3697	3698	0	3700	0	2	3698M
SRR6960551_NODE_606_length_3792_cov_16.395504	SRR6960551_NODE_839_length_3791_cov_11.526358_g592_i0	6713	0.995	0.000E+00	1	3791	3792	0	3790	3791	0	3791	0	1	3791M
SRR7976299_NODE_128_length_3684_cov_364.300634	SRR7976299_NODE_156_length_3683_cov_262.316066_g121_i0	6553	0.997	0.000E+00	3683	0	3684	0	3682	3683	3683	0	0	1	2267M1I1416M
SRR7976310_NODE_700_length_4008_cov_9.127245	SRR7976301_NODE_826_length_4002_cov_9.076864_g659_i0	7168	1.00	0.000E+00	8	4007	4008	0	3999	4002	0	4007	0	1	4000M
SRR6960801_NODE_3500_length_3731_cov_33.138194	SRR6960801_NODE_6389_length_3730_cov_24.380913_g3349_i0	6684	1.00	0.000E+00	0	3729	3731	0	3729	3730	0	3730	0	1	3730M
SRR6960799_NODE_848_length_3698_cov_9.669503	SRR6960799_NODE_1333_length_3698_cov_6.720828_g872_i0	6622	0.999	0.000E+00	3697	0	3698	0	3697	3698	3697	0	0	-737040512	3698M
SRR5466337_NODE_889_length_4031_cov_58.470322	SRR5466337_NODE_1127_length_4329_cov_24180.961936_g682_i0	7223	1.00	0.000E+00	4030	0	4031	298	4328	4329	4030	0	0	301	4031M
SRR5466337_NODE_889_length_4031_cov_58.470322	SRR5466369_NODE_2861_length_4446_cov_1470.139035_g1702_i0	7124	0.999	0.000E+00	3977	0	4031	462	4439	4446	4030	0	0	301	3978M
SRR5466725_NODE_2829_length_3509_cov_14.720903	SRR5466725_NODE_2845_length_3510_cov_10.799244_g2175_i0	6277	0.999	0.000E+00	0	3508	3509	0	3509	3510	0	3508	0	2	67M1D3442M
SRR5466729_NODE_1383_length_3737_cov_798.956274	SRR5466729_NODE_1444_length_3717_cov_604.616630_g822_i1	6501	0.999	0.000E+00	52	3681	3737	74	3703	3717	0	3736	0	1	3630M
SRR5466729_NODE_1383_length_3737_cov_798.956274	SRR5466729_NODE_1084_length_4162_cov_504.543898_g822_i0	5720	0.999	0.000E+00	3249	53	3737	890	4086	4162	3736	0	0	1	3197M
SRR5466729_NODE_1383_length_3737_cov_798.956274	SRR5466729_NODE_1883_length_3310_cov_511.451344_g822_i2	4860	0.999	0.000E+00	2769	53	3737	518	3234	3310	3736	0	0	1	2717M
SRR5467091_NODE_1053_length_3843_cov_9.017687	SRR5467091_NODE_1275_length_3847_cov_6.453895_g983_i0	6880	0.999	0.000E+00	0	3841	3843	0	3841	3847	0	3842	0	3	3842M
SRR6255733_NODE_894_length_3700_cov_12.964883	SRR5466723_NODE_845_length_3710_cov_9.436624_g670_i0	6529	0.999	0.000E+00	54	3699	3700	0	3645	3710	0	3699	0	1	3646M
SRR6960551_NODE_571_length_3910_cov_23.421530	SRR6960551_NODE_774_length_3910_cov_16.076883_g552_i0	7007	1.00	0.000E+00	0	3909	3910	0	3909	3910	0	3909	0	1	3910M
SRR7976299_NODE_85_length_3991_cov_7.536077	SRR7976299_NODE_106_length_3991_cov_5.451506_g85_i0	7143	0.999	0.000E+00	3990	0	3991	0	3990	3991	3990	0	0	1	3991M
SRR6960803_NODE_2671_length_3660_cov_32.069903	SRR7976356_NODE_3066_length_3659_cov_20.447295_g1800_i0	6544	0.999	0.000E+00	3659	1	3660	0	3658	3659	3659	0	0	1	3659M
SRR7976299_NODE_130_length_3680_cov_10.107586	SRR7976299_NODE_167_length_3628_cov_7.473699_g130_i0	6501	1.00	0.000E+00	0	3627	3680	0	3627	3628	0	3679	0	1	3628M
SRR7976310_NODE_735_length_3913_cov_105.007517	SRR7976310_NODE_961_length_3913_cov_79.273177_g679_i0	7012	1.00	0.000E+00	0	3912	3913	0	3912	3913	0	3912	0	1	3913M
SRR6960799_NODE_849_length_3698_cov_7.531705	SRR6960799_NODE_1347_length_3688_cov_5.159059_g882_i0	6529	0.997	0.000E+00	3665	0	3698	22	3687	3688	3697	0	0	1	3666M
SRR7976357_NODE_2620_length_3424_cov_27.344613	SRR7976356_NODE_3509_length_3417_cov_18.290969_g2108_i0	6086	0.997	0.000E+00	3423	6	3424	0	3416	3417	3423	0	0	1	33M1I3384M
SRR7976325_NODE_334_length_3724_cov_28.040338	SRR7976325_NODE_516_length_3724_cov_18.876746_g337_i0	6669	0.999	0.000E+00	0	3723	3724	0	3723	3724	0	3723	0	1	3724M
SRR5467139_NODE_124_length_3819_cov_12.196334	SRR5467139_NODE_200_length_3819_cov_8.258409_g106_i0	6844	1.00	0.000E+00	3818	0	3819	0	3818	3819	3818	0	0	1	3819M
SRR5466338_NODE_1929_length_4087_cov_14.863343	SRR5466337_NODE_1291_length_4089_cov_7.729582_g797_i0	7277	0.999	0.000E+00	4070	0	4087	15	4085	4089	4086	0	0	1	4071M
SRR5466723_NODE_783_length_3701_cov_516.176358	SRR5466729_NODE_1444_length_3717_cov_604.616630_g822_i1	6535	0.999	0.000E+00	3648	0	3701	68	3716	3717	3700	0	0	1	3649M
SRR5466723_NODE_783_length_3701_cov_516.176358	SRR5466729_NODE_1084_length_4162_cov_504.543898_g822_i0	5731	0.999	0.000E+00	445	3647	3701	890	4092	4162	0	3700	0	1	3203M
SRR5466723_NODE_783_length_3701_cov_516.176358	SRR5466729_NODE_1883_length_3310_cov_511.451344_g822_i2	4871	0.999	0.000E+00	925	3647	3701	518	3240	3310	0	3700	0	1	2723M
SRR5466727_NODE_1417_length_3904_cov_14.665368	SRR5466725_NODE_2385_length_3845_cov_13.143160_g1825_i0	6859	0.998	0.000E+00	3902	58	3904	0	3844	3845	3903	0	0	3	3845M
SRR6960549_NODE_93_length_3950_cov_13.887805	SRR7976299_NODE_110_length_3960_cov_99.669925_g87_i0	7016	0.996	0.000E+00	3949	0	3950	1	3950	3960	3949	0	0	1	3950M
SRR6960551_NODE_896_length_3231_cov_12.414987	SRR6960551_NODE_1253_length_3231_cov_8.869538_g873_i0	5781	0.999	0.000E+00	3230	0	3231	0	3230	3231	3230	0	0	1	3231M
SRR7976300_NODE_1828_length_3326_cov_7.463161	SRR7976300_NODE_2418_length_3271_cov_5.336148_g1793_i0	5849	0.999	0.000E+00	0	3269	3326	0	3270	3271	0	3325	0	1	2109M1D1161M
SRR7963800_NODE_1691_length_3522_cov_45.282954	SRR7687334_NODE_2731_length_3524_cov_807.215879_g1223_i1	6271	0.997	0.000E+00	3521	0	3522	2	3523	3524	3521	0	0	1	3522M
SRR6960799_NODE_663_length_3990_cov_5.744346	SRR6960799_NODE_1085_length_3990_cov_4.000511_g703_i0	7146	0.999	0.000E+00	3989	0	3990	0	3989	3990	3989	0	0	1	3990M
SRR7976326_NODE_197_length_3559_cov_6.197203	SRR7976326_NODE_292_length_3559_cov_4.505450_g208_i0	6378	1.00	0.000E+00	0	3558	3559	0	3558	3559	0	3558	0	1	3559M
SRR6960802_NODE_1292_length_3832_cov_49.448239	SRR7976323_NODE_2467_length_3828_cov_35.215180_g1794_i0	6819	0.997	0.000E+00	2	3829	3832	0	3827	3828	0	3831	0	1	3828M
SRR6050698_NODE_178_length_3567_cov_105.955866	SRR5208572_NODE_161_length_3569_cov_144.711957_g61_i0	6386	0.999	0.000E+00	0	3565	3567	3	3568	3569	0	3566	0	1	3566M
SRR5466365_NODE_1611_length_3385_cov_160.479880	SRR5466365_NODE_2397_length_3377_cov_93.147397_g1550_i1	6015	0.997	0.000E+00	0	3379	3385	0	3376	3377	0	3384	0	1	92M3I3285M
SRR5466365_NODE_1611_length_3385_cov_160.479880	SRR5466338_NODE_3677_length_3418_cov_108.391629_g2451_i1	5942	0.997	0.000E+00	3	3342	3385	72	3409	3418	0	3384	0	1	92M2I3246M
SRR5466365_NODE_1611_length_3385_cov_160.479880	SRR5466337_NODE_2087_length_3409_cov_90.366906_g1338_i0	5936	0.997	0.000E+00	5	3343	3385	0	3336	3409	0	3384	0	1	90M2I3247M
SRR5466365_NODE_1611_length_3385_cov_160.479880	SRR6255521_NODE_648_length_3685_cov_39.119878_g483_i0	5906	0.994	0.000E+00	3343	0	3385	344	3683	3685	3384	0	0	1	3244M1D4M4I27M1I64M
SRR5466365_NODE_1611_length_3385_cov_160.479880	SRR6255520_NODE_1157_length_3280_cov_44.615529_g953_i0	5765	0.998	0.000E+00	111	3342	3385	42	3273	3280	0	3384	0	1	3232M
SRR5466729_NODE_1100_length_4085_cov_180.582630	SRR5466727_NODE_1185_length_4082_cov_157.078324_g1012_i0	7315	1.00	0.000E+00	1	4082	4085	0	4081	4082	0	4084	0	301	4082M
SRR5467091_NODE_1037_length_3870_cov_11.642202	SRR5467091_NODE_1260_length_3870_cov_7.944693_g969_i0	6931	0.999	0.000E+00	3869	0	3870	0	3869	3870	3869	0	0	1	3870M
SRR6255733_NODE_702_length_4128_cov_9.645470	SRR6255733_NODE_737_length_4128_cov_6.733662_g588_i0	7388	0.999	0.000E+00	4127	0	4128	0	4127	4128	4127	0	0	1	4128M
SRR6960551_NODE_502_length_4120_cov_625.932595	SRR6960509_NODE_2497_length_4064_cov_302.062892_g1663_i0	7191	0.996	0.000E+00	4107	54	4120	5	4059	4064	4119	0	0	1	3763M1D291M
SRR6960551_NODE_502_length_4120_cov_625.932595	SRR6960797_NODE_569_length_3896_cov_304.172116_g396_i1	6673	0.997	0.000E+00	363	4106	4120	146	3889	3896	0	4119	0	1	3744M
SRR7976299_NODE_76_length_4073_cov_11.004978	SRR7976299_NODE_100_length_4073_cov_7.638750_g81_i0	7294	0.999	0.000E+00	4072	0	4073	0	4072	4073	4072	0	0	2	4073M
SRR7976301_NODE_851_length_3831_cov_12.051642	SRR7976310_NODE_1029_length_3822_cov_17.284342_g732_i0	6816	0.998	0.000E+00	10	3830	3831	0	3820	3822	0	3830	0	1	3821M
SRR6960803_NODE_2517_length_3763_cov_11.456850	SRR7976356_NODE_2927_length_3765_cov_6.407638_g1713_i0	6681	0.997	0.000E+00	3762	10	3763	12	3764	3765	3762	0	0	1	3753M
SRR7976357_NODE_2157_length_3762_cov_7.384947	SRR7976357_NODE_3338_length_3762_cov_5.206289_g1997_i0	6742	1.00	0.000E+00	0	3761	3762	0	3761	3762	0	3761	0	1	3762M
SRR7976325_NODE_283_length_3859_cov_11.004206	SRR7976325_NODE_463_length_3859_cov_7.722134_g302_i0	6915	1.00	0.000E+00	0	3858	3859	0	3858	3859	0	3858	0	1	3859M
SRR7976300_NODE_1365_length_3777_cov_66.226491	SRR6960507_NODE_1860_length_3730_cov_5.320208_g1468_i0	6648	0.997	0.000E+00	3735	6	3777	0	3729	3730	3776	0	0	1	3730M
SRR7976300_NODE_1365_length_3777_cov_66.226491	SRR7976300_NODE_1775_length_3749_cov_43.196681_g1315_i0	6557	0.998	0.000E+00	63	3736	3777	72	3745	3749	0	3776	0	1	3674M
SRR7976310_NODE_795_length_3796_cov_78.740978	SRR7976310_NODE_1046_length_3796_cov_60.238786_g747_i0	6802	1.00	0.000E+00	0	3795	3796	0	3795	3796	0	3795	0	2	3796M
SRR6960799_NODE_579_length_4159_cov_22.335039	SRR6960799_NODE_1002_length_4096_cov_16.569724_g646_i0	7340	1.00	0.000E+00	0	4095	4159	0	4095	4096	0	4158	0	1	4096M
SRR7976323_NODE_2000_length_3790_cov_1061.116734	SRR7976323_NODE_2551_length_3779_cov_808.846735_g1854_i0	6772	1.00	0.000E+00	3789	11	3790	0	3778	3779	3789	0	0	1	3779M
SRR7976325_NODE_395_length_3570_cov_8.675107	SRR7976325_NODE_622_length_3512_cov_6.355336_g412_i0	6289	0.999	0.000E+00	0	3511	3570	0	3511	3512	0	3569	0	1	3512M
SRR5467139_NODE_147_length_3607_cov_10.762669	SRR5208575_NODE_156_length_3605_cov_8.187712_g84_i0	6432	0.998	0.000E+00	8	3606	3607	0	3598	3605	0	3606	0	1	3599M
SRR5466364_NODE_1169_length_4377_cov_13.318602	SRR5466364_NODE_1753_length_4377_cov_9.851998_g1142_i0	7839	0.999	0.000E+00	0	4376	4377	0	4376	4377	0	4376	0	1	4377M
SRR5466727_NODE_1569_length_3729_cov_21.340773	SRR5466727_NODE_1508_length_3678_cov_15.869348_g1304_i0	6565	0.998	0.000E+00	53	3728	3729	2	3677	3678	0	3728	0	1	3676M
SRR7976325_NODE_202_length_4216_cov_5.557558	SRR7976325_NODE_351_length_4216_cov_4.072170_g217_i0	7550	0.999	0.000E+00	0	4215	4216	0	4215	4216	0	4215	0	1	4216M
SRR6960802_NODE_1320_length_3800_cov_22.550067	SRR6960802_NODE_1936_length_3800_cov_16.524282_g1246_i0	6810	1.00	0.000E+00	3799	0	3800	0	3799	3800	3799	0	0	1	3800M
SRR6050716_NODE_28_length_3506_cov_152.378441	SRR6050716_NODE_110_length_3506_cov_100.739004_g28_i0	6278	0.999	0.000E+00	3505	0	3506	0	3505	3506	3505	0	0	1	3506M
SRR5466366_NODE_1455_length_4383_cov_58.046673	SRR5466366_NODE_1605_length_4914_cov_33.818219_g1059_i0	7696	0.999	0.000E+00	4296	0	4383	617	4913	4914	4382	0	0	1	4297M
SRR5466366_NODE_1455_length_4383_cov_58.046673	SRR5466338_NODE_2399_length_4402_cov_68.999769_g1546_i0	7545	0.999	0.000E+00	4212	0	4383	73	4285	4402	4382	0	0	1	4213M
SRR5466366_NODE_1455_length_4383_cov_58.046673	SRR6255402_NODE_633_length_4509_cov_56434.147205_g497_i0	7545	0.999	0.000E+00	4212	0	4383	84	4296	4509	4382	0	0	1	4213M
SRR5466366_NODE_1455_length_4383_cov_58.046673	SRR6254353_NODE_1179_length_4289_cov_35.143501_g749_i0	7542	0.999	0.000E+00	4213	0	4383	71	4284	4289	4382	0	0	1	4214M
SRR5466366_NODE_1455_length_4383_cov_58.046673	SRR5466337_NODE_877_length_4774_cov_43.443735_g518_i0	7541	0.999	0.000E+00	4212	2	4383	87	4297	4774	4382	0	0	1	4211M
SRR5466725_NODE_2332_length_3892_cov_45.417253	SRR5466729_NODE_1290_length_3885_cov_23.866474_g988_i0	6953	0.999	0.000E+00	3886	2	3892	0	3884	3885	3891	0	0	5	3885M
SRR5466728_NODE_670_length_3741_cov_102.818231	SRR5467091_NODE_1258_length_3873_cov_1062.532105_g968_i0	6664	0.997	0.000E+00	0	3740	3741	1	3741	3873	0	3740	0	1	3741M
SRR5466728_NODE_670_length_3741_cov_102.818231	SRR5467091_NODE_1495_length_3594_cov_894.657484_g968_i2	4669	0.996	0.000E+00	1116	3740	3741	838	3462	3594	0	3740	0	1	2625M
SRR5467091_NODE_757_length_4407_cov_15.696002	SRR5467091_NODE_1007_length_4256_cov_11.297394_g767_i0	7622	0.999	0.000E+00	4406	151	4407	0	4255	4256	4406	0	0	2	4256M
SRR6255402_NODE_694_length_3928_cov_22.376452	SRR5466369_NODE_3486_length_3955_cov_38.058990_g2111_i0	6916	0.997	0.000E+00	3	3884	3928	0	3881	3955	0	3927	0	1	3882M
SRR6255402_NODE_694_length_3928_cov_22.376452	SRR6253256_NODE_738_length_4483_cov_1256.322449_g576_i0	6913	0.997	0.000E+00	0	3884	3928	0	3884	4483	0	3927	0	1	3885M
SRR6255402_NODE_694_length_3928_cov_22.376452	SRR6254351_NODE_1065_length_4588_cov_22633.434109_g7_i28	6903	0.996	0.000E+00	2	3883	3928	1	3882	4588	0	3927	0	1	3882M
SRR6960549_NODE_101_length_3873_cov_65.058408	SRR6960549_NODE_165_length_3724_cov_49.790742_g118_i0	6636	1.00	0.000E+00	0	3702	3873	0	3702	3724	0	3872	0	3	3703M
SRR6960797_NODE_432_length_4214_cov_368.836740	SRR6960797_NODE_456_length_4216_cov_274.845040_g353_i0	7539	0.999	0.000E+00	4213	0	4214	0	4215	4216	4213	0	0	1	1603M2D2611M
SRR7976357_NODE_2295_length_3653_cov_278.172318	SRR7976356_NODE_4439_length_3034_cov_11301.835191_g1811_i1	4966	0.999	0.000E+00	2779	4	3653	258	3033	3034	3652	0	0	301	2776M
SRR6050738_NODE_88_length_4015_cov_9.190152	SRR5208570_NODE_195_length_4004_cov_12.207835_g105_i0	7098	0.996	0.000E+00	4014	14	4015	0	4000	4004	4014	0	0	1	4001M
SRR6960507_NODE_1710_length_3663_cov_34.662694	SRR6960507_NODE_1981_length_3642_cov_24.923228_g1564_i0	6504	0.998	0.000E+00	21	3662	3663	0	3641	3642	0	3662	0	1	3642M
SRR5466337_NODE_957_length_3941_cov_9.274833	SRR5466365_NODE_1070_length_4712_cov_16786.365812_g653_i0	7003	0.997	0.000E+00	0	3927	3941	784	4711	4712	0	3940	0	1	3928M
SRR5466729_NODE_1392_length_3730_cov_106.350748	SRR7976310_NODE_964_length_3904_cov_686.200731_g681_i0	6500	0.994	0.000E+00	3729	48	3730	2	3683	3904	3729	0	0	1	3682M
SRR5466729_NODE_1392_length_3730_cov_106.350748	SRR5467090_NODE_891_length_3776_cov_51.700783_g706_i0	6457	0.993	0.000E+00	47	3706	3730	117	3775	3776	0	3729	0	1	3280M1I379M
SRR5466729_NODE_1392_length_3730_cov_106.350748	SRR6049586_NODE_2823_length_2796_cov_28.358428_g1041_i1	3920	0.994	0.000E+00	47	2263	3730	41	2257	2796	0	3729	0	1	2217M
SRR5467091_NODE_1145_length_3708_cov_14.630714	SRR5467091_NODE_1394_length_3708_cov_10.342779_g1075_i0	6636	0.999	0.000E+00	3707	0	3708	0	3707	3708	3707	0	0	3	3708M
SRR6255733_NODE_966_length_3542_cov_144.350731	SRR6255733_NODE_990_length_3560_cov_100.405793_g802_i0	6343	0.999	0.000E+00	0	3541	3542	18	3559	3560	0	3541	0	1	3542M
SRR6960551_NODE_580_length_3878_cov_724.719592	SRR6960509_NODE_2834_length_3831_cov_373.794838_g1887_i0	6847	1.00	0.000E+00	2	3822	3878	0	3820	3831	0	3877	0	1	3821M
SRR6050738_NODE_101_length_3915_cov_21.583161	SRR6050738_NODE_157_length_3912_cov_13.555092_g105_i0	7001	0.999	0.000E+00	3	3914	3915	0	3911	3912	0	3914	0	1	3912M
SRR6960507_NODE_1791_length_3606_cov_20.511687	SRR6960507_NODE_1915_length_3690_cov_12.544097_g1507_i0	6453	0.999	0.000E+00	0	3605	3606	0	3605	3690	0	3605	0	1	3606M
SRR5466337_NODE_1441_length_3392_cov_151.409949	SRR5466337_NODE_2087_length_3409_cov_90.366906_g1338_i0	6049	0.998	0.000E+00	0	3391	3392	0	3389	3409	0	3391	0	1	90M2I3300M
SRR5466337_NODE_1441_length_3392_cov_151.409949	SRR5466338_NODE_3677_length_3418_cov_108.391629_g2451_i1	5952	0.998	0.000E+00	0	3337	3392	74	3409	3418	0	3391	0	1	90M2I3246M
SRR5466337_NODE_1441_length_3392_cov_151.409949	SRR5466365_NODE_2397_length_3377_cov_93.147397_g1550_i1	5933	0.996	0.000E+00	0	3338	3392	5	3340	3377	0	3391	0	1	87M3I3249M
SRR5466337_NODE_1441_length_3392_cov_151.409949	SRR6255521_NODE_648_length_3685_cov_39.119878_g483_i0	5915	0.995	0.000E+00	3338	0	3392	344	3678	3685	3391	0	0	1	3244M1D4M4I27M1I59M
SRR5466337_NODE_1441_length_3392_cov_151.409949	SRR6255520_NODE_1157_length_3280_cov_44.615529_g953_i0	5775	0.998	0.000E+00	106	3342	3392	42	3277	3280	0	3391	0	1	3232M1I4M
SRR5466727_NODE_1121_length_4355_cov_15.443488	SRR5466727_NODE_1024_length_4355_cov_10.849136_g876_i0	7791	0.999	0.000E+00	4354	0	4355	0	4354	4355	4354	0	0	5	4355M
SRR5466729_NODE_1674_length_3460_cov_11.629369	SRR5466725_NODE_2931_length_3456_cov_11.175584_g2248_i0	6171	0.998	0.000E+00	3459	4	3460	0	3455	3456	3459	0	0	1	3456M
SRR5467091_NODE_1260_length_3570_cov_90.312945	SRR5467091_NODE_1516_length_3570_cov_61.196454_g1181_i0	6389	0.999	0.000E+00	3569	0	3570	0	3569	3570	3569	0	0	1	3570M
SRR6255746_NODE_660_length_4095_cov_96.140099	SRR6255746_NODE_799_length_4095_cov_70.988563_g597_i0	7338	1.00	0.000E+00	4094	0	4095	0	4094	4095	4094	0	0	1	4095M
SRR6255746_NODE_660_length_4095_cov_96.140099	SRR5466729_NODE_797_length_4672_cov_47.613177_g598_i0	2056	0.997	0.000E+00	1155	2	4095	3518	4671	4672	4094	0	0	1	1154M
SRR7976299_NODE_112_length_3766_cov_184.583401	SRR7976299_NODE_142_length_3766_cov_136.021121_g108_i0	6749	1.00	0.000E+00	3765	0	3766	0	3765	3766	3765	0	0	2	3766M
SRR7976310_NODE_637_length_4155_cov_16.578293	SRR7976310_NODE_841_length_4155_cov_12.395394_g585_i0	7441	0.999	0.000E+00	4154	0	4155	0	4154	4155	4154	0	0	1	4155M
SRR7976300_NODE_1728_length_3406_cov_28.759475	SRR6960507_NODE_2364_length_3404_cov_38.146803_g1877_i0	6086	0.999	0.000E+00	3400	0	3406	1	3401	3404	3405	0	0	1	3401M
SRR7687334_NODE_1286_length_3796_cov_182877.528201	SRR7687334_NODE_1700_length_4555_cov_126608.251673_g923_i0	6793	0.999	0.000E+00	3795	0	3796	734	4529	4555	3795	0	0	1	3796M
SRR7687334_NODE_1286_length_3796_cov_182877.528201	SRR7687334_NODE_905_length_5964_cov_103484.480564_g483_i0	6781	0.999	0.000E+00	0	3788	3796	335	4123	5964	0	3795	0	1	3789M
SRR7687334_NODE_1286_length_3796_cov_182877.528201	SRR7963800_NODE_659_length_7185_cov_6891.349409_g191_i1	6762	0.997	0.000E+00	0	3795	3796	3303	7098	7185	0	3795	0	1	3796M
SRR7687334_NODE_1286_length_3796_cov_182877.528201	SRR7687334_NODE_1657_length_4597_cov_129493.743590_g893_i0	6601	0.998	0.000E+00	3697	0	3796	565	4261	4597	3795	0	0	1	126M1I3571M
SRR7687334_NODE_1286_length_3796_cov_182877.528201	SRR7687334_NODE_1836_length_4397_cov_130360.113321_g1011_i0	6496	0.999	0.000E+00	166	3795	3796	0	3629	4397	0	3795	0	1	3630M
SRR7687334_NODE_1286_length_3796_cov_182877.528201	SRR7687334_NODE_2152_length_4036_cov_148037.001009_g1191_i0	6417	0.999	0.000E+00	3585	0	3796	115	3700	4036	3795	0	0	1	3586M
SRR7687334_NODE_1286_length_3796_cov_182877.528201	SRR7687334_NODE_2141_length_4043_cov_147775.951134_g1186_i0	6417	0.999	0.000E+00	3585	0	3796	122	3707	4043	3795	0	0	1	3586M
SRR7687334_NODE_1286_length_3796_cov_182877.528201	SRR7963800_NODE_1929_length_4299_cov_9443.259347_g191_i6	6379	0.997	0.000E+00	0	3581	3796	232	3813	4299	0	3795	0	1	3582M
SRR7687334_NODE_1286_length_3796_cov_182877.528201	SRR7687334_NODE_2055_length_4127_cov_140559.040454_g1137_i0	6285	0.999	0.000E+00	3511	0	3796	280	3791	4127	3795	0	0	1	3512M
SRR7687334_NODE_1286_length_3796_cov_182877.528201	SRR7687334_NODE_1347_length_5038_cov_113530.667472_g731_i0	6227	0.999	0.000E+00	3479	0	3796	1223	4702	5038	3795	0	0	1	3480M
SRR7687334_NODE_1286_length_3796_cov_182877.528201	SRR7687334_NODE_1810_length_4419_cov_136185.368615_g835_i1	6100	0.999	0.000E+00	0	3408	3796	657	4065	4419	0	3795	0	1	3409M
SRR7687334_NODE_1286_length_3796_cov_182877.528201	SRR7687334_NODE_1552_length_4744_cov_126735.642261_g835_i0	6097	0.999	0.000E+00	3409	0	3796	677	4086	4744	3795	0	0	1	3410M
SRR7687334_NODE_1286_length_3796_cov_182877.528201	SRR7687334_NODE_866_length_6119_cov_96735.584684_g342_i2	6014	0.998	0.000E+00	3365	0	3796	2096	5461	6119	3795	0	0	1	3366M
SRR7687334_NODE_1286_length_3796_cov_182877.528201	SRR7687334_NODE_1778_length_4454_cov_133821.469756_g974_i0	5968	0.999	0.000E+00	3334	0	3796	462	3796	4454	3795	0	0	1	3335M
SRR7687334_NODE_1286_length_3796_cov_182877.528201	SRR7687334_NODE_1406_length_4962_cov_115295.395582_g761_i0	5650	0.999	0.000E+00	3157	0	3796	1147	4304	4962	3795	0	0	1	3158M
SRR7687334_NODE_1286_length_3796_cov_182877.528201	SRR7687334_NODE_1682_length_4573_cov_132742.419333_g912_i0	5547	0.999	0.000E+00	0	3097	3796	1018	4115	4573	0	3795	0	1	3098M
SRR7687334_NODE_1286_length_3796_cov_182877.528201	SRR7687334_NODE_1986_length_4200_cov_143989.480979_g1099_i0	5498	0.999	0.000E+00	3072	0	3796	109	3181	4200	3795	0	0	1	3073M
SRR7687334_NODE_1286_length_3796_cov_182877.528201	SRR7687334_NODE_2159_length_4031_cov_145391.002021_g1195_i0	5463	0.999	0.000E+00	745	3795	3796	0	3050	4031	0	3795	0	1	3051M
SRR7687334_NODE_1286_length_3796_cov_182877.528201	SRR7687334_NODE_1666_length_4585_cov_133245.659131_g899_i0	5463	0.999	0.000E+00	745	3795	3796	0	3050	4585	0	3795	0	1	3051M
SRR7687334_NODE_1286_length_3796_cov_182877.528201	SRR7687334_NODE_1637_length_4617_cov_124786.843970_g882_i0	5463	0.999	0.000E+00	745	3795	3796	0	3050	4617	0	3795	0	1	3051M
SRR7687334_NODE_1286_length_3796_cov_182877.528201	SRR7687334_NODE_659_length_6934_cov_89282.671331_g349_i0	5463	0.999	0.000E+00	3795	745	3796	3883	6933	6934	3795	0	0	1	3051M
SRR7687334_NODE_1286_length_3796_cov_182877.528201	SRR7963800_NODE_2040_length_4192_cov_9761.322166_g191_i7	5454	0.997	0.000E+00	0	3065	3796	1126	4191	4192	0	3795	0	1	3066M
SRR7687334_NODE_1286_length_3796_cov_182877.528201	SRR7963800_NODE_331_length_10191_cov_5007.401166_g191_i0	5454	0.997	0.000E+00	3065	0	3796	0	3065	10191	3795	0	0	1	3066M
SRR7687334_NODE_1286_length_3796_cov_182877.528201	SRR7687334_NODE_2119_length_4069_cov_143993.527778_g1171_i0	5310	0.997	0.000E+00	2981	0	3796	71	3050	4069	3795	0	0	1	45M2I2935M
SRR7687334_NODE_1286_length_3796_cov_182877.528201	SRR7687334_NODE_1739_length_4511_cov_138977.354439_g949_i0	5004	0.999	0.000E+00	2796	0	3796	413	3209	4511	3795	0	0	1	2797M
SRR7687334_NODE_1286_length_3796_cov_182877.528201	SRR7963800_NODE_1214_length_5384_cov_8172.882320_g191_i3	4893	0.997	0.000E+00	2749	0	3796	0	2749	5384	3795	0	0	1	2750M
SRR7687334_NODE_1286_length_3796_cov_182877.528201	SRR7963800_NODE_2130_length_4095_cov_10024.423173_g191_i8	4870	0.995	0.000E+00	2749	0	3796	0	2749	4095	3795	0	0	1	2750M
SRR7687334_NODE_1286_length_3796_cov_182877.528201	SRR7687334_NODE_2167_length_4023_cov_144060.822785_g1201_i0	4863	0.999	0.000E+00	3795	1080	3796	1307	4022	4023	3795	0	0	1	2716M
SRR7687334_NODE_1286_length_3796_cov_182877.528201	SRR7687334_NODE_1972_length_4218_cov_137668.867551_g1089_i0	4863	0.999	0.000E+00	1080	3795	3796	0	2715	4218	0	3795	0	1	2716M
SRR7687334_NODE_1286_length_3796_cov_182877.528201	SRR7687334_NODE_1938_length_4250_cov_143998.661480_g1072_i0	4863	0.999	0.000E+00	1080	3795	3796	0	2715	4250	0	3795	0	1	2716M
SRR7687334_NODE_1286_length_3796_cov_182877.528201	SRR7687334_NODE_1903_length_4299_cov_133954.633223_g1055_i0	4863	0.999	0.000E+00	1080	3795	3796	0	2715	4299	0	3795	0	1	2716M
SRR7687334_NODE_1286_length_3796_cov_182877.528201	SRR7687334_NODE_820_length_6242_cov_98018.605771_g433_i0	4863	0.999	0.000E+00	3795	1080	3796	3526	6241	6242	3795	0	0	1	2716M
SRR7687334_NODE_1286_length_3796_cov_182877.528201	SRR7687334_NODE_1916_length_4277_cov_146845.294719_g1064_i0	4532	0.999	0.000E+00	0	2530	3796	1593	4123	4277	0	3795	0	1	2531M
SRR7687334_NODE_1286_length_3796_cov_182877.528201	SRR7963800_NODE_2271_length_3954_cov_10282.274156_g191_i9	4515	0.997	0.000E+00	3795	1262	3796	1420	3953	3954	3795	0	0	1	2534M
SRR7687334_NODE_1286_length_3796_cov_182877.528201	SRR7687334_NODE_1692_length_4564_cov_135016.461145_g919_i0	4499	0.999	0.000E+00	0	2512	3796	1593	4105	4564	0	3795	0	1	2513M
SRR7687334_NODE_1286_length_3796_cov_182877.528201	SRR7687334_NODE_474_length_8233_cov_73839.933701_g242_i0	4474	0.999	0.000E+00	0	2498	3796	1593	4091	8233	0	3795	0	1	2499M
SRR7687334_NODE_1286_length_3796_cov_182877.528201	SRR7687334_NODE_1872_length_4339_cov_145252.024379_g1030_i0	4401	0.998	0.000E+00	2462	0	3796	1	2463	4339	3795	0	0	1	2463M
SRR7687334_NODE_1286_length_3796_cov_182877.528201	SRR7687334_NODE_1618_length_4646_cov_127518.018587_g871_i0	4357	0.999	0.000E+00	2435	0	3796	658	3093	4646	3795	0	0	1	2436M
SRR7687334_NODE_1286_length_3796_cov_182877.528201	SRR7687334_NODE_1907_length_4293_cov_133572.689573_g1059_i0	4299	0.999	0.000E+00	1395	3795	3796	0	2400	4293	0	3795	0	1	2401M
SRR7687334_NODE_1286_length_3796_cov_182877.528201	SRR7687334_NODE_1846_length_4385_cov_132284.044759_g1018_i0	4272	0.999	0.000E+00	3795	1410	3796	1999	4384	4385	3795	0	0	1	2386M
SRR7687334_NODE_1286_length_3796_cov_182877.528201	SRR7687334_NODE_1627_length_4629_cov_135207.464004_g877_i0	4248	0.999	0.000E+00	2374	0	3796	379	2753	4629	3795	0	0	1	2375M
SRR7687334_NODE_1286_length_3796_cov_182877.528201	SRR7687334_NODE_1802_length_4423_cov_135333.814943_g993_i0	4170	0.999	0.000E+00	1467	3795	3796	0	2328	4423	0	3795	0	1	2329M
SRR7687334_NODE_1286_length_3796_cov_182877.528201	SRR7687334_NODE_1775_length_4455_cov_128634.956641_g971_i0	4170	0.999	0.000E+00	3795	1467	3796	2126	4454	4455	3795	0	0	1	2329M
SRR7687334_NODE_1286_length_3796_cov_182877.528201	SRR7687334_NODE_1759_length_4481_cov_132985.797641_g959_i0	4170	0.999	0.000E+00	1467	3795	3796	0	2328	4481	0	3795	0	1	2329M
SRR7687334_NODE_1286_length_3796_cov_182877.528201	SRR7687334_NODE_1716_length_4534_cov_134685.069715_g936_i0	4170	0.999	0.000E+00	1467	3795	3796	0	2328	4534	0	3795	0	1	2329M
SRR7687334_NODE_1286_length_3796_cov_182877.528201	SRR7687334_NODE_1233_length_5221_cov_112278.724359_g674_i0	4170	0.999	0.000E+00	3795	1467	3796	2892	5220	5221	3795	0	0	1	2329M
SRR7687334_NODE_1286_length_3796_cov_182877.528201	SRR7687334_NODE_901_length_5976_cov_95495.257835_g481_i0	4170	0.999	0.000E+00	3795	1467	3796	3647	5975	5976	3795	0	0	1	2329M
SRR7687334_NODE_1286_length_3796_cov_182877.528201	SRR7687334_NODE_1766_length_4470_cov_139468.373179_g966_i0	4155	0.999	0.000E+00	3795	1475	3796	2149	4469	4470	3795	0	0	1	2321M
SRR7687334_NODE_1286_length_3796_cov_182877.528201	SRR7687334_NODE_1511_length_4800_cov_116891.093082_g644_i2	4054	0.999	0.000E+00	1529	3795	3796	1048	3314	4800	0	3795	0	1	2267M
SRR7687334_NODE_1286_length_3796_cov_182877.528201	SRR7687334_NODE_1186_length_5308_cov_105550.219484_g644_i0	4054	0.999	0.000E+00	1529	3795	3796	1556	3822	5308	0	3795	0	1	2267M
SRR7687334_NODE_1286_length_3796_cov_182877.528201	SRR7687334_NODE_2009_length_4179_cov_137457.024598_g1111_i0	3564	0.998	0.000E+00	0	1995	3796	1875	3870	4179	0	3795	0	1	1996M
SRR6960799_NODE_633_length_4049_cov_39.691037	SRR6960799_NODE_1040_length_4049_cov_30.205231_g671_i0	7256	1.00	0.000E+00	4048	0	4049	0	4048	4049	4048	0	0	51	4049M
SRR6960799_NODE_1056_length_3452_cov_11.982632	SRR6960799_NODE_1612_length_3452_cov_8.232317_g1077_i0	6186	1.00	0.000E+00	3451	0	3452	0	3451	3452	3451	0	0	1	3452M
SRR7976326_NODE_135_length_3933_cov_14.606498	SRR7976326_NODE_196_length_3933_cov_10.570466_g141_i0	7043	0.999	0.000E+00	0	3932	3933	0	3932	3933	0	3932	0	1	3933M
SRR6050698_NODE_127_length_4042_cov_21.532731	SRR5467140_NODE_92_length_4048_cov_26.580629_g35_i0	7181	0.997	0.000E+00	4041	7	4042	0	4034	4048	4041	0	0	1	4035M
SRR5466365_NODE_838_length_4332_cov_13.330606	SRR5467091_NODE_964_length_4316_cov_8.114777_g733_i0	7628	0.998	0.000E+00	0	4276	4332	32	4308	4316	0	4331	0	1	4277M
SRR5466725_NODE_2144_length_4051_cov_14.922422	SRR5466725_NODE_2151_length_4050_cov_10.431732_g1631_i0	7247	0.999	0.000E+00	0	4050	4051	0	4049	4050	0	4050	0	1	4045M1I5M
SRR5466725_NODE_2144_length_4051_cov_14.922422	SRR5466729_NODE_2181_length_3094_cov_7.666336_g1721_i0	5408	0.997	0.000E+00	3040	4	4051	58	3093	3094	4050	0	0	1	10M1I3026M
SRR5466728_NODE_571_length_3981_cov_21.384870	SRR5466728_NODE_580_length_3981_cov_14.908905_g486_i0	7134	1.00	0.000E+00	0	3980	3981	0	3980	3981	0	3980	0	2	3981M
SRR7976357_NODE_2045_length_3852_cov_20.247564	SRR7976356_NODE_2782_length_3852_cov_11.458058_g1619_i0	6889	0.999	0.000E+00	3851	0	3852	0	3851	3852	3851	0	0	301	3852M
SRR7976325_NODE_269_length_3911_cov_9.747925	SRR7976325_NODE_467_length_3850_cov_6.680434_g305_i0	6895	0.999	0.000E+00	3910	61	3911	0	3849	3850	3910	0	0	1	3850M
SRR7976356_NODE_2090_length_3570_cov_338.721479	SRR7976357_NODE_3766_length_3533_cov_338.515896_g2269_i0	6294	0.999	0.000E+00	3516	0	3570	12	3528	3533	3569	0	0	1	3517M
SRR6960507_NODE_1337_length_4040_cov_10.257465	SRR6960507_NODE_1520_length_4040_cov_7.488782_g1190_i0	7240	1.00	0.000E+00	4039	0	4040	0	4039	4040	4039	0	0	1	4040M
SRR5466369_NODE_2507_length_3725_cov_10.546049	SRR5466369_NODE_3825_length_3725_cov_7.903888_g2352_i0	6675	1.00	0.000E+00	3724	0	3725	0	3724	3725	3724	0	0	1	3725M
SRR5466369_NODE_2507_length_3725_cov_10.546049	SRR6253161_NODE_1674_length_3787_cov_2615.847065_g1145_i2	5032	0.999	0.000E+00	3721	909	3725	0	2812	3787	3724	0	0	1	2813M
SRR5466369_NODE_2507_length_3725_cov_10.546049	SRR6253161_NODE_1634_length_3824_cov_2590.228472_g1145_i1	5030	0.998	0.000E+00	908	3721	3725	1010	3823	3824	0	3724	0	1	2814M
SRR5466369_NODE_2507_length_3725_cov_10.546049	SRR6253161_NODE_1622_length_3828_cov_2589.314780_g1145_i0	5030	0.998	0.000E+00	908	3721	3725	1014	3827	3828	0	3724	0	1	2814M
SRR5466729_NODE_1052_length_4168_cov_10.952832	SRR5466729_NODE_1079_length_4166_cov_7.762277_g817_i0	7461	0.999	0.000E+00	2	4167	4168	0	4165	4166	0	4167	0	4	4166M
SRR5467091_NODE_1011_length_3912_cov_31.571688	SRR5467091_NODE_1230_length_3912_cov_19.091170_g948_i0	6934	0.995	0.000E+00	0	3911	3912	0	3911	3912	0	3911	0	1	3912M
SRR6960549_NODE_144_length_3461_cov_78.888139	SRR6960549_NODE_215_length_3481_cov_57.326878_g153_i0	6202	1.00	0.000E+00	0	3460	3461	20	3480	3481	0	3460	0	1	3461M
SRR7976323_NODE_1847_length_3922_cov_210.096716	SRR7976323_NODE_2333_length_3922_cov_156.943102_g1696_i0	7028	1.00	0.000E+00	3921	0	3922	0	3921	3922	3921	0	0	1	3922M
SRR5467139_NODE_138_length_3677_cov_16.107951	SRR5467139_NODE_221_length_3677_cov_10.569090_g120_i0	6585	0.999	0.000E+00	3676	0	3677	0	3676	3677	3676	0	0	1	3677M
SRR5466338_NODE_2707_length_3400_cov_189.050523	SRR5466338_NODE_3677_length_3418_cov_108.391629_g2451_i1	6084	0.999	0.000E+00	0	3399	3400	18	3417	3418	0	3399	0	1	3400M
SRR5466338_NODE_2707_length_3400_cov_189.050523	SRR5466337_NODE_2087_length_3409_cov_90.366906_g1338_i0	5969	0.999	0.000E+00	56	3391	3400	0	3335	3409	0	3399	0	1	3336M
SRR5466338_NODE_2707_length_3400_cov_189.050523	SRR5466365_NODE_2397_length_3377_cov_93.147397_g1550_i1	5929	0.996	0.000E+00	54	3391	3400	3	3339	3377	0	3399	0	1	89M1I3248M
SRR5466338_NODE_2707_length_3400_cov_189.050523	SRR6255521_NODE_648_length_3685_cov_39.119878_g483_i0	5921	0.996	0.000E+00	3392	55	3400	344	3679	3685	3399	0	0	1	3247M1I29M1I60M
SRR5466338_NODE_2707_length_3400_cov_189.050523	SRR6255520_NODE_1157_length_3280_cov_44.615529_g953_i0	5774	0.998	0.000E+00	160	3391	3400	42	3273	3280	0	3399	0	1	3232M
SRR5466725_NODE_1924_length_4246_cov_76.456216	SRR5466725_NODE_1958_length_4235_cov_56.272465_g1486_i0	7524	1.00	0.000E+00	0	4198	4246	0	4198	4235	0	4245	0	5	4199M
SRR5466727_NODE_1497_length_3808_cov_26.009059	SRR5466725_NODE_2438_length_3805_cov_22.780815_g1864_i0	6783	0.998	0.000E+00	8	3807	3808	0	3799	3805	0	3807	0	1	3800M
SRR5466727_NODE_1497_length_3808_cov_26.009059	SRR5466727_NODE_1311_length_3905_cov_18.136743_g1127_i0	6657	1.00	0.000E+00	0	3714	3808	0	3714	3905	0	3807	0	1	3715M
SRR5467090_NODE_693_length_3912_cov_49.662432	SRR5467090_NODE_816_length_3912_cov_35.259703_g641_i0	7010	1.00	0.000E+00	3911	0	3912	0	3911	3912	3911	0	0	2	3912M
SRR6254351_NODE_734_length_4251_cov_28.372021	SRR5466338_NODE_2544_length_4247_cov_27.804025_g1650_i0	7533	0.999	0.000E+00	4206	1	4251	27	4232	4247	4250	0	0	1	4206M
SRR6960509_NODE_1953_length_3827_cov_26.486214	SRR6960551_NODE_818_length_3827_cov_46.180075_g580_i0	6840	0.998	0.000E+00	3826	0	3827	0	3826	3827	3826	0	0	1	3827M
SRR6050698_NODE_130_length_4026_cov_36.963989	SRR6050698_NODE_237_length_4026_cov_24.008348_g129_i0	7156	0.996	0.000E+00	4025	0	4026	0	4025	4026	4025	0	0	1	4026M
SRR5466365_NODE_939_length_4158_cov_60.803071	SRR5466337_NODE_1127_length_4329_cov_24180.961936_g682_i0	7072	0.999	0.000E+00	176	4124	4158	366	4314	4329	0	4157	0	1	3949M
SRR5466365_NODE_939_length_4158_cov_60.803071	SRR5466369_NODE_2861_length_4446_cov_1470.139035_g1702_i0	7072	0.999	0.000E+00	176	4124	4158	477	4425	4446	0	4157	0	1	3949M
SRR5466725_NODE_2181_length_4018_cov_32.783750	SRR6255733_NODE_781_length_3990_cov_10.112586_g629_i0	7016	0.992	0.000E+00	0	3989	4018	0	3989	3990	0	4017	0	2	3990M
SRR5466725_NODE_2181_length_4018_cov_32.783750	SRR6255746_NODE_848_length_3989_cov_12.108529_g639_i0	6996	0.991	0.000E+00	3989	1	4018	0	3988	3989	4017	0	0	2	3989M
SRR5466728_NODE_611_length_3863_cov_13.550420	SRR5466728_NODE_628_length_3862_cov_9.926894_g528_i0	6921	1.00	0.000E+00	1	3862	3863	0	3861	3862	0	3862	0	2	3862M
SRR5467090_NODE_809_length_3681_cov_18.503861	SRR5467090_NODE_958_length_3681_cov_13.525499_g762_i0	6596	1.00	0.000E+00	3680	0	3681	0	3680	3681	3680	0	0	1	3681M
SRR6254984_NODE_700_length_4223_cov_139.976727	SRR6254984_NODE_952_length_3969_cov_98.579312_g745_i0	7112	1.00	0.000E+00	0	3968	4223	0	3968	3969	0	4222	0	1	3969M
SRR6254984_NODE_700_length_4223_cov_139.976727	SRR6253579_NODE_578_length_6307_cov_62.539942_g371_i0	6489	0.999	0.000E+00	0	3625	4223	0	3625	6307	0	4222	0	1	3626M
SRR6960549_NODE_77_length_4187_cov_9.668199	SRR6960549_NODE_106_length_4139_cov_5.126168_g73_i0	7363	0.997	0.000E+00	4186	48	4187	0	4138	4139	4186	0	0	2	4139M
SRR6960551_NODE_777_length_3466_cov_277.086485	SRR6960551_NODE_1067_length_3466_cov_208.753316_g754_i0	6207	0.999	0.000E+00	3465	0	3466	0	3465	3466	3465	0	0	1	3466M
SRR7976300_NODE_1745_length_3394_cov_13.174903	SRR7976300_NODE_2234_length_3394_cov_9.397471_g1650_i0	6082	1.00	0.000E+00	3393	0	3394	0	3393	3394	3393	0	0	1	3394M
SRR7687308_NODE_1900_length_3771_cov_8.824273	SRR7687308_NODE_3158_length_3771_cov_5.600865_g1813_i0	6749	0.999	0.000E+00	0	3770	3771	0	3770	3771	0	3770	0	1	3771M
SRR7976299_NODE_104_length_3819_cov_8.555792	SRR7976299_NODE_136_length_3819_cov_6.122531_g105_i0	6839	0.999	0.000E+00	0	3818	3819	0	3818	3819	0	3818	0	301	3819M
SRR7976310_NODE_463_length_4681_cov_10.509944	SRR7976310_NODE_620_length_4679_cov_7.394703_g421_i0	8375	0.999	0.000E+00	4678	0	4681	0	4678	4679	4680	0	0	1	4679M
SRR6960803_NODE_2726_length_3624_cov_8.419445	SRR6960803_NODE_4856_length_3506_cov_6.414798_g2745_i0	6277	0.999	0.000E+00	0	3506	3624	0	3505	3506	0	3623	0	1	3157M1I349M
SRR6960803_NODE_2726_length_3624_cov_8.419445	SRR7976357_NODE_3834_length_3500_cov_6.870149_g2312_i0	6241	0.998	0.000E+00	3567	68	3624	0	3499	3500	3623	0	0	1	3500M
SRR6960799_NODE_813_length_3739_cov_9.918838	SRR6960799_NODE_1282_length_3739_cov_6.624386_g840_i0	6700	1.00	0.000E+00	3738	0	3739	0	3738	3739	3738	0	0	2	3739M
SRR7976357_NODE_2308_length_3641_cov_200.434467	SRR7976357_NODE_3558_length_3641_cov_147.143498_g2135_i0	6521	1.00	0.000E+00	3640	2	3641	0	3638	3641	3640	0	0	1	3639M
SRR7976357_NODE_2308_length_3641_cov_200.434467	SRR7976356_NODE_2681_length_3919_cov_75.134165_g1558_i0	6122	0.998	0.000E+00	3427	2	3641	487	3912	3919	3640	0	0	1	3426M
SRR7976325_NODE_314_length_3766_cov_8.667745	SRR7976325_NODE_493_length_3766_cov_5.842405_g324_i0	6749	1.00	0.000E+00	3765	0	3766	0	3765	3766	3765	0	0	2	3766M
SRR6050738_NODE_90_length_4010_cov_31.746144	SRR6050738_NODE_146_length_4008_cov_21.759593_g98_i0	7178	0.999	0.000E+00	4009	2	4010	0	4007	4008	4009	0	0	1	4008M
SRR6960507_NODE_1771_length_3617_cov_28.766985	SRR6960507_NODE_2022_length_3617_cov_19.962754_g1597_i0	6482	1.00	0.000E+00	0	3616	3617	0	3616	3617	0	3616	0	1	3617M
SRR5466337_NODE_1024_length_3857_cov_10.798264	SRR5466364_NODE_2404_length_3832_cov_11.354616_g1610_i0	6779	0.997	0.000E+00	0	3802	3857	11	3813	3832	0	3856	0	1	3803M
SRR5466725_NODE_3125_length_3345_cov_18.880547	SRR5466725_NODE_3118_length_3346_cov_13.772991_g2399_i0	5988	0.999	0.000E+00	3344	0	3345	0	3345	3346	3344	0	0	1	1646M1D1699M
SRR7976357_NODE_2604_length_3441_cov_27.294743	SRR7976357_NODE_3951_length_3441_cov_17.002969_g2392_i0	6149	0.998	0.000E+00	3440	0	3441	0	3440	3441	3440	0	0	1	3441M
SRR7976325_NODE_323_length_3756_cov_9.286139	SRR7976325_NODE_504_length_3756_cov_5.786044_g330_i0	6695	0.997	0.000E+00	0	3755	3756	0	3755	3756	0	3755	0	1	3756M
SRR7976325_NODE_323_length_3756_cov_9.286139	SRR7976326_NODE_234_length_3760_cov_45.483049_g167_i0	6662	0.996	0.000E+00	3754	0	3756	0	3754	3760	3755	0	0	1	3755M
SRR5467139_NODE_105_length_3985_cov_64.189567	SRR6050643_NODE_18_length_3974_cov_6.852602_g11_i0	6963	0.991	0.000E+00	3972	0	3985	0	3972	3974	3984	0	0	2	3973M
SRR5466338_NODE_1679_length_4390_cov_30.760784	SRR5466338_NODE_2416_length_4387_cov_22.457580_g1559_i0	7794	0.998	0.000E+00	4361	0	4390	25	4386	4387	4389	0	0	1	4362M
SRR5466723_NODE_779_length_3710_cov_11.741450	SRR5466725_NODE_2492_length_3765_cov_23.373510_g1908_i0	6555	1.00	0.000E+00	0	3657	3710	73	3730	3765	0	3709	0	1	3658M
SRR5466727_NODE_1185_length_4246_cov_170.884992	SRR5466729_NODE_1035_length_4244_cov_122.911053_g781_i0	7605	1.00	0.000E+00	1	4244	4246	0	4243	4244	0	4245	0	1	4244M
SRR5467090_NODE_504_length_4427_cov_38.069991	SRR5467091_NODE_964_length_4316_cov_8.114777_g733_i0	7642	0.998	0.000E+00	4373	92	4427	27	4308	4316	4426	0	0	1	4282M
SRR6253161_NODE_160_length_7616_cov_70.706124	SRR6253161_NODE_328_length_6744_cov_56.543697_g206_i0	12084	1.00	0.000E+00	0	6743	7616	0	6743	6744	0	7615	0	1	6744M
SRR6255746_NODE_917_length_3546_cov_6.220281	SRR6255746_NODE_1076_length_3546_cov_4.549669_g820_i0	6346	0.999	0.000E+00	3545	0	3546	0	3545	3546	3545	0	0	1	3546M
SRR6960551_NODE_620_length_3761_cov_32.689153	SRR6960551_NODE_853_length_3760_cov_23.985083_g602_i0	6733	0.999	0.000E+00	3759	0	3761	0	3759	3760	3760	0	0	1	3760M
