SRR7976326_dg-19	SRR6960799_27794	7193	0.998	0.000E+00	0	4028	4029	0	4028	4852	0	4028	0	301	4029M
SRR7976326_dg-19	SRR6960799_91330	5339	0.996	0.000E+00	1025	4028	4029	825	3828	4652	0	4028	0	301	3004M
SRR7976326_dg-19	SRR7976326_31943	5080	0.997	0.000E+00	1175	4028	4029	111	2963	2964	0	4028	0	301	1313M1I1540M
SRR7976326_dg-19	SRR7976326_11842	4812	0.997	0.000E+00	0	2699	4029	0	2699	3160	0	4028	0	301	2700M
SRR6050738_dg-37	SRR6050716_17450	6105	0.995	0.000E+00	3448	0	3450	0	3448	3507	3449	0	0	4	3449M
SRR6960549_dg-26	SRR6960549_12408	6602	0.997	0.000E+00	20	3723	3724	449	4152	4153	0	3723	0	1	3704M
SRR6960549_dg-26	SRR7976299_7629	4441	0.996	0.000E+00	10	2507	3724	0	2497	3003	0	3723	0	1	2498M
SRR6960549_dg-26	SRR7976299_6825	3893	0.992	0.000E+00	10	2223	3724	0	2212	2369	0	3723	0	1	2203M1I10M
SRR7976310_dg-108	SRR7976310_78014	6790	0.997	0.000E+00	0	3808	3809	0	3808	3835	0	3808	0	3	3809M
SRR7976310_dg-108	SRR7976301_21994	6688	0.992	0.000E+00	3808	7	3809	1	3802	3803	3808	0	0	3	3802M
SRR7976310_dg-108	SRR7976310_8268	6092	0.991	0.000E+00	337	3808	3809	93	3564	3591	0	3808	0	3	3472M
SRR7976326_dg-24	SRR6960799_17157	6900	0.995	0.000E+00	0	3900	3901	2	3902	3913	0	3900	0	3	7M1I1774M1D2119M
SRR5208570_dg-18	SRR6050482_4491	7584	0.997	0.000E+00	0	4263	4264	0	4261	4315	0	4263	0	1	2372M2I1890M
SRR6254351_dg-362	SRR5466337_16732	5915	0.995	0.000E+00	3342	6	3343	1	3335	3870	3342	0	0	1	89M2I3246M
SRR6254351_dg-362	SRR6255513_2407	5686	0.995	0.000E+00	3230	23	3343	49	3256	3258	3342	0	0	1	3208M
SRR6254351_dg-362	SRR5466369_149769	5233	0.994	0.000E+00	3342	382	3343	0	2957	3265	3342	0	0	1	86M3I2872M
SRR6254351_dg-362	SRR5466365_53362	5166	0.996	0.000E+00	2910	6	3343	431	3335	3337	3342	0	0	1	2905M
SRR6254351_dg-362	SRR6255520_39666	4845	0.995	0.000E+00	5	2735	3343	5	2735	3594	0	3342	0	1	2731M
SRR6254351_dg-362	SRR5466365_8620	4801	0.996	0.000E+00	2709	6	3343	814	3517	3519	3342	0	0	1	2704M
SRR6254351_dg-362	SRR6254351_9283	4721	0.997	0.000E+00	2648	0	3343	51	2699	2700	3342	0	0	1	2649M
SRR6254351_dg-362	SRR6253579_53359	4548	0.994	0.000E+00	2575	6	3343	110	2679	2680	3342	0	0	1	2570M
SRR6254351_dg-362	SRR5466338_2400	4334	0.993	0.000E+00	884	3342	3343	3108	5563	5566	0	3342	0	1	2369M3I87M
SRR6254351_dg-362	SRR5466365_107720	3770	0.992	0.000E+00	3342	1198	3343	0	2142	2185	3342	0	0	1	89M2I2054M
SRR6254351_dg-362	SRR5466369_85790	3598	0.994	0.000E+00	3342	1307	3343	0	2032	2069	3342	0	0	1	86M3I1947M
SRR6254351_dg-362	SRR5466337_167768	3367	0.993	0.000E+00	1431	3342	3343	284	2192	2194	0	3342	0	1	1822M3I87M
SRR6960549_dg-32	SRR6960549_10182	6222	0.997	0.000E+00	3492	0	3493	0	3493	3494	3492	0	0	12	2950M1D543M
SRR7976310_dg-111	SRR7976310_4393	6785	0.998	0.000E+00	3795	0	3796	0	3795	3796	3795	0	0	1	3796M
SRR7976323_dg-219	SRR7976323_10464	6758	0.995	0.000E+00	3815	0	3816	0	3815	3852	3815	0	0	301	3816M
SRR7976323_dg-219	SRR7976323_111819	6722	0.997	0.000E+00	3771	0	3816	697	4469	4506	3815	0	0	301	7M1D3765M
SRR7976323_dg-219	SRR7976323_39718	4475	0.995	0.000E+00	3771	1244	3816	697	3225	3416	3815	0	0	301	7M1D2521M
SRR7976356_dg-405	SRR7976357_2938	6002	0.996	0.000E+00	3378	0	3379	4	3381	4895	3378	0	0	3	3324M1I54M
SRR7976356_dg-405	SRR6960803_27972	5948	0.992	0.000E+00	0	3378	3379	7	3385	3688	0	3378	0	3	3379M
SRR7976356_dg-405	SRR7976357_9066	5943	0.992	0.000E+00	0	3378	3379	16	3394	3399	0	3378	0	3	3379M
SRR7976356_dg-405	SRR6960803_97749	5943	0.992	0.000E+00	3378	0	3379	302	3680	3688	3378	0	0	3	3379M
SRR7976356_dg-405	SRR7976357_56438	5916	0.990	0.000E+00	3378	0	3379	4	3382	3395	3378	0	0	3	3379M
SRR7976356_dg-405	SRR6960803_222909	5912	0.990	0.000E+00	0	3378	3379	7	3385	3688	0	3378	0	3	3379M
SRR7976356_dg-405	SRR6960803_196102	5908	0.990	0.000E+00	0	3378	3379	7	3385	3499	0	3378	0	3	3379M
SRR7976356_dg-405	SRR7976357_42288	5099	0.991	0.000E+00	391	3295	3379	0	2904	4208	0	3378	0	3	2905M
SRR7976356_dg-405	SRR6960803_127227	4281	0.993	0.000E+00	3378	948	3379	736	3166	3452	3378	0	0	3	2431M
SRR5467091_dg-108	SRR5467091_2301	7363	0.998	0.000E+00	4128	0	4129	1691	5819	5820	4128	0	0	9	4129M
SRR5467091_dg-108	SRR5467091_47242	7341	0.996	0.000E+00	4128	0	4129	583	4711	4712	4128	0	0	9	4129M
SRR6255746_dg-167	SRR5466729_2100	6354	0.996	0.000E+00	3580	0	3581	1	3581	3582	3580	0	0	2	99M1I1234M1D2247M
SRR6255746_dg-167	SRR5466727_99084	6203	0.995	0.000E+00	1	3501	3581	0	3499	3569	0	3580	0	2	3477M1I23M
SRR7976310_dg-79	SRR7976310_54696	5949	0.996	0.000E+00	0	3346	4197	0	3346	3465	0	4196	0	2	3347M
SRR7976323_dg-228	SRR6960802_16530	6692	0.998	0.000E+00	3746	0	3754	0	3746	3800	3753	0	0	1	3747M
SRR6050738_dg-15	SRR5208572_5344	7567	0.997	0.000E+00	4261	9	4262	683	4935	4936	4261	0	0	1	4253M
SRR6050738_dg-15	SRR6050698_15310	7529	0.995	0.000E+00	10	4258	4262	0	4248	4249	0	4261	0	1	4249M
SRR5467091_dg-110	SRR5467091_5693	7330	0.997	0.000E+00	4112	0	4113	0	4112	4113	4112	0	0	2	4113M
SRR5467091_dg-110	SRR5466723_11500	6441	0.994	0.000E+00	4112	469	4113	1	3644	4953	4112	0	0	2	3644M
SRR5467091_dg-110	SRR5466725_131019	5078	0.995	0.000E+00	5	2870	4113	0	2865	3312	0	4112	0	2	2866M
SRR6255746_dg-176	SRR6255733_34956	6167	0.995	0.000E+00	1	3484	3485	0	3483	3542	0	3484	0	3	3484M
SRR6255746_dg-176	SRR5466727_100527	6147	0.993	0.000E+00	3484	0	3485	2	3486	3487	3484	0	0	3	3485M
SRR6255746_dg-176	SRR5466723_43851	5651	0.994	0.000E+00	3363	168	3485	216	3411	3907	3484	0	0	3	3196M
SRR6255746_dg-176	SRR5466729_22790	5560	0.997	0.000E+00	1	3120	3485	0	3119	11760	0	3484	0	3	3120M
SRR6255746_dg-176	SRR5466729_81846	5551	0.997	0.000E+00	1	3120	3485	0	3119	5127	0	3484	0	3	3120M
SRR6255746_dg-176	SRR6255733_41232	5174	0.995	0.000E+00	563	3484	3485	74	2995	3054	0	3484	0	3	2922M
SRR7976299_dg-25	SRR7976299_21482	6697	0.997	0.000E+00	0	3756	3757	0	3756	3757	0	3756	0	301	3757M
SRR7976299_dg-25	SRR7976299_1058	6624	0.997	0.000E+00	0	3718	3757	0	3718	4006	0	3756	0	301	3719M
SRR7976299_dg-25	SRR6960540_2834	5177	0.998	0.000E+00	4	2901	3757	0	2899	4005	0	3756	0	301	2889M2D9M
SRR7976299_dg-25	SRR7976299_25160	4455	0.998	0.000E+00	0	2495	3757	0	2495	4097	0	3756	0	301	2496M
SRR7976356_dg-338	SRR6960803_1494	6512	0.997	0.000E+00	0	3658	3659	1	3659	3660	0	3658	0	4	3659M
SRR7976356_dg-338	SRR7976356_106443	5553	0.997	0.000E+00	0	3120	3659	0	3120	3875	0	3658	0	4	3121M
SRR5467090_dg-68	SRR5467091_3845	7328	0.995	0.000E+00	1	4132	4133	0	4131	4144	0	4132	0	2	4132M
SRR6255746_dg-78	SRR6255746_9038	8587	0.998	0.000E+00	4806	0	4807	0	4806	4807	4806	0	0	1	4807M
SRR6255746_dg-78	SRR6255733_43295	8177	0.998	0.000E+00	4588	6	4807	865	5447	5448	4806	0	0	1	4583M
SRR6255746_dg-78	SRR6255733_7043	8159	0.997	0.000E+00	4588	6	4807	5288	9870	9871	4806	0	0	1	4583M
SRR6255746_dg-78	SRR5466729_82370	7982	0.997	0.000E+00	4480	4	4807	4744	9220	9221	4806	0	0	1	4477M
SRR6255746_dg-78	SRR5466723_2413	7802	0.997	0.000E+00	4806	423	4807	0	4383	5034	4806	0	0	1	4384M
SRR7976299_dg-28	SRR7976299_301	6576	0.995	0.000E+00	3706	0	3707	0	3706	3750	3706	0	0	5	3707M
SRR7976299_dg-28	SRR7976299_4830	5261	0.996	0.000E+00	2957	0	3707	228	3185	3229	3706	0	0	5	2958M
SRR7976356_dg-341	SRR6960803_203666	6479	0.996	0.000E+00	3648	0	3649	0	3649	3650	3648	0	0	2	11M1D3638M
SRR7976356_dg-341	SRR7976357_134544	6443	0.994	0.000E+00	0	3648	3649	0	3649	3654	0	3648	0	2	766M1D2883M
SRR7976356_dg-341	SRR7976356_74887	6384	0.994	0.000E+00	0	3611	3649	0	3610	4458	0	3648	0	2	605M1I3006M
SRR7976356_dg-341	SRR7976356_73468	5458	0.995	0.000E+00	15	3096	3649	0	3079	3776	0	3648	0	2	38M1I551M1I2491M
SRR7976356_dg-341	SRR7976357_122910	5331	0.994	0.000E+00	628	3648	3649	639	3656	3661	0	3648	0	2	138M1D1443M1I699M3I737M
SRR5467090_dg-80	SRR5467090_30488	7087	0.997	0.000E+00	0	3979	3980	0	3979	3980	0	3979	0	5	3980M
SRR5467090_dg-80	SRR5466728_95019	5583	0.997	0.000E+00	3136	3	3980	80	3214	3215	3979	0	0	5	1070M1D2064M
SRR6255746_dg-94	SRR6255746_7209	7851	0.997	0.000E+00	0	4403	4404	0	4403	4404	0	4403	0	2	4404M
SRR6255746_dg-94	SRR6255746_51341	7744	0.992	0.000E+00	4403	0	4404	0	4403	4404	4403	0	0	2	4404M
SRR6255746_dg-94	SRR5466725_95969	7702	0.994	0.000E+00	43	4400	4404	2283	6640	6641	0	4403	0	2	4358M
SRR6255746_dg-94	SRR5466723_7812	7452	0.995	0.000E+00	0	4211	4404	1	4212	7303	0	4403	0	2	337M2D9M1I6M1I3858M
SRR6255746_dg-94	SRR5466729_33963	7312	0.995	0.000E+00	273	4400	4404	287	4414	4415	0	4403	0	2	4128M
SRR6255746_dg-94	SRR5466723_43377	6434	0.997	0.000E+00	0	3612	4404	1	3613	4535	0	4403	0	2	3613M
SRR6255746_dg-94	SRR6255733_23897	5553	0.993	0.000E+00	0	3145	4404	0	3145	3304	0	4403	0	2	3146M
SRR7976299_dg-29	SRR7976299_19764	6488	0.992	0.000E+00	3686	0	3687	0	3684	3685	3686	0	0	7	102M2I3583M
SRR7976299_dg-29	SRR7976299_19965	6480	0.992	0.000E+00	3684	0	3687	0	3682	3683	3686	0	0	7	117M1I1295M1I2271M
SRR7976299_dg-29	SRR7976299_15950	6455	0.991	0.000E+00	0	3684	3687	0	3680	3681	0	3686	0	7	2267M1I1295M1I18M2I101M
SRR7976299_dg-29	SRR7976299_22611	6450	0.991	0.000E+00	3684	0	3687	0	3680	3681	3686	0	0	7	100M2I15M1I1295M1I2271M
SRR7976299_dg-29	SRR6960549_19554	6449	0.992	0.000E+00	15	3684	3687	0	3666	3667	0	3686	0	7	3548M1I18M2I101M
SRR7976299_dg-29	SRR7976299_21351	6441	0.990	0.000E+00	3684	0	3687	0	3680	3681	3686	0	0	7	100M2I15M1I1295M1I2271M
SRR7976299_dg-29	SRR7976299_22732	6432	0.990	0.000E+00	3684	0	3687	0	3680	3681	3686	0	0	7	100M2I15M1I1295M1I2271M
SRR7976299_dg-29	SRR7976299_23519	6089	0.994	0.000E+00	3449	0	3687	569	4017	4018	3686	0	0	7	1178M1I2271M
SRR7976299_dg-29	SRR7976299_20517	4408	0.990	0.000E+00	1160	3684	3687	1311	3831	3832	0	3686	0	7	1107M1I1295M1I18M2I101M
SRR7976356_dg-346	SRR7976357_59521	6424	0.995	0.000E+00	11	3637	3638	1245	4871	4879	0	3637	0	9	3627M
SRR7976356_dg-346	SRR7976356_170596	4348	0.996	0.000E+00	2446	0	3638	129	2576	2577	3637	0	0	9	2135M1D312M
SRR5467090_dg-82	SRR5467090_12354	6831	0.998	0.000E+00	111	3937	3938	1216	5042	5043	0	3937	0	301	3827M
SRR5467090_dg-82	SRR6254984_13870	6809	0.997	0.000E+00	111	3937	3938	414	4240	4241	0	3937	0	301	3827M
SRR5467090_dg-82	SRR5466365_89821	6804	0.996	0.000E+00	111	3937	3938	132	3958	3960	0	3937	0	301	3827M
SRR5467090_dg-82	SRR6254984_64332	6804	0.996	0.000E+00	111	3937	3938	414	4240	4241	0	3937	0	301	3827M
SRR5467090_dg-82	SRR5467090_26030	6803	0.997	0.000E+00	111	3937	3938	1216	5042	5043	0	3937	0	301	3510M1I20M1D296M
SRR5467090_dg-82	SRR5466338_64345	6795	0.996	0.000E+00	111	3937	3938	339	4165	4166	0	3937	0	301	3827M
SRR5467090_dg-82	SRR5467090_83289	6781	0.995	0.000E+00	111	3937	3938	1216	5042	5043	0	3937	0	301	3510M1I20M1D296M
SRR5467090_dg-82	SRR6254984_72595	6767	0.994	0.000E+00	3937	112	3938	0	3825	4241	3937	0	0	301	3826M
SRR5467090_dg-82	SRR5466337_36159	6737	0.992	0.000E+00	111	3937	3938	115	3941	3947	0	3937	0	301	3827M
SRR5467090_dg-82	SRR5466337_108430	6733	0.992	0.000E+00	111	3937	3938	115	3941	3947	0	3937	0	301	3827M
SRR5467090_dg-82	SRR5466338_108730	6728	0.992	0.000E+00	111	3937	3938	177	4003	4004	0	3937	0	301	3827M
SRR5467090_dg-82	SRR5466728_42828	6695	0.990	0.000E+00	3937	112	3938	5	3830	3835	3937	0	0	301	3826M
SRR5467090_dg-82	SRR6253579_27066	6693	0.990	0.000E+00	111	3937	3938	268	4093	4094	0	3937	0	301	3287M1I539M
SRR5467090_dg-82	SRR5466365_111674	6375	0.995	0.000E+00	343	3937	3938	185	3779	3781	0	3937	0	301	3595M
SRR5467090_dg-82	SRR6255402_50398	6290	0.994	0.000E+00	3937	383	3938	0	3554	3652	3937	0	0	301	3555M
SRR5467090_dg-82	SRR5466338_101785	6268	0.997	0.000E+00	111	3630	3938	339	3858	8535	0	3937	0	301	3520M
SRR5467090_dg-82	SRR5466365_57941	6223	0.995	0.000E+00	111	3620	3938	132	3641	3735	0	3937	0	301	3510M
SRR5467090_dg-82	SRR6254351_60680	6159	0.994	0.000E+00	111	3592	3938	1	3482	5271	0	3937	0	301	3482M
SRR5467090_dg-82	SRR5466728_44039	6056	0.997	0.000E+00	536	3937	3938	1168	4569	4575	0	3937	0	301	3402M
SRR5467090_dg-82	SRR5467091_83375	5991	0.995	0.000E+00	111	3493	3938	2	3384	3940	0	3937	0	301	3383M
SRR5467090_dg-82	SRR5466365_158569	5562	0.996	0.000E+00	3937	807	3938	1	3131	3866	3937	0	0	301	3131M
SRR5467090_dg-82	SRR6254984_36113	5550	0.994	0.000E+00	801	3937	3938	149	3285	3286	0	3937	0	301	3137M
SRR5467090_dg-82	SRR5466337_105191	5487	0.996	0.000E+00	111	3197	3938	4	3090	4876	0	3937	0	301	3087M
SRR5467090_dg-82	SRR6254353_67878	5175	0.997	0.000E+00	1020	3924	3938	1730	4634	4635	0	3937	0	301	2905M
SRR5467090_dg-82	SRR5466365_132646	4987	0.995	0.000E+00	3621	807	3938	92	2906	3641	3937	0	0	301	2815M
SRR5467090_dg-82	SRR5466365_21832	4162	0.996	0.000E+00	111	2452	3938	132	2473	2520	0	3937	0	301	2342M
SRR5467090_dg-82	SRR5466365_139549	4160	0.996	0.000E+00	2453	112	3938	45	2387	2391	3937	0	0	301	1701M1D641M
SRR5467090_dg-82	SRR5466365_183159	4135	0.994	0.000E+00	2453	112	3938	45	2386	2520	3937	0	0	301	2342M
SRR5467090_dg-82	SRR5466728_68514	4077	0.998	0.000E+00	111	2395	3938	3	2287	2550	0	3937	0	301	2285M
SRR5467090_dg-82	SRR5466399_15055	4035	0.994	0.000E+00	2395	112	3938	91	2374	2377	3937	0	0	301	2284M
SRR5467090_dg-82	SRR5466365_186076	3746	0.996	0.000E+00	2453	344	3938	45	2154	2341	3937	0	0	301	2110M
SRR5467090_dg-82	SRR5466365_116140	3733	0.995	0.000E+00	345	2452	3938	843	2950	2997	0	3937	0	301	2108M
SRR5467090_dg-82	SRR6049586_69162	3683	0.998	0.000E+00	1873	3937	3938	1632	3696	3697	0	3937	0	301	2065M
SRR5467090_dg-82	SRR5466399_75023	3449	0.994	0.000E+00	2395	442	3938	644	2596	2597	3937	0	0	301	1885M1I68M
SRR5467090_dg-82	SRR5466365_148425	2930	0.996	0.000E+00	2453	807	3938	45	1691	2550	3937	0	0	301	1647M
SRR5467090_dg-82	SRR5466366_181634	2317	0.996	0.000E+00	2314	1009	3938	0	1306	2883	3937	0	0	301	12M1D1294M
SRR6255746_dg-105	SRR5466725_7655	7421	0.997	0.000E+00	0	4168	4169	0	4168	4188	0	4168	0	36	4169M
SRR6255746_dg-105	SRR5466725_66963	7372	0.994	0.000E+00	4168	0	4169	19	4187	4188	4168	0	0	36	4169M
SRR6255746_dg-105	SRR5466725_123464	5093	0.997	0.000E+00	2856	0	4169	737	3593	3594	4168	0	0	36	2857M
SRR7976301_dg-65	SRR7976301_918	7095	0.997	0.000E+00	0	3981	3982	0	3981	3982	0	3981	0	3	3982M
SRR7976301_dg-65	SRR7976310_1742	6802	0.995	0.000E+00	146	3981	3982	581	4416	4425	0	3981	0	3	3836M
SRR7976301_dg-65	SRR7976310_58897	6501	0.993	0.000E+00	297	3981	3982	138	3822	3831	0	3981	0	3	3685M
SRR7976301_dg-65	SRR7976310_76852	3673	0.994	0.000E+00	1903	3981	3982	2203	4281	4290	0	3981	0	3	2079M
SRR7976356_dg-356	SRR7976356_109845	6305	0.991	0.000E+00	3592	0	3593	0	3591	3607	3592	0	0	4	1315M1I2277M
SRR5467090_dg-84	SRR5467090_13224	6923	0.997	0.000E+00	0	3893	3894	0	3893	3912	0	3893	0	1	97M1D11M1I3785M
SRR5467090_dg-84	SRR5467090_9933	6879	0.994	0.000E+00	0	3893	3894	0	3893	3912	0	3893	0	1	97M1D11M1I3785M
SRR5467090_dg-84	SRR5467091_39948	6442	0.997	0.000E+00	274	3893	3894	186	3805	3806	0	3893	0	1	3620M
SRR6255746_dg-109	SRR5466725_26461	7305	0.998	0.000E+00	4093	0	4095	0	4093	4095	4094	0	0	3	4094M
SRR6255746_dg-109	SRR5466725_61062	7274	0.996	0.000E+00	4093	0	4095	0	4093	4095	4094	0	0	3	4094M
SRR6255746_dg-109	SRR5466729_86292	7248	0.996	0.000E+00	4092	7	4095	0	4083	4084	4094	0	0	3	1514M2I2570M
SRR6255746_dg-109	SRR7976310_27580	7103	0.993	0.000E+00	4093	68	4095	0	4025	4122	4094	0	0	3	4026M
SRR6255746_dg-109	SRR5466727_25224	7097	0.995	0.000E+00	4002	0	4095	108	4110	4112	4094	0	0	3	4003M
SRR6255746_dg-109	SRR5466729_121629	5403	0.995	0.000E+00	1043	4092	4095	2194	5243	5244	0	4094	0	3	3050M
SRR6255746_dg-109	SRR5466723_24831	4803	0.992	0.000E+00	4092	1363	4095	0	2729	2961	4094	0	0	3	2730M
SRR6255746_dg-109	SRR5466729_107208	4781	0.996	0.000E+00	1399	4092	4095	95	2786	2787	0	4094	0	3	1176M2I1516M
SRR6255746_dg-109	SRR6255733_36021	4682	0.994	0.000E+00	4093	1441	4095	0	2652	7773	4094	0	0	3	538M1D7M1I2107M
SRR6255746_dg-109	SRR5466723_32223	4468	0.996	0.000E+00	3518	999	4095	272	2790	2791	4094	0	0	3	2487M1I32M
SRR7976301_dg-74	SRR7976310_2	6852	0.997	0.000E+00	0	3845	3850	0	3845	3871	0	3849	0	10	3846M
SRR7976301_dg-74	SRR6960549_7499	4908	0.996	0.000E+00	3	2768	3850	0	2765	3169	0	3849	0	10	2766M
SRR7976301_dg-74	SRR7976310_15081	4807	0.997	0.000E+00	2699	0	3850	267	2966	2967	3849	0	0	10	2700M
SRR7976356_dg-361	SRR7976356_7630	6380	0.998	0.000E+00	0	3569	3570	0	3569	3592	0	3569	0	3	3570M
SRR7976356_dg-361	SRR6960803_104615	5028	0.998	0.000E+00	752	3569	3570	95	2912	2918	0	3569	0	3	2818M
SRR5467090_dg-93	SRR5466728_11029	6735	0.996	0.000E+00	0	3790	3802	760	4550	4555	0	3801	0	2	3791M
SRR5467090_dg-93	SRR5466728_22587	6593	0.998	0.000E+00	101	3794	3802	505	4198	4199	0	3801	0	2	3694M
SRR5467090_dg-93	SRR5467091_43062	5581	0.995	0.000E+00	647	3793	3802	714	3860	3861	0	3801	0	2	3147M
SRR5467090_dg-93	SRR5467090_32502	4892	0.996	0.000E+00	2751	0	3802	2618	5369	5370	3801	0	0	2	2752M
SRR5467090_dg-93	SRR5467091_34789	4709	0.996	0.000E+00	0	2649	3802	0	2649	2955	0	3801	0	2	2650M
SRR5467090_dg-93	SRR5467090_53666	3854	0.995	0.000E+00	0	2172	3802	0	2172	2446	0	3801	0	2	2173M
SRR5467090_dg-93	SRR5466728_75158	2451	0.997	0.000E+00	2884	1508	3802	2833	4209	4210	3801	0	0	2	1377M
SRR6255746_dg-111	SRR5466729_42421	7245	0.998	0.000E+00	4063	1	4064	1	4063	4085	4063	0	0	7	4063M
SRR6255746_dg-111	SRR6255746_24306	7068	0.998	0.000E+00	3962	1	4064	670	4631	4640	4063	0	0	7	3962M
SRR6255746_dg-111	SRR5466727_33477	6697	0.998	0.000E+00	3752	1	4064	683	4434	4454	4063	0	0	7	3752M
SRR6255746_dg-111	SRR6255746_32984	2844	0.995	0.000E+00	2836	1232	4064	729	2334	2335	4063	0	0	7	1419M1D186M
SRR6255746_dg-111	SRR6255746_41730	2833	0.994	0.000E+00	1232	2835	4064	0	1604	2483	0	4063	0	7	180M1D1424M
SRR7976325_dg-50	SRR7976325_6417	6740	0.995	0.000E+00	3800	0	3801	8	3808	3809	3800	0	0	301	3801M
SRR5467139_dg-14	SRR7473382_9107	7138	0.994	0.000E+00	4036	1	4038	0	4035	4042	4037	0	0	1	4036M
SRR5467139_dg-14	SRR5467139_1648	7124	0.993	0.000E+00	4037	0	4038	0	4037	4038	4037	0	0	1	4038M
SRR5467139_dg-14	SRR5467140_9663	7119	0.993	0.000E+00	4036	2	4038	0	4034	4048	4037	0	0	1	4035M
SRR5467139_dg-14	SRR6050738_9178	7104	0.992	0.000E+00	4037	1	4038	2	4038	4040	4037	0	0	1	4037M
SRR5467139_dg-14	SRR6050738_7288	7060	0.990	0.000E+00	4037	1	4038	2	4038	4040	4037	0	0	1	4037M
SRR5467139_dg-14	SRR5208575_11995	7025	0.991	0.000E+00	4036	27	4038	0	4009	4010	4037	0	0	1	4010M
SRR5467139_dg-14	SRR5467139_15471	5971	0.991	0.000E+00	4037	631	4038	0	3401	3402	4037	0	0	1	2540M5I862M
SRR6960797_dg-100	SRR6960551_18400	6333	0.995	0.000E+00	0	3576	3579	10	3586	3587	0	3578	0	7	606M1D5M1I2965M
SRR6960797_dg-100	SRR6960797_84355	6293	0.992	0.000E+00	3578	0	3579	0	3578	3579	3578	0	0	7	3579M
SRR7976325_dg-51	SRR6960799_26460	6712	0.995	0.000E+00	0	3787	3788	36	3823	3873	0	3787	0	2	3788M
SRR6960797_dg-103	SRR6960551_7492	6186	0.993	0.000E+00	0	3511	3512	0	3511	3526	0	3511	0	1	3512M
SRR6960797_dg-103	SRR6960551_4572	6177	0.992	0.000E+00	0	3511	3512	0	3511	3526	0	3511	0	1	3512M
SRR6960797_dg-103	SRR6960551_114641	6155	0.991	0.000E+00	3511	0	3512	14	3525	3526	3511	0	0	1	3512M
SRR7976325_dg-53	SRR7976325_4549	6633	0.994	0.000E+00	0	3748	3749	0	3748	3764	0	3748	0	3	3749M
SRR7976325_dg-42	SRR6960799_10281	6946	0.994	0.000E+00	3926	0	3927	1	3927	3928	3926	0	0	301	356M2D12M2I3557M
SRR6960797_dg-88	SRR6960509_178499	6580	0.994	0.000E+00	3728	2	3730	2	3728	3729	3729	0	0	1	3727M
SRR6960797_dg-88	SRR6960509_2388	6466	0.993	0.000E+00	65	3727	3730	44	3706	3710	0	3729	0	1	3663M
SRR6960797_dg-88	SRR6960551_105002	6454	0.993	0.000E+00	3726	66	3730	0	3659	3704	3729	0	0	1	3440M1I220M
SRR6960797_dg-88	SRR6960509_43685	6448	0.992	0.000E+00	65	3727	3730	44	3706	3710	0	3729	0	1	3663M
SRR6960797_dg-88	SRR6960797_54748	5977	0.992	0.000E+00	65	3464	3730	43	3442	6106	0	3729	0	1	3400M
SRR7976310_dg-144	SRR7976301_8886	6129	0.996	0.000E+00	3450	1	3451	2	3451	3452	3450	0	0	5	3450M
SRR7976310_dg-144	SRR7976310_80923	6068	0.992	0.000E+00	3450	0	3451	0	3450	3451	3450	0	0	5	3451M
SRR7976325_dg-43	SRR7976325_28138	6955	0.997	0.000E+00	3900	0	3901	0	3900	3901	3900	0	0	2	3901M
SRR5467139_dg-12	SRR6050482_4491	7670	0.997	0.000E+00	4304	0	4305	3	4307	4315	4304	0	0	1	4305M
SRR6254984_dg-65	SRR6254984_16826	7117	0.996	0.000E+00	4008	0	4009	214	4222	4223	4008	0	0	1	4009M
SRR6254984_dg-65	SRR6254352_52558	6915	0.996	0.000E+00	3898	2	4009	0	3896	3906	4008	0	0	1	1231M1D915M1I1750M
SRR6254984_dg-65	SRR6255520_51226	6802	0.996	0.000E+00	3830	0	4009	1426	5256	5259	4008	0	0	1	3831M
SRR6254984_dg-65	SRR5466365_54661	6609	0.997	0.000E+00	3896	184	4009	0	3712	5984	4008	0	0	1	3713M
SRR6254984_dg-65	SRR5466338_57077	6599	0.997	0.000E+00	187	3896	4009	3736	7445	7446	0	4008	0	1	3710M
SRR6254984_dg-65	SRR5466337_111835	6501	0.995	0.000E+00	3672	0	4009	637	4309	4346	4008	0	0	1	3673M
SRR6254984_dg-65	SRR5466365_135746	6434	0.996	0.000E+00	3896	279	4009	0	3617	4514	4008	0	0	1	3618M
SRR6254984_dg-65	SRR5466365_129797	6428	0.996	0.000E+00	3896	279	4009	0	3617	4232	4008	0	0	1	531M2D14M2I3071M
SRR6254984_dg-65	SRR6253579_94923	6418	0.995	0.000E+00	1	3624	4009	1	3624	6307	0	4008	0	1	3624M
SRR6254984_dg-65	SRR6254353_23767	6407	0.995	0.000E+00	3614	0	4009	137	3750	3751	4008	0	0	1	3192M1I422M
SRR6254984_dg-65	SRR6254353_86399	6389	0.996	0.000E+00	3896	302	4009	0	3594	5675	4008	0	0	1	3595M
SRR6254984_dg-65	SRR6254353_91054	6377	0.998	0.000E+00	3896	326	4009	0	3570	3729	4008	0	0	1	3571M
SRR6254984_dg-65	SRR6255402_11842	6370	0.995	0.000E+00	3600	4	4009	168	3764	3767	4008	0	0	1	3597M
SRR6254984_dg-65	SRR5466369_148118	6284	0.995	0.000E+00	3544	0	4009	149	3694	3695	4008	0	0	1	1792M1D1753M
SRR6254984_dg-65	SRR6255513_33879	5880	0.995	0.000E+00	3320	5	4009	2819	6134	6137	4008	0	0	1	3316M
SRR6254984_dg-65	SRR6254351_30523	5574	0.997	0.000E+00	3896	769	4009	0	3127	3932	4008	0	0	1	3128M
SRR6254984_dg-65	SRR6254351_25248	5567	0.997	0.000E+00	3896	768	4009	0	3128	4944	4008	0	0	1	3129M
SRR6254984_dg-65	SRR6253256_67494	5316	0.996	0.000E+00	908	3896	4009	863	3851	3852	0	4008	0	1	2989M
SRR6254984_dg-65	SRR6255520_5198	5292	0.995	0.000E+00	2986	0	4009	1994	4978	4981	4008	0	0	1	854M2I2131M
SRR6254984_dg-65	SRR5466366_81130	4837	0.997	0.000E+00	3898	1180	4009	2	2720	3097	4008	0	0	1	2719M
SRR6254984_dg-65	SRR6049586_102878	4485	0.997	0.000E+00	1376	3896	4009	87	2608	2609	0	4008	0	1	456M1D2065M
SRR6254984_dg-65	SRR5466365_89197	4459	0.996	0.000E+00	3896	1384	4009	0	2512	7285	4008	0	0	1	2513M
SRR6254984_dg-65	SRR5466338_8038	3959	0.996	0.000E+00	3896	1668	4009	0	2228	2608	4008	0	0	1	2229M
SRR6254984_dg-65	SRR6255513_50773	3720	0.996	0.000E+00	3896	1804	4009	0	2092	2211	4008	0	0	1	2093M
SRR6960797_dg-95	SRR6960509_41031	6477	0.996	0.000E+00	0	3641	3643	31	3672	3673	0	3642	0	24	3642M
SRR7976310_dg-147	SRR7976310_94894	6109	0.997	0.000E+00	3433	0	3434	0	3433	3434	3433	0	0	1	3434M
SRR7976310_dg-147	SRR6960549_4423	6034	0.995	0.000E+00	12	3418	3434	1488	4894	4896	0	3433	0	1	3407M
SRR7976310_dg-147	SRR7976310_31319	6028	0.992	0.000E+00	0	3432	3434	0	3430	3431	0	3433	0	1	1272M1I961M1D1162M2I35M
SRR7976310_dg-147	SRR6960549_4369	6028	0.994	0.000E+00	12	3421	3434	1497	4904	4905	0	3433	0	1	3384M2I24M
SRR7976310_dg-147	SRR7976310_114919	4214	0.996	0.000E+00	2374	0	3434	237	2612	2613	3433	0	0	1	135M1D2240M
SRR5466723_dg-111	SRR6255733_16126	6608	0.993	0.000E+00	1	3745	3749	0	3744	3745	0	3748	0	301	3745M
SRR5466723_dg-111	SRR5466729_22922	6585	0.992	0.000E+00	3748	2	3749	44	3790	4007	3748	0	0	301	3747M
SRR5466723_dg-111	SRR5466723_29391	6579	0.992	0.000E+00	0	3745	3749	0	3744	3745	0	3748	0	301	1552M1I2193M
SRR5466723_dg-111	SRR6255746_39972	6576	0.991	0.000E+00	1	3747	3749	0	3746	3747	0	3748	0	301	3747M
SRR5466723_dg-111	SRR6255746_23917	6571	0.991	0.000E+00	1	3747	3749	0	3746	3747	0	3748	0	301	3747M
SRR5466723_dg-111	SRR6255746_39436	6558	0.990	0.000E+00	1	3747	3749	0	3746	3747	0	3748	0	301	3747M
SRR5466723_dg-111	SRR6255746_12430	6558	0.990	0.000E+00	1	3747	3749	0	3746	3747	0	3748	0	301	3747M
SRR5466723_dg-111	SRR6255746_41472	6553	0.990	0.000E+00	1	3747	3749	0	3746	3747	0	3748	0	301	3747M
SRR5466723_dg-111	SRR5466725_111130	6031	0.991	0.000E+00	3746	309	3749	0	3437	3438	3748	0	0	301	3438M
SRR5466723_dg-111	SRR5466723_39135	5970	0.992	0.000E+00	352	3745	3749	2046	5439	5440	0	3748	0	301	3394M
SRR5466723_dg-111	SRR6255746_26091	5966	0.990	0.000E+00	3747	334	3749	0	3413	3414	3748	0	0	301	3414M
SRR5466723_dg-111	SRR5466723_42631	4793	0.993	0.000E+00	2718	0	3749	0	2717	2718	3748	0	0	301	42M1I2676M
SRR5466723_dg-111	SRR5466727_72853	4721	0.992	0.000E+00	1	2687	3749	187	2873	3735	0	3748	0	301	2687M
SRR6255733_dg-89	SRR6255746_19612	6891	0.995	0.000E+00	0	3886	3887	11	3895	3896	0	3886	0	13	63M2I3822M
SRR6255733_dg-89	SRR6255746_36913	6882	0.995	0.000E+00	0	3886	3887	11	3895	3896	0	3886	0	13	63M2I3822M
SRR6255733_dg-89	SRR6255733_54148	6878	0.995	0.000E+00	3886	0	3887	0	3884	3886	3886	0	0	13	3822M2I63M
SRR6255733_dg-89	SRR6255746_1229	6878	0.995	0.000E+00	0	3886	3887	11	3895	3896	0	3886	0	13	63M2I3822M
SRR6255733_dg-89	SRR6255733_40579	6860	0.994	0.000E+00	0	3886	3887	1	3885	3886	0	3886	0	13	63M2I3822M
SRR6255733_dg-89	SRR6255746_1844	6860	0.994	0.000E+00	0	3886	3887	11	3895	3896	0	3886	0	13	63M2I3822M
SRR6255733_dg-89	SRR6255733_23619	6855	0.993	0.000E+00	0	3886	3887	1	3885	3886	0	3886	0	13	63M2I3822M
SRR6255733_dg-89	SRR5466729_29088	6845	0.994	0.000E+00	0	3875	3887	10	3883	3884	0	3886	0	13	63M2I3811M
SRR6255733_dg-89	SRR5466725_48438	6845	0.994	0.000E+00	0	3875	3887	12	3885	3886	0	3886	0	13	63M2I3811M
SRR6255733_dg-89	SRR5466723_26707	6827	0.993	0.000E+00	0	3875	3887	3	3876	3877	0	3886	0	13	63M2I3811M
SRR6255733_dg-89	SRR5466725_140203	6822	0.993	0.000E+00	3875	0	3887	0	3873	3886	3886	0	0	13	3811M2I63M
SRR6255733_dg-89	SRR5466725_114522	6813	0.992	0.000E+00	0	3875	3887	12	3885	3886	0	3886	0	13	63M2I3811M
SRR6255733_dg-89	SRR5466727_45288	6807	0.994	0.000E+00	3872	18	3887	0	3852	3853	3886	0	0	13	3808M2I45M
SRR6255733_dg-89	SRR5466729_82300	6802	0.993	0.000E+00	19	3875	3887	0	3853	3854	0	3886	0	13	43M3I3811M
SRR6255733_dg-89	SRR5466725_75207	6787	0.991	0.000E+00	0	3875	3887	12	3884	3885	0	3886	0	13	63M2I2061M1I1749M
SRR6255733_dg-89	SRR5466727_45289	6785	0.992	0.000E+00	16	3872	3887	0	3853	3854	0	3886	0	13	46M3I3808M
SRR6255733_dg-89	SRR5466727_9885	6765	0.991	0.000E+00	18	3872	3887	0	3854	3855	0	3886	0	13	3855M
SRR6255733_dg-89	SRR5466727_79545	6744	0.990	0.000E+00	3872	18	3887	0	3852	3853	3886	0	0	13	3808M2I45M
SRR6255733_dg-89	SRR5466725_112680	6621	0.991	0.000E+00	0	3775	3887	12	3785	3786	0	3886	0	13	63M2I3711M
SRR6255733_dg-89	SRR5466723_59591	6455	0.990	0.000E+00	3689	0	3887	0	3685	3689	3886	0	0	13	255M2I3368M2I63M
SRR6255733_dg-89	SRR5466725_5051	5422	0.994	0.000E+00	3875	808	3887	0	3067	10960	3886	0	0	13	3068M
SRR6255733_dg-89	SRR5466727_50254	4742	0.991	0.000E+00	2	2706	3887	0	2702	2795	0	3886	0	13	61M2I2642M
SRR6255733_dg-89	SRR6255733_47961	4406	0.991	0.000E+00	3196	686	3887	0	2510	2602	3886	0	0	13	2511M
SRR6255733_dg-89	SRR6255733_54544	4151	0.990	0.000E+00	2371	0	3887	201	2569	2570	3886	0	0	13	2307M3I62M
SRR7976299_dg-14	SRR7976299_8223	7237	0.998	0.000E+00	0	4055	4056	0	4055	4640	0	4055	0	24	4056M
SRR7976299_dg-14	SRR7976299_6507	7232	0.998	0.000E+00	0	4055	4056	0	4055	4530	0	4055	0	24	4056M
SRR7976299_dg-14	SRR7976299_19072	7228	0.997	0.000E+00	0	4055	4056	0	4055	4836	0	4055	0	24	4056M
SRR7976299_dg-14	SRR6960549_6950	7008	0.997	0.000E+00	90	4020	4056	116	4046	4047	0	4055	0	24	3931M
SRR7976356_dg-312	SRR6960803_21069	6710	0.994	0.000E+00	1	3797	3798	0	3796	3846	0	3797	0	4	3797M
SRR7976356_dg-312	SRR6960803_1217	6697	0.993	0.000E+00	1	3797	3798	0	3796	3846	0	3797	0	4	3797M
SRR5466728_dg-45	SRR5467090_57352	7641	0.995	0.000E+00	6	4314	4316	91	4399	4400	0	4315	0	2	4309M
SRR5466728_dg-45	SRR5466365_12533	7590	0.995	0.000E+00	1	4283	4316	104	4386	4387	0	4315	0	2	4283M
SRR5466728_dg-45	SRR5466369_73051	7160	0.997	0.000E+00	257	4279	4316	1296	5318	5319	0	4315	0	2	4023M
SRR5466728_dg-45	SRR5466369_41440	7155	0.997	0.000E+00	257	4279	4316	7774	11796	11797	0	4315	0	2	4023M
SRR5466728_dg-45	SRR5466366_87184	5822	0.995	0.000E+00	971	4259	4316	287	3575	3576	0	4315	0	2	3289M
SRR5466728_dg-45	SRR6254353_86370	5708	0.996	0.000E+00	4277	1063	4316	0	3214	3444	4315	0	0	2	3215M
SRR5466728_dg-45	SRR5467090_369	5385	0.998	0.000E+00	0	3019	4316	85	3104	3503	0	4315	0	2	3020M
SRR6255733_dg-96	SRR5466727_46344	6810	0.995	0.000E+00	3842	0	3843	0	3842	3845	3842	0	0	7	3843M
SRR6255733_dg-96	SRR5466729_78426	5903	0.996	0.000E+00	137	3462	3843	0	3324	3752	0	3842	0	7	225M1I3100M
SRR6255733_dg-96	SRR5466729_97289	4696	0.994	0.000E+00	1185	3842	3843	67	2724	2725	0	3842	0	7	2658M
SRR6255733_dg-96	SRR5466723_49036	4137	0.997	0.000E+00	1520	3842	3843	263	2585	2588	0	3842	0	7	2323M
SRR6255733_dg-96	SRR5466725_58599	4080	0.996	0.000E+00	1544	3842	3843	33	2331	2332	0	3842	0	7	2299M
SRR7976299_dg-24	SRR7976299_24	6673	0.995	0.000E+00	0	3765	3766	0	3765	3766	0	3765	0	5	3766M
SRR7976356_dg-324	SRR7976356_21509	6683	0.998	0.000E+00	3746	0	3747	60	3806	3807	3746	0	0	1	3747M
SRR6255733_dg-99	SRR5466727_13751	6794	0.997	0.000E+00	0	3813	3814	2	3815	3824	0	3813	0	1	3814M
SRR6255733_dg-99	SRR5466729_37359	6682	0.995	0.000E+00	43	3813	3814	273	4043	4053	0	3813	0	1	3771M
SRR6255733_dg-99	SRR6255733_27459	5422	0.997	0.000E+00	771	3813	3814	250	3292	3293	0	3813	0	1	3043M
SRR6050698_dg-44	SRR5208572_22927	6304	0.994	0.000E+00	0	3565	3567	3	3568	3569	0	3566	0	301	134M1I2017M1D1414M
SRR6050698_dg-44	SRR6050738_10305	6286	0.994	0.000E+00	0	3555	3567	1	3557	3559	0	3566	0	301	95M1D3461M
SRR6255402_dg-86	SRR6255402_31532	7351	0.995	0.000E+00	0	4146	4147	349	4495	4496	0	4146	0	2	4147M
SRR6255402_dg-86	SRR6255520_16216	7160	0.997	0.000E+00	125	4146	4147	2	4024	4035	0	4146	0	2	2942M1I6M1D666M1D407M
SRR6255402_dg-86	SRR6253161_101806	7117	0.996	0.000E+00	4146	143	4147	14	4017	5454	4146	0	0	2	4004M
SRR6255402_dg-86	SRR5466365_11117	6362	0.997	0.000E+00	577	4146	4147	365	3934	3935	0	4146	0	2	3570M
SRR6255402_dg-86	SRR6255402_25890	6360	0.997	0.000E+00	4146	578	4147	0	3568	3675	4146	0	0	2	3569M
SRR6255402_dg-86	SRR5466365_52975	6353	0.997	0.000E+00	577	4146	4147	363	3932	3933	0	4146	0	2	3570M
SRR6255402_dg-86	SRR6253256_7333	6219	0.997	0.000E+00	654	4146	4147	253	3745	3746	0	4146	0	2	3493M
SRR6255402_dg-86	SRR5466364_155860	6217	0.997	0.000E+00	4146	653	4147	0	3493	3619	4146	0	0	2	3494M
SRR6255402_dg-86	SRR6253579_74488	5869	0.998	0.000E+00	126	3410	4147	0	3284	7078	0	4146	0	2	3285M
SRR6255402_dg-86	SRR6254353_86262	5820	0.997	0.000E+00	877	4146	4147	1008	4277	4279	0	4146	0	2	3270M
SRR6255402_dg-86	SRR5466338_47502	3242	0.996	0.000E+00	1213	3040	4147	460	2286	2287	0	4146	0	2	1779M1I48M
SRR6960797_dg-105	SRR6960551_8874	6115	0.996	0.000E+00	0	3447	3448	10	3457	3467	0	3447	0	11	1318M1D2096M1I33M
SRR6960797_dg-105	SRR6960551_16410	5673	0.995	0.000E+00	245	3447	3448	1688	4889	4900	0	3447	0	11	1073M1D2096M2I32M
SRR6960797_dg-105	SRR6960509_44469	3896	0.993	0.000E+00	0	2209	3448	0	2210	2318	0	3447	0	11	1318M1D892M
SRR7976325_dg-63	SRR6960799_16015	6318	0.996	0.000E+00	0	3557	3558	2	3559	3560	0	3557	0	3	3558M
SRR7976325_dg-63	SRR6960799_105943	6291	0.994	0.000E+00	3557	0	3558	0	3557	3560	3557	0	0	3	3558M
SRR7976325_dg-63	SRR7976326_34235	5262	0.997	0.000E+00	3	2958	3558	0	2955	3623	0	3557	0	3	2956M
SRR6254352_dg-262	SRR5466369_98462	7111	0.998	0.000E+00	0	3983	3986	1407	5391	5392	0	3985	0	3	2549M1D1435M
SRR6254352_dg-262	SRR5466337_9426	7086	0.997	0.000E+00	0	3977	3986	88	4066	4067	0	3985	0	3	1499M1D2479M
SRR6254352_dg-262	SRR6253579_14482	6985	0.997	0.000E+00	3	3920	3986	0	3917	4491	0	3985	0	3	3918M
SRR6254352_dg-262	SRR6253579_32007	6306	0.998	0.000E+00	3	3534	3986	0	3531	3909	0	3985	0	3	1495M1D18M1I2018M
SRR6254352_dg-262	SRR6254351_60814	5957	0.998	0.000E+00	635	3973	3986	306	3644	3645	0	3985	0	3	3339M
SRR6254352_dg-262	SRR6254353_44883	5774	0.993	0.000E+00	694	3973	3986	1600	4876	4877	0	3985	0	3	954M2I78M1I2192M1D3M3D13M4I33M
SRR6254352_dg-262	SRR6254893_45433	5669	0.997	0.000E+00	797	3983	3986	96	3283	3284	0	3985	0	3	702M1D2485M
SRR6254352_dg-262	SRR6254351_91435	5178	0.998	0.000E+00	2898	2	3986	1343	4239	4240	3985	0	0	3	2897M
SRR6254352_dg-262	SRR6254351_58001	5163	0.997	0.000E+00	2	2897	3986	0	2895	3287	0	3985	0	3	2896M
SRR6254352_dg-262	SRR6254893_10077	4413	0.995	0.000E+00	2491	1	3986	265	2756	2757	3985	0	0	3	987M1D1504M
SRR7976295_dg-15	SRR6960507_35447	6674	0.997	0.000E+00	3746	0	3747	0	3746	3760	3746	0	0	10	3747M
SRR7976295_dg-15	SRR7976295_1273	6226	0.998	0.000E+00	0	3483	3747	0	3483	4040	0	3746	0	10	3484M
SRR7976295_dg-15	SRR7976300_41470	5872	0.998	0.000E+00	3746	457	3747	0	3286	3443	3746	0	0	10	1338M3I1949M
SRR7976295_dg-15	SRR6960507_3779	5714	0.998	0.000E+00	3200	0	3747	193	3393	3407	3746	0	0	10	3201M
SRR7976295_dg-15	SRR7976295_13329	5197	0.999	0.000E+00	842	3746	3747	3189	6093	6094	0	3746	0	10	2905M
SRR7976295_dg-15	SRR7976295_1475	5175	0.997	0.000E+00	842	3746	3747	3710	6614	6615	0	3746	0	10	2905M
SRR7976325_dg-68	SRR6960799_81187	6209	0.996	0.000E+00	3497	0	3498	38	3536	3537	3497	0	0	6	2210M1D1288M
SRR6255520_dg-73	SRR6254353_12366	5154	0.991	0.000E+00	0	2935	3763	0	2935	3759	0	3762	0	1	2936M
SRR6255520_dg-73	SRR5466338_49829	5141	0.990	0.000E+00	0	2935	3763	1	2936	3758	0	3762	0	1	2936M
SRR7976299_dg-9	SRR7976299_1479	7785	0.998	0.000E+00	4356	0	4357	285	4641	4665	4356	0	0	301	4357M
SRR6960802_dg-191	SRR6960802_1388	6849	0.998	0.000E+00	3831	0	3832	0	3831	3832	3831	0	0	1	3832M
SRR6960802_dg-191	SRR7976324_65573	5289	0.997	0.000E+00	2972	2	3832	101	3071	3072	3831	0	0	1	2971M
SRR6960802_dg-191	SRR7976324_48140	4775	0.997	0.000E+00	3827	1146	3832	0	2681	2810	3831	0	0	1	2682M
SRR6254352_dg-311	SRR6254353_3430	6373	0.996	0.000E+00	3583	0	3584	31	3614	3615	3583	0	0	3	3584M
SRR6254352_dg-311	SRR6255513_584	6157	0.997	0.000E+00	3466	6	3584	793	4253	4254	3583	0	0	3	3461M
SRR6254352_dg-311	SRR6255513_12088	6149	0.996	0.000E+00	3466	6	3584	553	4013	4014	3583	0	0	3	3461M
SRR6254352_dg-311	SRR5466369_2367	4982	0.997	0.000E+00	3583	784	3584	5	2804	2994	3583	0	0	3	2800M
SRR6254352_dg-311	SRR6254984_61753	4864	0.996	0.000E+00	2744	6	3584	144	2882	2883	3583	0	0	3	2739M
SRR6254352_dg-311	SRR5466337_123908	4378	0.997	0.000E+00	3583	1124	3584	31	2490	2847	3583	0	0	3	2460M
SRR6255733_dg-72	SRR5466727_29990	7533	0.997	0.000E+00	4226	0	4227	90	4317	4318	4226	0	0	6	558M1D3669M
SRR6255733_dg-72	SRR6255733_55410	7449	0.996	0.000E+00	30	4226	4227	54	4250	4251	0	4226	0	6	4197M
SRR7976299_dg-12	SRR7976299_16718	7374	0.998	0.000E+00	0	4134	4137	0	4134	4135	0	4136	0	2	4135M
SRR6960802_dg-208	SRR7976323_52885	6528	0.990	0.000E+00	1	3733	3734	0	3732	3741	0	3733	0	1	3733M
SRR6960802_dg-208	SRR7976323_58350	6524	0.990	0.000E+00	1	3733	3734	0	3732	3741	0	3733	0	1	3733M
SRR6960802_dg-208	SRR6960802_102262	5435	0.990	0.000E+00	620	3733	3734	0	3111	3112	0	3733	0	1	197M1I1154M1I1761M
SRR5466723_dg-87	SRR5466725_23549	7203	0.996	0.000E+00	4054	1	4055	139	4194	4195	4054	0	0	3	2247M2D1807M
SRR5466723_dg-87	SRR5466725_138005	7193	0.996	0.000E+00	1	4054	4055	0	4053	4061	0	4054	0	3	4054M
SRR6255733_dg-75	SRR5466725_36196	7497	0.999	0.000E+00	0	4190	4191	1	4191	4235	0	4190	0	2	4191M
SRR6255733_dg-75	SRR5466723_16930	6391	0.996	0.000E+00	592	4190	4191	1461	5059	5102	0	4190	0	2	3599M
SRR6255733_dg-75	SRR5466723_32119	6391	0.996	0.000E+00	592	4190	4191	2166	5764	5807	0	4190	0	2	3599M
SRR6255733_dg-75	SRR5466729_23964	5777	0.996	0.000E+00	0	3248	4191	0	3244	5739	0	4190	0	2	840M4I2405M
SRR7976299_dg-13	SRR7976299_1458	7237	0.997	0.000E+00	0	4060	4061	0	4060	4061	0	4060	0	4	4061M
SRR7976356_dg-295	SRR7976356_3833	6911	0.993	0.000E+00	3918	0	3919	0	3918	3919	3918	0	0	1	3919M
SRR7976356_dg-295	SRR7976357_83848	6844	0.991	0.000E+00	3910	12	3919	0	3898	3899	3918	0	0	1	3899M
SRR7976325_dg-39	SRR7976325_4896	7142	0.997	0.000E+00	0	4012	4013	0	4012	4026	0	4012	0	301	4013M
SRR7976325_dg-39	SRR7976325_58044	6620	0.996	0.000E+00	0	3728	4013	0	3728	5589	0	4012	0	301	3729M
SRR7976325_dg-39	SRR7976325_97259	5234	0.994	0.000E+00	2957	0	4013	525	3482	3483	4012	0	0	301	2958M
SRR5208574_dg-19	SRR5208574_5969	6810	0.994	0.000E+00	0	3849	3850	0	3849	3850	0	3849	0	3	3850M
SRR5208574_dg-19	SRR7473382_49227	6780	0.994	0.000E+00	0	3835	3850	5	3840	3859	0	3849	0	3	3836M
SRR5208574_dg-19	SRR7473382_7458	6773	0.994	0.000E+00	0	3836	3850	5	3841	3861	0	3849	0	3	3837M
SRR5208574_dg-19	SRR7473382_919	6764	0.993	0.000E+00	0	3836	3850	5	3841	3861	0	3849	0	3	3837M
SRR5208574_dg-19	SRR7473382_27385	6750	0.992	0.000E+00	0	3836	3850	5	3841	3861	0	3849	0	3	3837M
SRR5208574_dg-19	SRR7473382_32617	6750	0.992	0.000E+00	0	3836	3850	5	3841	3862	0	3849	0	3	3837M
SRR5208574_dg-19	SRR5208572_5915	6748	0.993	0.000E+00	0	3827	3850	0	3827	3828	0	3849	0	3	3828M
SRR5208574_dg-19	SRR6050698_3350	6738	0.990	0.000E+00	3849	0	3850	1	3850	3851	3849	0	0	3	3850M
SRR5208574_dg-19	SRR6050738_26688	6733	0.991	0.000E+00	0	3836	3850	0	3836	3852	0	3849	0	3	3837M
SRR5208574_dg-19	SRR7473382_121695	6733	0.991	0.000E+00	3836	0	3850	17	3853	3859	3849	0	0	3	3837M
SRR5208574_dg-19	SRR6050716_6	6733	0.991	0.000E+00	0	3836	3850	1	3837	3861	0	3849	0	3	3837M
SRR5208574_dg-19	SRR7473382_472	6733	0.991	0.000E+00	0	3836	3850	5	3841	3862	0	3849	0	3	3837M
SRR5208574_dg-19	SRR5467140_19063	6731	0.991	0.000E+00	0	3835	3850	0	3835	3851	0	3849	0	3	3836M
SRR5208574_dg-19	SRR5208574_4715	6729	0.990	0.000E+00	0	3849	3850	0	3849	3850	0	3849	0	3	3850M
SRR5208574_dg-19	SRR6050716_3560	6728	0.991	0.000E+00	0	3836	3850	1	3837	3861	0	3849	0	3	3837M
SRR5208574_dg-19	SRR7473382_57372	6728	0.991	0.000E+00	0	3836	3850	5	3841	3862	0	3849	0	3	3837M
SRR5208574_dg-19	SRR7473382_51581	6724	0.991	0.000E+00	0	3836	3850	5	3841	3862	0	3849	0	3	3837M
SRR5208574_dg-19	SRR6050482_551	6710	0.992	0.000E+00	2	3818	3850	0	3816	3817	0	3849	0	3	3817M
SRR5208574_dg-19	SRR6050738_286	6710	0.990	0.000E+00	0	3836	3850	0	3836	3852	0	3849	0	3	3837M
SRR5208574_dg-19	SRR6050716_13772	6710	0.990	0.000E+00	0	3836	3850	1	3837	3861	0	3849	0	3	3837M
SRR5208574_dg-19	SRR7473382_21228	6710	0.990	0.000E+00	0	3836	3850	5	3841	3862	0	3849	0	3	3837M
SRR5208574_dg-19	SRR7473382_31069	6710	0.990	0.000E+00	0	3836	3850	5	3841	3862	0	3849	0	3	3837M
SRR5208574_dg-19	SRR6050716_682	6706	0.990	0.000E+00	0	3836	3850	1	3837	3861	0	3849	0	3	3837M
SRR5208574_dg-19	SRR6050738_11870	6705	0.991	0.000E+00	18	3836	3850	59	3877	3893	0	3849	0	3	3819M
SRR5208574_dg-19	SRR6050643_17351	6701	0.991	0.000E+00	3821	0	3850	0	3821	3825	3849	0	0	3	3822M
SRR5208574_dg-19	SRR5208573_23330	6701	0.990	0.000E+00	0	3827	3850	0	3824	3825	0	3849	0	3	1895M3I1930M
SRR5208574_dg-19	SRR6050643_1172	6697	0.991	0.000E+00	0	3821	3850	3	3824	3825	0	3849	0	3	3822M
SRR5208574_dg-19	SRR6050528_15478	6688	0.990	0.000E+00	0	3821	3850	0	3821	3822	0	3849	0	3	3822M
SRR5208574_dg-19	SRR6050738_8926	6687	0.990	0.000E+00	18	3836	3850	59	3877	3893	0	3849	0	3	3819M
SRR5208574_dg-19	SRR6050482_775	6670	0.990	0.000E+00	2	3818	3850	0	3816	3817	0	3849	0	3	3817M
SRR5208574_dg-19	SRR6050483_1219	6600	0.990	0.000E+00	0	3767	3850	0	3767	3768	0	3849	0	3	3768M
SRR5208574_dg-19	SRR6050738_25789	6121	0.992	0.000E+00	0	3479	3850	0	3478	3479	0	3849	0	3	2123M1I1356M
SRR5208574_dg-19	SRR5467139_7880	4091	0.991	0.000E+00	0	2334	3850	0	2334	2335	0	3849	0	3	2335M
SRR6254353_dg-171	SRR5466337_21846	6803	0.996	0.000E+00	3835	1	3836	2691	6522	6564	3835	0	0	33	1200M3I2632M
SRR6254353_dg-171	SRR6253579_4198	6792	0.995	0.000E+00	3835	5	3836	264	4091	4092	3835	0	0	33	1200M3I2628M
SRR6254353_dg-171	SRR6254353_11785	6792	0.995	0.000E+00	3835	0	3836	408	4240	4241	3835	0	0	33	1200M3I2633M
SRR6254353_dg-171	SRR5466337_2150	6772	0.994	0.000E+00	3835	1	3836	2691	6522	6564	3835	0	0	33	1200M3I2632M
SRR6254353_dg-171	SRR5466369_67286	6757	0.993	0.000E+00	3834	6	3836	677	4502	4503	3835	0	0	33	1199M3I2627M
SRR6254353_dg-171	SRR5466337_133327	6756	0.993	0.000E+00	0	3835	3836	40	3872	5150	0	3835	0	33	2633M3I1200M
SRR6254353_dg-171	SRR5466338_185868	6728	0.992	0.000E+00	6	3833	3836	0	3824	4000	0	3835	0	33	2627M3I1198M
SRR6254353_dg-171	SRR5466365_60679	6723	0.991	0.000E+00	3833	2	3836	511	4339	4340	3835	0	0	33	1198M3I2590M4D16M4I21M
SRR6254353_dg-171	SRR6254351_13425	6723	0.996	0.000E+00	3833	44	3836	0	3786	4920	3835	0	0	33	1198M3I2589M
SRR6254353_dg-171	SRR6254353_24087	6672	0.994	0.000E+00	3781	0	3836	1228	5006	5007	3835	0	0	33	1146M3I2527M1D30M1I75M
SRR6254353_dg-171	SRR5466366_40098	6393	0.994	0.000E+00	3626	6	3836	433	4050	4051	3835	0	0	33	991M3I2627M
SRR6254353_dg-171	SRR6254984_22779	6011	0.996	0.000E+00	3833	446	3836	0	3384	3515	3835	0	0	33	1198M3I2187M
SRR6254353_dg-171	SRR5466366_84118	5629	0.994	0.000E+00	3187	6	3836	43	3221	3222	3835	0	0	33	552M3I2627M
SRR6254353_dg-171	SRR5466366_111448	5538	0.992	0.000E+00	6	3155	3836	0	3147	4853	0	3835	0	33	2627M3I379M1D141M
SRR6254353_dg-171	SRR6255521_42652	5229	0.993	0.000E+00	3041	74	3836	1175	4138	4139	3835	0	0	33	406M3I2508M1I50M
SRR6254353_dg-171	SRR5466369_137592	5212	0.995	0.000E+00	2947	6	3836	1077	4015	4016	3835	0	0	33	312M3I2627M
SRR6254353_dg-171	SRR6255521_24089	5195	0.993	0.000E+00	2954	2	3836	156	3105	3106	3835	0	0	33	94M1D5M1I219M3I2631M
SRR6254353_dg-171	SRR6254351_91259	5129	0.991	0.000E+00	7	2929	3836	0	2919	3239	0	3835	0	33	2626M3I294M
SRR6960797_dg-76	SRR6960551_69221	7167	0.993	0.000E+00	4063	0	4064	14	4076	4084	4063	0	0	18	295M1I3768M
SRR6960797_dg-76	SRR6960551_89327	7149	0.992	0.000E+00	0	4063	4064	7	4069	4084	0	4063	0	18	3768M1I295M
SRR6960797_dg-76	SRR6960797_73453	7144	0.992	0.000E+00	0	4063	4064	0	4063	4064	0	4063	0	18	4064M
SRR6960797_dg-76	SRR6960551_28448	7144	0.992	0.000E+00	4063	0	4064	14	4077	4085	4063	0	0	18	4064M
SRR6960797_dg-76	SRR6960797_78971	7140	0.992	0.000E+00	0	4063	4064	0	4062	4063	0	4063	0	18	3768M1I295M
SRR6960797_dg-76	SRR6960551_30470	7139	0.992	0.000E+00	4063	0	4064	14	4077	4085	4063	0	0	18	4064M
SRR6960797_dg-76	SRR6960551_3812	7139	0.992	0.000E+00	4063	0	4064	14	4077	4085	4063	0	0	18	4064M
SRR6960797_dg-76	SRR6960551_54043	7130	0.991	0.000E+00	4063	0	4064	14	4077	4085	4063	0	0	18	4064M
SRR6960797_dg-76	SRR6960509_76346	4762	0.993	0.000E+00	4063	1360	4064	0	2702	2735	4063	0	0	18	295M1I2408M
SRR6960797_dg-76	SRR6960509_49166	4761	0.992	0.000E+00	4063	1360	4064	0	2703	2736	4063	0	0	18	2704M
SRR7976310_dg-129	SRR7976310_16753	6532	0.999	0.000E+00	0	3649	3650	0	3649	3650	0	3649	0	10	3650M
SRR7976325_dg-41	SRR6960799_13340	7042	0.995	0.000E+00	3971	0	3972	6	3977	3983	3971	0	0	1	3972M
SRR5208575_dg-13	SRR5208575_32478	6939	0.994	0.000E+00	0	3924	3926	0	3924	3925	0	3925	0	1	3925M
SRR5208575_dg-13	SRR5467137_43068	6936	0.995	0.000E+00	13	3925	3926	0	3912	3919	0	3925	0	1	3913M
SRR5208575_dg-13	SRR5208575_2846	6914	0.993	0.000E+00	3925	0	3926	0	3925	3926	3925	0	0	1	3926M
SRR5208575_dg-13	SRR5208570_12878	6911	0.994	0.000E+00	3925	12	3926	142	4055	4058	3925	0	0	1	3914M
SRR5208575_dg-13	SRR6050483_5841	6906	0.992	0.000E+00	3925	2	3926	1	3924	3925	3925	0	0	1	3924M
SRR5208575_dg-13	SRR5208570_32911	6902	0.993	0.000E+00	3925	12	3926	142	4055	4058	3925	0	0	1	3914M
SRR5208575_dg-13	SRR5208570_37439	6879	0.992	0.000E+00	3925	12	3926	142	4055	4058	3925	0	0	1	3914M
SRR5208575_dg-13	SRR5208570_30097	6871	0.991	0.000E+00	3925	12	3926	142	4055	4058	3925	0	0	1	3914M
SRR5208575_dg-13	SRR6050528_16443	6860	0.991	0.000E+00	3925	13	3926	7	3919	3920	3925	0	0	1	3913M
SRR5208575_dg-13	SRR5208570_20774	6857	0.991	0.000E+00	3925	12	3926	142	4055	4058	3925	0	0	1	3914M
SRR5208575_dg-13	SRR5208573_6713	6855	0.991	0.000E+00	3925	13	3926	4	3916	3917	3925	0	0	1	3913M
SRR5208575_dg-13	SRR5467139_6095	6657	0.990	0.000E+00	3925	115	3926	7	3818	3819	3925	0	0	1	3780M1D31M
SRR6960797_dg-85	SRR6960551_7677	6791	0.997	0.000E+00	3825	9	3826	299	4115	4128	3825	0	0	12	3817M
SRR6960797_dg-85	SRR6960509_124293	6659	0.995	0.000E+00	3825	69	3826	6	3762	6291	3825	0	0	12	66M2D14M2I3675M
SRR6960797_dg-85	SRR6960551_14878	3939	0.996	0.000E+00	1610	3824	3826	2272	4486	4487	0	3825	0	12	2215M
SRR7976310_dg-130	SRR7976310_1988	6430	0.996	0.000E+00	0	3617	3618	0	3617	3618	0	3617	0	3	3618M
SRR7976310_dg-130	SRR7976301_13290	3698	0.997	0.000E+00	0	2075	3618	1	2076	2165	0	3617	0	3	2076M
SRR7976323_dg-269	SRR6960802_13360	6232	0.996	0.000E+00	3504	0	3505	4	3508	3509	3504	0	0	301	3505M
SRR7976323_dg-269	SRR7976323_69827	4847	0.997	0.000E+00	2723	2	3505	71	2792	2795	3504	0	0	301	2722M
SRR6050738_dg-24	SRR6050738_1217	6953	0.996	0.000E+00	3914	0	3915	0	3914	3915	3914	0	0	2	3915M
SRR5467091_dg-179	SRR5467091_53875	6264	0.995	0.000E+00	3537	0	3538	2011	5548	5549	3537	0	0	1	3538M
SRR5467091_dg-179	SRR5467091_100608	6219	0.992	0.000E+00	0	3537	3538	0	3537	3807	0	3537	0	1	3538M
SRR6960549_dg-13	SRR6960549_2355	7578	0.997	0.000E+00	4259	0	4260	0	4260	4270	4259	0	0	2	1154M1D3106M
SRR7976310_dg-105	SRR7976310_69604	6808	0.997	0.000E+00	0	3823	3824	1617	5440	5441	0	3823	0	1	3824M
SRR7976310_dg-105	SRR7976310_46044	6794	0.996	0.000E+00	0	3823	3824	479	4302	4303	0	3823	0	1	3824M
SRR7976310_dg-105	SRR7976310_76125	6794	0.996	0.000E+00	0	3823	3824	719	4542	4543	0	3823	0	1	3824M
SRR7976310_dg-105	SRR7976310_12039	6793	0.996	0.000E+00	1	3823	3824	1840	5662	5663	0	3823	0	1	3823M
SRR7976310_dg-105	SRR7976310_73064	6793	0.996	0.000E+00	1	3823	3824	3879	7701	7702	0	3823	0	1	3823M
SRR7976310_dg-105	SRR7976310_55662	6785	0.996	0.000E+00	0	3823	3824	756	4579	4580	0	3823	0	1	3824M
SRR7976310_dg-105	SRR7976301_102122	5349	0.996	0.000E+00	3011	0	3824	770	3781	3786	3823	0	0	1	3012M
SRR7976326_dg-15	SRR6960799_91912	8223	0.996	0.000E+00	0	4623	4626	23	4646	4700	0	4625	0	7	4624M
SRR7976326_dg-15	SRR6960799_108349	8107	0.991	0.000E+00	0	4623	4626	23	4646	4700	0	4625	0	7	4624M
SRR7976326_dg-15	SRR7976326_31434	6773	0.997	0.000E+00	0	3806	4626	0	3806	7316	0	4625	0	7	3807M
SRR7976326_dg-15	SRR7976326_22466	6750	0.995	0.000E+00	0	3806	4626	0	3806	7500	0	4625	0	7	3807M
SRR7976326_dg-15	SRR7976326_46491	6453	0.996	0.000E+00	4625	995	4626	0	3630	3777	4625	0	0	7	3631M
SRR7976326_dg-15	SRR7976326_37097	4846	0.996	0.000E+00	3723	995	4626	1316	4044	4191	4625	0	0	7	2729M
SRR6050738_dg-29	SRR5467139_16842	6676	0.993	0.000E+00	3783	0	3784	0	3784	3785	3783	0	0	6	211M1D3573M
SRR6960549_dg-19	SRR6960549_631	6993	0.997	0.000E+00	3929	0	3930	0	3929	3930	3929	0	0	1	3930M
SRR6960549_dg-19	SRR7976299_24797	6747	0.996	0.000E+00	3800	6	3930	1400	5194	5195	3929	0	0	1	3795M
SRR6960549_dg-19	SRR7976299_6321	5089	0.996	0.000E+00	3929	1063	3930	1	2867	3151	3929	0	0	1	2867M
SRR7976310_dg-106	SRR7976310_55728	6772	0.995	0.000E+00	0	3818	3819	0	3818	3827	0	3818	0	3	3819M
SRR7976325_dg-37	SRR6960799_15487	7227	0.998	0.000E+00	0	4047	4048	0	4047	4049	0	4047	0	301	4048M
SRR7976325_dg-37	SRR7976326_16271	5972	0.998	0.000E+00	0	3344	4048	0	3344	4588	0	4047	0	301	3345M
SRR5208570_dg-35	SRR5467137_759	6079	0.997	0.000E+00	4	3415	3416	0	3411	3508	0	3415	0	2	3412M
SRR6254353_dg-125	SRR5466338_9254	7527	0.996	0.000E+00	4232	0	4234	0	4232	4247	4233	0	0	1	4233M
SRR6254353_dg-125	SRR5467090_1973	7513	0.996	0.000E+00	4231	1	4234	0	4231	4232	4233	0	0	1	1174M1D3057M
SRR6254353_dg-125	SRR6255520_50376	7203	0.998	0.000E+00	4063	27	4234	74	4110	4111	4233	0	0	1	4037M
SRR6254353_dg-125	SRR5466366_35591	7189	0.997	0.000E+00	4043	0	4234	100	4142	4143	4233	0	0	1	303M1I3740M
SRR6254353_dg-125	SRR5466337_7992	7169	0.998	0.000E+00	4042	25	4234	266	4283	4286	4233	0	0	1	4018M
SRR6254353_dg-125	SRR5466338_90667	6690	0.997	0.000E+00	3760	0	4234	156	3916	3931	4233	0	0	1	3761M
SRR6254353_dg-125	SRR5466365_103843	6255	0.999	0.000E+00	4232	733	4234	0	3498	6120	4233	0	0	1	1911M1I1588M
SRR6254353_dg-125	SRR5466365_86503	6237	0.998	0.000E+00	4232	733	4234	0	3498	4416	4233	0	0	1	1911M1I1588M
SRR6254353_dg-125	SRR6255520_46666	6081	0.997	0.000E+00	3442	27	4234	444	3859	3860	4233	0	0	1	3416M
SRR6254353_dg-125	SRR5466366_91449	5898	0.995	0.000E+00	3325	0	4234	263	3588	3589	4233	0	0	1	3326M
SRR6254353_dg-125	SRR6049586_28762	5448	0.998	0.000E+00	4232	1178	4234	0	3054	3298	4233	0	0	1	3055M
SRR6254353_dg-125	SRR5466338_57090	4746	0.997	0.000E+00	1565	4232	4234	188	2855	2856	0	4233	0	1	2668M
SRR6254353_dg-125	SRR5466338_148760	4724	0.996	0.000E+00	1577	4232	4234	1077	3732	3733	0	4233	0	1	2656M
SRR6254353_dg-125	SRR5466338_96880	4639	0.998	0.000E+00	3720	1120	4234	0	2600	2697	4233	0	0	1	2601M
SRR6254353_dg-125	SRR6253256_14975	3795	0.997	0.000E+00	4232	2103	4234	0	2129	4013	4233	0	0	1	2130M
SRR6960797_dg-67	SRR6960797_39479	7482	0.996	0.000E+00	4213	0	4214	0	4214	4215	4213	0	0	15	1619M1D2595M
SRR6960797_dg-67	SRR6960551_95913	7456	0.995	0.000E+00	0	4206	4214	2	4209	4212	0	4213	0	15	2606M1D1601M
SRR6960797_dg-67	SRR6960509_9075	7292	0.997	0.000E+00	4094	1	4214	330	4423	4424	4213	0	0	15	4094M
SRR7976310_dg-117	SRR7976301_3987	6700	0.996	0.000E+00	1	3769	3770	0	3768	3831	0	3769	0	3	3769M
SRR7976325_dg-38	SRR7976326_66533	7095	0.994	0.000E+00	4022	6	4031	0	4016	4017	4030	0	0	1	4017M
SRR7976325_dg-38	SRR7976326_6476	7092	0.994	0.000E+00	6	4022	4031	0	4015	4016	0	4030	0	1	1396M1I2620M
SRR7976325_dg-38	SRR6960799_64127	7051	0.992	0.000E+00	4	4015	4031	0	4010	4011	0	4030	0	1	1398M1I2613M
SRR7976325_dg-38	SRR7976325_74291	7038	0.990	0.000E+00	4030	5	4031	0	4026	4027	4030	0	0	1	1590M1D2436M
SRR6254353_dg-170	SRR6254893_6179	6845	0.996	0.000E+00	3869	13	3870	109	3965	3966	3869	0	0	4	3857M
SRR6254353_dg-170	SRR6253256_32088	6845	0.994	0.000E+00	3869	0	3870	208	4077	4094	3869	0	0	4	3870M
SRR6254353_dg-170	SRR5466369_46303	6845	0.994	0.000E+00	3869	0	3870	608	4477	4491	3869	0	0	4	3870M
SRR6254353_dg-170	SRR5466369_56017	6830	0.995	0.000E+00	3858	0	3870	151	4009	4023	3869	0	0	4	3859M
SRR6254353_dg-170	SRR5466369_18562	6828	0.993	0.000E+00	3869	0	3870	1484	5353	5367	3869	0	0	4	3870M
SRR6254353_dg-170	SRR6253256_20785	6828	0.993	0.000E+00	3869	0	3870	6247	10116	10133	3869	0	0	4	3870M
SRR6254353_dg-170	SRR6254353_12286	6825	0.995	0.000E+00	3869	14	3870	25	3880	3900	3869	0	0	4	3856M
SRR6254353_dg-170	SRR5466369_199727	6824	0.994	0.000E+00	0	3857	3870	13	3870	6916	0	3869	0	4	3858M
SRR6254353_dg-170	SRR6255402_39932	6801	0.992	0.000E+00	3869	0	3870	42	3911	3928	3869	0	0	4	3870M
SRR6254353_dg-170	SRR6254351_18855	6799	0.993	0.000E+00	3858	0	3870	676	4534	4550	3869	0	0	4	3859M
SRR6254353_dg-170	SRR5466365_29924	6716	0.993	0.000E+00	3804	0	3870	47	3851	3868	3869	0	0	4	3805M
SRR6254353_dg-170	SRR5466366_95078	6524	0.993	0.000E+00	3702	0	3870	70	3772	3791	3869	0	0	4	3703M
SRR6254353_dg-170	SRR6254353_87994	6523	0.994	0.000E+00	3696	0	3870	2852	6547	6548	3869	0	0	4	2956M1I740M
SRR6254353_dg-170	SRR6254353_106411	6501	0.994	0.000E+00	3696	14	3870	8531	12213	12233	3869	0	0	4	3683M
SRR6254353_dg-170	SRR5466365_133192	6471	0.992	0.000E+00	3869	194	3870	1	3676	4137	3869	0	0	4	3676M
SRR6254353_dg-170	SRR5466365_60563	6341	0.991	0.000E+00	3804	194	3870	47	3657	4118	3869	0	0	4	3611M
SRR6254353_dg-170	SRR5466365_110030	5632	0.994	0.000E+00	3869	680	3870	1	3190	3509	3869	0	0	4	3190M
SRR6254353_dg-170	SRR5466365_130185	5529	0.994	0.000E+00	3804	680	3870	47	3171	3787	3869	0	0	4	3125M
SRR6254353_dg-170	SRR5466337_32218	5522	0.995	0.000E+00	751	3869	3870	2773	5891	6032	0	3869	0	4	3119M
SRR6254353_dg-170	SRR5466337_23749	5516	0.994	0.000E+00	3869	752	3870	3	3120	4986	3869	0	0	4	3118M
SRR6254353_dg-170	SRR5466337_83468	5500	0.993	0.000E+00	751	3869	3870	3015	6133	6137	0	3869	0	4	3119M
SRR6254353_dg-170	SRR5466364_57142	5346	0.994	0.000E+00	3869	842	3870	3	3030	3557	3869	0	0	4	3028M
SRR6254353_dg-170	SRR5466365_83059	4675	0.993	0.000E+00	3869	1219	3870	1	2651	2835	3869	0	0	4	2651M
SRR6960797_dg-75	SRR6960797_43186	7358	0.996	0.000E+00	0	4145	4146	0	4145	4185	0	4145	0	23	4146M
SRR7976310_dg-122	SRR7976310_3549	6626	0.998	0.000E+00	0	3709	3710	0	3709	3717	0	3709	0	1	3710M
SRR7976310_dg-122	SRR7976301_74593	5304	0.998	0.000E+00	0	2971	3710	0	2971	3029	0	3709	0	1	2972M
SRR7976310_dg-122	SRR7976310_116983	4679	0.997	0.000E+00	2625	0	3710	139	2764	2765	3709	0	0	1	2626M
SRR6050738_dg-21	SRR6050738_2734	7083	0.994	0.000E+00	0	4009	4010	0	4009	4010	0	4009	0	301	4010M
SRR5467091_dg-126	SRR5467091_844	7136	0.998	0.000E+00	0	4001	4002	0	4001	4002	0	4001	0	1	4002M
SRR6960540_dg-3	SRR7976299_2934	6969	0.994	0.000E+00	3938	0	3939	6	3944	3976	3938	0	0	1	3939M
SRR6960540_dg-3	SRR7976299_4929	6969	0.994	0.000E+00	3938	0	3939	6	3944	3976	3938	0	0	1	3939M
SRR6960540_dg-3	SRR6960540_3397	4409	0.992	0.000E+00	3938	1434	3939	0	2504	2548	3938	0	0	1	2505M
SRR7976310_dg-92	SRR7976310_59703	7187	0.997	0.000E+00	4037	0	4038	0	4037	4038	4037	0	0	3	4038M
SRR7976310_dg-92	SRR7976310_15349	7018	0.995	0.000E+00	4037	74	4038	0	3963	6581	4037	0	0	3	3964M
SRR7976323_dg-264	SRR7976324_9609	6277	0.998	0.000E+00	0	3519	3553	0	3519	3655	0	3552	0	2	3520M
SRR7976323_dg-264	SRR6960802_18441	6074	0.997	0.000E+00	139	3545	3553	533	3939	3940	0	3552	0	2	3407M
SRR7976323_dg-264	SRR7976323_121684	5124	0.996	0.000E+00	2883	0	3553	205	3088	3089	3552	0	0	2	2884M
SRR7976323_dg-264	SRR7976324_1325	4460	0.997	0.000E+00	0	2505	3553	0	2505	2644	0	3552	0	2	2506M
SRR6050738_dg-22	SRR6050738_11650	7004	0.991	0.000E+00	0	3990	3992	0	3990	4027	0	3991	0	4	3991M
SRR5467091_dg-143	SRR5467091_27564	6837	0.994	0.000E+00	0	3867	3868	0	3867	3912	0	3867	0	1	3868M
SRR6960549_dg-9	SRR6960549_14832	8004	0.995	0.000E+00	0	4520	4521	0	4519	4582	0	4520	0	1	2236M1I2284M
SRR7976310_dg-98	SRR7976310_2811	6985	0.998	0.000E+00	3912	0	3913	0	3912	3913	3912	0	0	1	3913M
SRR7976301_dg-83	SRR7976310_6260	6642	0.997	0.000E+00	3729	0	3737	14	3744	3748	3736	0	0	301	3600M1D130M
SRR7976301_dg-83	SRR5466729_79390	6558	0.992	0.000E+00	3726	0	3737	0	3726	3728	3736	0	0	301	3727M
SRR7976301_dg-83	SRR5466729_569	6553	0.992	0.000E+00	3726	0	3737	0	3726	3728	3736	0	0	301	3727M
SRR7976301_dg-83	SRR5467090_17317	6496	0.991	0.000E+00	3726	22	3737	1235	4938	4939	3736	0	0	301	3325M1I285M1I15M1D78M
SRR7976301_dg-83	SRR5466728_30309	6252	0.994	0.000E+00	3725	185	3737	0	3540	3798	3736	0	0	301	3541M
SRR7976301_dg-83	SRR6254353_138631	5839	0.993	0.000E+00	0	3312	3737	3	3315	3462	0	3736	0	301	3313M
SRR7976301_dg-83	SRR5466723_46502	4686	0.992	0.000E+00	1020	3686	3737	1779	4445	4446	0	3736	0	301	2667M
SRR7976356_dg-368	SRR7976357_28195	6241	0.995	0.000E+00	3528	0	3529	0	3529	3534	3528	0	0	7	1911M1D9M1I1343M1D265M
SRR7976356_dg-368	SRR7976356_155838	5340	0.994	0.000E+00	0	3019	3529	0	3019	4285	0	3528	0	7	3020M
SRR5467090_dg-105	SRR5466728_38240	6546	0.997	0.000E+00	3672	0	3673	108	3780	3787	3672	0	0	2	3673M
SRR6255746_dg-144	SRR6255733_999	6690	0.998	0.000E+00	7	3757	3758	82	3832	3833	0	3757	0	1	3751M
SRR6255746_dg-144	SRR5466723_8628	5703	0.995	0.000E+00	3	3217	3758	0	3214	3273	0	3757	0	1	3215M
SRR7976301_dg-94	SRR7976301_38849	6436	0.996	0.000E+00	3618	0	3619	0	3618	3660	3618	0	0	2	3619M
SRR7976324_dg-56	SRR7976323_89096	6631	0.996	0.000E+00	3734	0	3741	131	3864	3869	3740	0	0	301	1925M1I1809M
SRR7976324_dg-56	SRR7976324_46013	5566	0.995	0.000E+00	3141	0	3741	484	3626	3627	3740	0	0	301	5M1D3137M
SRR7976324_dg-56	SRR7976323_65652	5071	0.997	0.000E+00	887	3733	3741	1848	4694	4827	0	3740	0	301	2847M
SRR7976324_dg-56	SRR6960802_123290	4283	0.995	0.000E+00	972	3393	3741	0	2420	3238	0	3740	0	301	61M1I2360M
SRR7976356_dg-385	SRR7976357_23268	6166	0.996	0.000E+00	3473	0	3475	0	3473	3509	3474	0	0	4	20M1I6M1D3447M
SRR7976356_dg-385	SRR7976356_45532	5254	0.996	0.000E+00	2953	0	3475	1737	4690	4725	3474	0	0	4	2954M
SRR5467090_dg-117	SRR5467091_13394	6305	0.995	0.000E+00	3560	0	3566	0	3560	3570	3565	0	0	2	3561M
SRR6255746_dg-156	SRR6255746_36268	6506	0.995	0.000E+00	3672	0	3673	27	3699	3731	3672	0	0	1	3673M
SRR6255746_dg-156	SRR5466723_60319	6492	0.994	0.000E+00	0	3672	3673	6	3678	3679	0	3672	0	1	3673M
SRR6255746_dg-156	SRR6255746_24385	6484	0.994	0.000E+00	3672	0	3673	27	3699	3731	3672	0	0	1	3673M
SRR6255746_dg-156	SRR6255746_27449	6479	0.993	0.000E+00	3672	0	3673	27	3699	3731	3672	0	0	1	3673M
SRR6255746_dg-156	SRR5466727_19060	6461	0.992	0.000E+00	3672	0	3673	2	3674	3708	3672	0	0	1	3673M
SRR6255746_dg-156	SRR5466723_31775	6448	0.991	0.000E+00	3672	0	3673	0	3672	3679	3672	0	0	1	3673M
SRR6255746_dg-156	SRR5466727_68326	6448	0.991	0.000E+00	3672	0	3673	2	3674	3708	3672	0	0	1	3673M
SRR6255746_dg-156	SRR6255746_30812	6448	0.991	0.000E+00	3672	0	3673	27	3699	3731	3672	0	0	1	3673M
SRR6255746_dg-156	SRR5466725_19726	6442	0.991	0.000E+00	3669	0	3673	0	3669	3703	3672	0	0	1	3670M
SRR7976310_dg-75	SRR7976310_56162	7545	0.996	0.000E+00	4252	0	4253	0	4252	4253	4252	0	0	9	4253M
SRR7976310_dg-75	SRR7976301_32583	4902	0.994	0.000E+00	4251	1477	4253	0	2774	3014	4252	0	0	9	2775M
SRR7976323_dg-204	SRR7976324_26806	6905	0.993	0.000E+00	3923	3	3930	0	3920	3921	3929	0	0	2	3921M
SRR7976323_dg-204	SRR7976324_28232	6879	0.991	0.000E+00	3923	3	3930	0	3920	3921	3929	0	0	2	3921M
SRR7976323_dg-204	SRR7976324_61244	6296	0.990	0.000E+00	3605	3	3930	0	3601	3602	3929	0	0	2	21M1I3581M
SRR7976356_dg-397	SRR6960803_127007	6047	0.995	0.000E+00	3416	0	3417	4	3420	3421	3416	0	0	3	3417M
SRR7976356_dg-397	SRR6960803_131943	6025	0.993	0.000E+00	3416	0	3417	4	3420	3421	3416	0	0	3	3417M
SRR7976356_dg-397	SRR7976356_432	6007	0.992	0.000E+00	3416	0	3417	0	3416	3417	3416	0	0	3	3417M
SRR7976356_dg-397	SRR7976356_40607	5985	0.990	0.000E+00	3416	0	3417	0	3416	3417	3416	0	0	3	3417M
SRR7976356_dg-397	SRR7976357_49502	5961	0.992	0.000E+00	3416	23	3417	6	3399	4893	3416	0	0	3	3394M
SRR5467091_dg-92	SRR6255402_8509	7644	0.997	0.000E+00	3	4296	4297	283	4577	4582	0	4296	0	5	2354M1D1940M
SRR5467091_dg-92	SRR6254893_8480	7644	0.997	0.000E+00	0	4287	4297	377	4664	4665	0	4296	0	5	4288M
SRR5467091_dg-92	SRR6254893_3141	7635	0.997	0.000E+00	0	4287	4297	3129	7416	7417	0	4296	0	5	4288M
SRR5467091_dg-92	SRR5466338_136552	7610	0.996	0.000E+00	4289	0	4297	0	4290	4474	4296	0	0	5	422M1D3868M
SRR5467091_dg-92	SRR5466338_52360	7603	0.995	0.000E+00	0	4288	4297	114	4403	4405	0	4296	0	5	3862M1D427M
SRR5467091_dg-92	SRR5467091_71856	7359	0.996	0.000E+00	0	4138	4297	0	4138	4831	0	4296	0	5	4139M
SRR5467091_dg-92	SRR5466338_97512	7249	0.997	0.000E+00	0	4072	4297	183	4255	7175	0	4296	0	5	4073M
SRR5467091_dg-92	SRR5466338_58672	7240	0.996	0.000E+00	0	4072	4297	111	4183	7103	0	4296	0	5	4073M
SRR5467091_dg-92	SRR5467090_82971	7209	0.996	0.000E+00	232	4294	4297	1990	6052	6073	0	4296	0	5	4063M
SRR5467091_dg-92	SRR6049586_62904	6974	0.997	0.000E+00	376	4289	4297	611	4524	4525	0	4296	0	5	3914M
SRR5467091_dg-92	SRR5466369_10266	6627	0.995	0.000E+00	533	4270	4297	245	3982	3983	0	4296	0	5	3738M
SRR5467091_dg-92	SRR6254353_46245	6179	0.997	0.000E+00	0	3472	4297	0	3472	4224	0	4296	0	5	3473M
SRR5467091_dg-92	SRR5466365_117087	5459	0.996	0.000E+00	3	3073	4297	2	3072	3122	0	4296	0	5	3071M
SRR6255746_dg-158	SRR5466729_103941	6518	0.997	0.000E+00	0	3660	3662	56	3717	3718	0	3661	0	13	2392M1D1269M
SRR6255746_dg-158	SRR5466729_21895	6272	0.997	0.000E+00	3519	0	3662	678	4197	4671	3661	0	0	13	3520M
SRR6255746_dg-158	SRR5466723_37558	6258	0.996	0.000E+00	6	3527	3662	0	3521	3875	0	3661	0	13	3522M
SRR6255746_dg-158	SRR5466723_31239	6224	0.994	0.000E+00	3528	6	3662	352	3874	3875	3661	0	0	13	3523M
SRR6255746_dg-158	SRR5466729_88505	5624	0.998	0.000E+00	3519	369	3662	678	3828	5203	3661	0	0	13	3151M
SRR6255746_dg-158	SRR5466729_52625	5113	0.997	0.000E+00	2867	0	3662	862	3729	4203	3661	0	0	13	2868M
SRR6255746_dg-158	SRR5466729_52625	834	0.993	1.764E-241	3189	3660	3662	3731	4202	4203	0	3661	0	13	472M
SRR6255746_dg-158	SRR5466729_21895	834	0.993	1.764E-241	3189	3660	3662	4199	4670	4671	0	3661	0	13	472M
SRR7976310_dg-76	SRR7976301_895	7522	0.998	0.000E+00	3	4214	4215	0	4210	4228	0	4214	0	-723277952	1037M1I3174M
SRR7976310_dg-76	SRR7976310_76852	3880	0.993	0.000E+00	0	2204	4215	0	2203	4290	0	4214	0	-723277952	79M1D10M1I950M1I1164M
