SRR5466727_NODE_762_length_4355_cov_10.703643	SRR5466725_k141_32958	7744	0.997	0.000E+00	4350	2	4355	0	4348	4349	4354	0	0	301	4349M
SRR5467090_NODE_387_length_4327_cov_5.552891	SRR5467090_k141_49933	7726	0.999	0.000E+00	4326	8	4327	0	4318	4319	4326	0	0	1	4319M
SRR6253161_NODE_823_length_3903_cov_8.344386	SRR6253161_k141_60417	6992	1.00	0.000E+00	3902	1	3903	0	3901	3902	3902	0	0	1	3902M
SRR6960509_NODE_1849_length_3508_cov_6.810480	SRR6960509_k141_55461	6282	0.999	0.000E+00	0	3507	3508	0	3507	3508	0	3507	0	1	3508M
SRR6960797_NODE_414_length_3667_cov_127.997218	SRR6960551_k141_8869	6510	0.998	0.000E+00	3663	14	3667	87	3736	3737	3666	0	0	1	3650M
SRR7976301_NODE_526_length_4002_cov_8.968949	SRR7976301_k141_19572	7139	1.00	0.000E+00	18	4001	4002	0	3983	3984	0	4001	0	1	3984M
SRR6960803_NODE_2093_length_3659_cov_23.858338	SRR6960803_k141_94777	6548	0.999	0.000E+00	0	3658	3659	0	3658	3659	0	3658	0	1	3659M
SRR6960799_NODE_862_length_3294_cov_5.109593	SRR6960799_k141_58921	5901	1.00	0.000E+00	3292	0	3294	0	3292	3293	3293	0	0	1	3293M
SRR7976325_NODE_150_length_4216_cov_4.053826	SRR6960799_k141_59247	7528	1.00	0.000E+00	15	4215	4216	0	4200	4206	0	4215	0	1	4201M
SRR7976356_NODE_1322_length_3852_cov_11.341096	SRR7976357_k141_80025	6894	0.999	0.000E+00	0	3851	3852	0	3851	3852	0	3851	0	1	3852M
SRR5466338_NODE_1446_length_4247_cov_27.489938	SRR5466365_k141_73140	7565	0.999	0.000E+00	19	4242	4247	209	4432	4433	0	4246	0	1	4224M
SRR5466725_NODE_1356_length_4095_cov_8.380656	SRR5466725_k141_26651	7301	0.999	0.000E+00	0	4076	4095	0	4076	4077	0	4094	0	1	4077M
SRR5466728_NODE_427_length_3863_cov_9.874670	SRR5466728_k141_49020	6916	0.999	0.000E+00	3861	0	3863	0	3861	3862	3862	0	0	1	3862M
SRR5467091_NODE_631_length_4113_cov_55.060644	SRR5467091_k141_29926	7362	0.999	0.000E+00	0	4110	4113	0	4110	4111	0	4112	0	1	4111M
SRR6255733_NODE_499_length_4082_cov_89.693440	SRR5466729_k141_9515	7310	0.999	0.000E+00	0	4081	4082	1	4082	4085	0	4081	0	1	4082M
SRR6960551_NODE_449_length_3851_cov_9.829804	SRR6960551_k141_6601	6886	0.999	0.000E+00	3849	0	3851	0	3849	3850	3850	0	0	1	3850M
SRR7976299_NODE_93_length_3682_cov_273.239956	SRR7976299_k141_2435	6450	0.991	0.000E+00	2	3681	3682	0	3679	3680	0	3681	0	1	113M1D1295M1I2271M
SRR7976310_NODE_592_length_3740_cov_7.136079	SRR7976310_k141_64724	6689	0.999	0.000E+00	0	3739	3740	0	3739	3740	0	3739	0	1	3740M
SRR6960799_NODE_517_length_3908_cov_349.761408	SRR7976325_k141_55065	6960	0.999	0.000E+00	3900	12	3908	34	3922	3923	3907	0	0	1	3889M
SRR7976357_NODE_2056_length_3395_cov_115.862432	SRR6960803_k141_37834	6052	0.998	0.000E+00	3389	3	3395	0	3386	4592	3394	0	0	1	3387M
SRR7976357_NODE_2056_length_3395_cov_115.862432	SRR7976357_k141_42088	6045	0.998	0.000E+00	0	3382	3395	0	3382	4898	0	3394	0	1	3383M
SRR7976357_NODE_2056_length_3395_cov_115.862432	SRR7976356_k141_34772	5954	0.998	0.000E+00	48	3382	3395	83	3417	3418	0	3394	0	1	3335M
SRR6960507_NODE_791_length_4350_cov_8.646715	SRR6960507_k141_38097	7786	0.999	0.000E+00	0	4349	4350	0	4349	4350	0	4349	0	301	4350M
SRR5466369_NODE_1803_length_3954_cov_37.877609	SRR5466369_k141_105454	7011	0.997	0.000E+00	14	3953	3954	0	3939	3940	0	3953	0	1	3940M
SRR5466369_NODE_1803_length_3954_cov_37.877609	SRR6255402_k141_28300	6850	0.996	0.000E+00	3931	72	3954	0	3859	3903	3953	0	0	1	3860M
SRR5466369_NODE_1803_length_3954_cov_37.877609	SRR6254351_k141_40121	6835	0.995	0.000E+00	3926	73	3954	0	3853	3932	3953	0	0	1	3854M
SRR5466369_NODE_1803_length_3954_cov_37.877609	SRR5466337_k141_23779	6823	0.995	0.000E+00	3927	73	3954	0	3854	4136	3953	0	0	1	3855M
SRR5466727_NODE_769_length_4335_cov_11.758799	SRR5466727_k141_44620	7755	0.999	0.000E+00	0	4334	4335	0	4334	4335	0	4334	0	4	4335M
SRR5467090_NODE_487_length_3946_cov_10.150788	SRR5467090_k141_17386	7028	0.999	0.000E+00	0	3926	3946	0	3926	3958	0	3945	0	1	3927M
SRR6253161_NODE_902_length_3787_cov_8.388530	SRR5466369_k141_59350	6772	0.999	0.000E+00	3	3786	3787	0	3783	3801	0	3786	0	1	3784M
SRR6253161_NODE_902_length_3787_cov_8.388530	SRR5466364_k141_96590	6582	1.00	0.000E+00	0	3672	3787	0	3672	3757	0	3786	0	1	3673M
SRR6960509_NODE_1853_length_3506_cov_498.270026	SRR6960509_k141_51815	6220	0.996	0.000E+00	0	3505	3506	0	3505	3937	0	3505	0	2	3506M
SRR6960509_NODE_1853_length_3506_cov_498.270026	SRR6960551_k141_58294	6204	0.995	0.000E+00	3505	4	3506	930	4431	4432	3505	0	0	2	3502M
SRR6960797_NODE_431_length_3637_cov_12.730640	SRR6960797_k141_33853	6509	1.00	0.000E+00	0	3631	3637	0	3631	3632	0	3636	0	2	3632M
SRR7976301_NODE_528_length_4001_cov_128.247200	SRR7976301_k141_34515	7155	1.00	0.000E+00	6	3998	4001	0	3992	3993	0	4000	0	1	3993M
SRR6960803_NODE_2135_length_3623_cov_6.162817	SRR6960803_k141_108340	6394	0.999	0.000E+00	3622	49	3623	0	3574	3575	3622	0	0	1	3157M1D417M
SRR7976324_NODE_185_length_4198_cov_395.961697	SRR7976324_k141_16482	7407	0.995	0.000E+00	7	4182	4198	468	4643	4783	0	4197	0	1	4176M
SRR7976324_NODE_185_length_4198_cov_395.961697	SRR7976323_k141_20951	6784	0.992	0.000E+00	59	3911	4198	77	3929	4028	0	4197	0	1	3853M
SRR6960799_NODE_394_length_4334_cov_12.528280	SRR6960799_k141_37579	7740	0.999	0.000E+00	11	4332	4334	0	4321	4322	0	4333	0	2	4322M
SRR7976357_NODE_1683_length_3727_cov_6.413246	SRR7976357_k141_58452	6664	0.999	0.000E+00	3726	3	3727	0	3723	3724	3726	0	0	1	3724M
SRR7976325_NODE_219_length_3859_cov_7.580560	SRR7976325_k141_15905	6851	0.998	0.000E+00	0	3832	3859	0	3832	3833	0	3858	0	1	3833M
SRR6960507_NODE_1181_length_3730_cov_5.351107	SRR6960507_k141_5072	6671	0.999	0.000E+00	0	3729	3730	0	3729	3730	0	3729	0	1	3730M
SRR6960507_NODE_1181_length_3730_cov_5.351107	SRR7976300_k141_30321	6432	0.996	0.000E+00	3672	51	3730	208	3829	3830	3729	0	0	1	3622M
SRR5466723_NODE_345_length_4460_cov_291.235013	SRR5466723_k141_22001	7963	0.999	0.000E+00	4453	0	4460	0	4453	4454	4459	0	0	2	4454M
SRR5466723_NODE_345_length_4460_cov_291.235013	SRR6255733_k141_18943	7826	0.999	0.000E+00	2	4376	4460	2	4376	4592	0	4459	0	2	4375M
SRR5466723_NODE_345_length_4460_cov_291.235013	SRR5466725_k141_105146	7763	0.999	0.000E+00	4397	56	4460	1	4342	6270	4459	0	0	2	4342M
SRR5466727_NODE_1116_length_3708_cov_251.137276	SRR6255746_k141_16223	6534	0.993	0.000E+00	3707	2	3708	25	3730	3731	3707	0	0	3	3706M
SRR5466727_NODE_1116_length_3708_cov_251.137276	SRR5466723_k141_15108	6415	0.994	0.000E+00	3705	79	3708	0	3626	3722	3707	0	0	3	3627M
SRR5467090_NODE_626_length_3596_cov_31.962532	SRR5467090_k141_21498	6408	0.997	0.000E+00	3595	0	3596	28	3623	3624	3595	0	0	2	3596M
SRR5467090_NODE_626_length_3596_cov_31.962532	SRR5466728_k141_34192	6234	0.995	0.000E+00	3568	48	3596	121	3641	3828	3595	0	0	2	3521M
SRR6254984_NODE_473_length_4223_cov_104.363373	SRR6254984_k141_50328	7567	1.00	0.000E+00	4222	0	4223	0	4222	4223	4222	0	0	2	4223M
SRR6254984_NODE_473_length_4223_cov_104.363373	SRR5466338_k141_96778	6977	0.999	0.000E+00	3895	0	4223	210	4105	4106	4222	0	0	2	3896M
SRR6254984_NODE_473_length_4223_cov_104.363373	SRR6255513_k141_34841	6939	1.00	0.000E+00	3896	25	4223	0	3871	3940	4222	0	0	2	3872M
SRR6960549_NODE_81_length_3709_cov_8.153190	SRR6960549_k141_12052	6620	0.999	0.000E+00	8	3706	3709	0	3698	3699	0	3708	0	3	3699M
SRR6960799_NODE_621_length_3716_cov_6.097447	SRR6960799_k141_118211	6596	0.998	0.000E+00	3690	0	3716	0	3690	3691	3715	0	0	1	3691M
SRR7976323_NODE_1439_length_3718_cov_13.644444	SRR7976323_k141_64081	6513	0.991	0.000E+00	3717	0	3718	0	3718	3719	3717	0	0	1	87M1D3631M
SRR7976323_NODE_1439_length_3718_cov_13.644444	SRR6960802_k141_80032	6485	0.992	0.000E+00	3717	33	3718	0	3685	3686	3717	0	0	1	87M1D3598M
SRR7976325_NODE_343_length_3364_cov_5.172592	SRR7976325_k141_4451	5964	1.00	0.000E+00	30	3357	3364	0	3327	3328	0	3363	0	2	3328M
SRR5467139_NODE_70_length_3984_cov_42.503707	SRR5208570_k141_63256	6875	0.992	0.000E+00	69	3982	3984	0	3913	3943	0	3983	0	1	3914M
SRR5466725_NODE_1500_length_3892_cov_27.018853	SRR5466725_k141_104948	6973	1.00	0.000E+00	3890	0	3892	0	3890	3891	3891	0	0	1	3891M
SRR5466729_NODE_623_length_4244_cov_122.584512	SRR5466729_k141_66119	7598	1.00	0.000E+00	4239	0	4244	0	4239	4240	4243	0	0	1	4240M
SRR6255746_NODE_633_length_3701_cov_9.520948	SRR6255733_k141_34695	6607	0.999	0.000E+00	3	3694	3701	0	3691	3692	0	3700	0	1	3692M
SRR6960551_NODE_548_length_3589_cov_16.110068	SRR6960551_k141_30063	6423	1.00	0.000E+00	5	3588	3589	0	3583	3584	0	3588	0	1	3584M
SRR6050698_NODE_133_length_3567_cov_77.184602	SRR6050698_k141_16058	6392	1.00	0.000E+00	3566	0	3567	0	3566	3567	3566	0	0	301	3567M
SRR5466366_NODE_1144_length_4333_cov_42.589437	SRR5466338_k141_55708	7548	1.00	0.000E+00	0	4211	4333	246	4457	4532	0	4332	0	1	4212M
SRR5466366_NODE_1144_length_4333_cov_42.589437	SRR6254353_k141_18183	7545	0.999	0.000E+00	4212	0	4333	108	4320	4325	4332	0	0	1	4213M
SRR5466366_NODE_1144_length_4333_cov_42.589437	SRR6254893_k141_22990	7541	0.999	0.000E+00	4212	0	4333	54	4266	4341	4332	0	0	1	4213M
SRR5466366_NODE_1144_length_4333_cov_42.589437	SRR5467090_k141_31441	7541	0.999	0.000E+00	4212	0	4333	98	4310	4663	4332	0	0	1	4213M
SRR5466366_NODE_1144_length_4333_cov_42.589437	SRR5467091_k141_79590	7464	0.999	0.000E+00	39	4211	4333	96	4268	4357	0	4332	0	1	4173M
SRR5466725_NODE_1855_length_3510_cov_10.777713	SRR5466725_k141_81091	6288	1.00	0.000E+00	3508	0	3510	0	3508	3509	3509	0	0	5	3509M
SRR5466729_NODE_1409_length_3094_cov_7.641840	SRR5466727_k141_44786	5417	0.998	0.000E+00	3035	0	3094	1005	4041	4046	3093	0	0	1	10M1D3026M
SRR6253161_NODE_437_length_4779_cov_8.244794	SRR5466365_k141_76870	8556	0.999	0.000E+00	2	4778	4779	0	4776	4777	0	4778	0	1	4777M
SRR6960797_NODE_258_length_4298_cov_5.081183	SRR6960797_k141_47730	7702	1.00	0.000E+00	4297	0	4298	0	4297	4298	4297	0	0	1	4298M
SRR7976301_NODE_468_length_4228_cov_17.214200	SRR7976310_k141_58466	7539	1.00	0.000E+00	21	4227	4228	0	4206	4210	0	4227	0	1	4207M
SRR5995670_NODE_366_length_3347_cov_2.947581	SRR5995670_k141_5362	5965	0.997	0.000E+00	3346	0	3347	2	3349	3350	3346	0	0	1	334M1D3013M
SRR6960803_NODE_1877_length_3846_cov_27.213623	SRR6960803_k141_38471	6882	0.999	0.000E+00	3845	3	3846	0	3842	3843	3845	0	0	1	3843M
SRR7976300_NODE_1180_length_3579_cov_7.766686	SRR6960507_k141_71808	6346	0.999	0.000E+00	33	3578	3579	0	3545	3547	0	3578	0	1	3546M
SRR7687308_NODE_1573_length_3771_cov_5.457004	SRR7687308_k141_117758	6729	0.998	0.000E+00	3764	0	3771	0	3764	3765	3770	0	0	1	3765M
SRR6960799_NODE_625_length_3711_cov_26.999725	SRR6960799_k141_98715	6650	1.00	0.000E+00	0	3710	3711	0	3710	3711	0	3710	0	1	3711M
SRR7976325_NODE_375_length_3255_cov_3.415148	SRR7976325_k141_28131	5804	0.998	0.000E+00	3254	3	3255	71	3323	3324	3254	0	0	1	1100M1D2152M
SRR5467139_NODE_84_length_3819_cov_8.173251	SRR5208575_k141_13103	6808	0.998	0.000E+00	0	3817	3819	25	3840	3841	0	3818	0	1	3747M2I69M
SRR5466364_NODE_1385_length_3650_cov_25.209114	SRR5466364_k141_57323	6532	0.999	0.000E+00	0	3649	3650	0	3649	3650	0	3649	0	1	3650M
SRR5466364_NODE_1385_length_3650_cov_25.209114	SRR5466338_k141_47000	6183	0.996	0.000E+00	3477	0	3650	250	3727	3740	3649	0	0	1	3478M
SRR5466725_NODE_1523_length_3869_cov_13.061380	SRR5466725_k141_105491	6906	0.998	0.000E+00	3868	0	3869	2	3870	3871	3868	0	0	2	3869M
SRR5466729_NODE_653_length_4168_cov_7.619048	SRR5466729_k141_155	7449	0.999	0.000E+00	4167	2	4168	0	4163	4164	4167	0	0	1	2419M1I1663M1I82M
SRR5467091_NODE_830_length_3708_cov_10.265750	SRR5467091_k141_11888	6640	0.999	0.000E+00	0	3707	3708	0	3707	3708	0	3707	0	1	3708M
SRR6960803_NODE_2209_length_3556_cov_21.281367	SRR6960803_k141_36910	6355	0.998	0.000E+00	3555	0	3556	0	3555	3556	3555	0	0	301	3556M
SRR6960803_NODE_2209_length_3556_cov_21.281367	SRR7976356_k141_60829	6221	0.999	0.000E+00	3484	6	3556	16	3494	3558	3555	0	0	301	3479M
SRR6960803_NODE_2209_length_3556_cov_21.281367	SRR7976357_k141_39612	6164	0.998	0.000E+00	3484	33	3556	2	3453	3632	3555	0	0	301	3452M
SRR7976357_NODE_1224_length_4266_cov_8.943000	SRR7976357_k141_77023	7623	0.999	0.000E+00	0	4263	4266	0	4263	4264	0	4265	0	3	4264M
SRR7976325_NODE_185_length_4025_cov_23.293269	SRR7976325_k141_56614	7174	0.998	0.000E+00	4024	4	4025	0	4020	4021	4024	0	0	1	4021M
SRR6960507_NODE_970_length_4040_cov_7.400807	SRR6960507_k141_27064	7218	1.00	0.000E+00	4036	9	4040	0	4027	4028	4039	0	0	1	4028M
SRR5466337_NODE_388_length_4774_cov_43.306743	SRR5467090_k141_31441	7693	0.999	0.000E+00	0	4297	4774	11	4308	4663	0	4773	0	1	4298M
SRR5466337_NODE_388_length_4774_cov_43.306743	SRR5466338_k141_55708	7672	0.999	0.000E+00	4298	15	4774	247	4530	4532	4773	0	0	1	4284M
SRR5466337_NODE_388_length_4774_cov_43.306743	SRR6254893_k141_22990	7638	0.999	0.000E+00	33	4297	4774	0	4264	4341	0	4773	0	1	4265M
SRR5466337_NODE_388_length_4774_cov_43.306743	SRR6254353_k141_18183	7634	0.999	0.000E+00	33	4297	4774	54	4318	4325	0	4773	0	1	4265M
SRR5466337_NODE_388_length_4774_cov_43.306743	SRR5467091_k141_79590	7622	0.999	0.000E+00	4260	0	4774	96	4356	4357	4773	0	0	1	4261M
SRR5466727_NODE_1012_length_3845_cov_129.505037	SRR5466727_k141_71588	6877	0.999	0.000E+00	0	3844	3845	0	3844	3845	0	3844	0	5	3845M
SRR5467090_NODE_500_length_3903_cov_8.332376	SRR5467090_k141_58077	6994	1.00	0.000E+00	3902	0	3903	0	3902	3903	3902	0	0	1	3903M
SRR6253579_NODE_810_length_3869_cov_234.698103	SRR5466369_k141_88246	6716	0.991	0.000E+00	3868	42	3869	0	3825	3826	3868	0	0	1	18M1I3808M
SRR6960549_NODE_35_length_4420_cov_7.577640	SRR6960549_k141_18137	7897	1.00	0.000E+00	6	4412	4420	0	4406	4407	0	4419	0	1	4407M
SRR6254984_NODE_577_length_3899_cov_213.276006	SRR5466369_k141_88246	6711	0.991	0.000E+00	3898	72	3899	0	3825	3826	3898	0	0	1	18M1I3808M
SRR6960549_NODE_87_length_3689_cov_4.960730	SRR6960549_k141_16032	6556	0.999	0.000E+00	0	3660	3689	0	3660	3661	0	3688	0	1	3661M
SRR7976299_NODE_63_length_3966_cov_11.293861	SRR7976299_k141_21962	7103	0.999	0.000E+00	0	3965	3966	0	3965	3966	0	3965	0	1	3966M
SRR7976310_NODE_478_length_4038_cov_94.458512	SRR7976310_k141_56246	7186	0.998	0.000E+00	0	4029	4038	36	4065	4066	0	4037	0	1	4030M
SRR6960799_NODE_454_length_4118_cov_14.802719	SRR6960799_k141_100848	7370	0.999	0.000E+00	0	4117	4118	0	4117	4118	0	4117	0	1	4118M
SRR7976357_NODE_1752_length_3652_cov_203.392288	SRR7976357_k141_3933	6531	0.999	0.000E+00	3651	0	3652	0	3651	3652	3651	0	0	1	3652M
SRR7976325_NODE_231_length_3801_cov_9.402629	SRR7976325_k141_54772	6776	0.998	0.000E+00	5	3800	3801	0	3795	3796	0	3800	0	1	3796M
SRR7473382_NODE_190_length_3545_cov_10.857431	SRR6050738_k141_7191	6308	0.997	0.000E+00	0	3544	3545	0	3544	3545	0	3544	0	1	3545M
SRR6960507_NODE_1257_length_3642_cov_25.077613	SRR6960507_k141_64340	6518	0.999	0.000E+00	0	3641	3642	0	3641	3663	0	3641	0	1	3642M
SRR5466723_NODE_558_length_3710_cov_9.310146	SRR5466723_k141_3288	6638	0.999	0.000E+00	1	3709	3710	0	3708	3709	0	3709	0	1	3709M
SRR6960799_NODE_489_length_4034_cov_165.971977	SRR6960799_k141_12111	7197	1.00	0.000E+00	4033	18	4034	0	4015	4148	4033	0	0	1	4016M
SRR7976357_NODE_1887_length_3533_cov_341.635549	SRR7976356_k141_65663	6277	1.00	0.000E+00	26	3528	3533	0	3502	3614	0	3532	0	1	3503M
SRR7976357_NODE_1887_length_3533_cov_341.635549	SRR7976357_k141_36232	6252	0.999	0.000E+00	3526	33	3533	1149	4642	5447	3532	0	0	1	3494M
SRR7976357_NODE_1887_length_3533_cov_341.635549	SRR6960803_k141_105588	6251	0.998	0.000E+00	10	3507	3533	0	3497	3584	0	3532	0	1	3498M
SRR7976325_NODE_239_length_3766_cov_5.803412	SRR7976325_k141_2311	6686	0.996	0.000E+00	3765	0	3766	0	3765	3766	3765	0	0	3	3766M
SRR6050738_NODE_61_length_4008_cov_22.053113	SRR6050738_k141_29123	7173	1.00	0.000E+00	4002	0	4008	0	4002	4003	4007	0	0	1	4003M
SRR5466725_NODE_1261_length_4235_cov_55.973330	SRR5466725_k141_99025	7523	1.00	0.000E+00	1	4198	4235	0	4197	4245	0	4234	0	1	4198M
SRR5466728_NODE_309_length_4316_cov_26.459580	SRR5467090_k141_73429	7664	0.999	0.000E+00	6	4287	4316	91	4372	4401	0	4315	0	1	4282M
SRR5467091_NODE_601_length_4194_cov_12.706867	SRR5467091_k141_46778	7489	0.999	0.000E+00	0	4188	4194	0	4188	4189	0	4193	0	1	4189M
SRR6255520_NODE_428_length_4110_cov_7.586326	SRR6255520_k141_37683	7365	1.00	0.000E+00	4109	0	4110	0	4109	4110	4109	0	0	1	4110M
SRR6255520_NODE_428_length_4110_cov_7.586326	SRR6253161_k141_64253	7275	1.00	0.000E+00	4109	50	4110	110	4169	4170	4109	0	0	1	4060M
SRR6960551_NODE_405_length_4040_cov_486.750189	SRR6960551_k141_62068	7228	0.999	0.000E+00	4039	4	4040	0	4035	4036	4039	0	0	2	4036M
SRR6960551_NODE_405_length_4040_cov_486.750189	SRR6960509_k141_107721	7150	0.997	0.000E+00	12	4031	4040	15	4034	4039	0	4039	0	2	4020M
SRR5466728_NODE_403_length_3944_cov_27.845260	SRR5466728_k141_20356	7063	0.999	0.000E+00	3943	0	3944	251	4194	4195	3943	0	0	2	3944M
SRR5467091_NODE_623_length_4136_cov_6.484371	SRR5467091_k141_58829	7378	0.999	0.000E+00	1	4120	4136	0	4119	4120	0	4135	0	1	4120M
SRR6255733_NODE_486_length_4128_cov_6.676202	SRR6255733_k141_37656	7388	0.999	0.000E+00	0	4127	4128	0	4127	4128	0	4127	0	1	4128M
SRR6960551_NODE_448_length_3853_cov_5.547884	SRR6960551_k141_73613	6905	1.00	0.000E+00	0	3852	3853	0	3852	3915	0	3852	0	1	3853M
SRR7976299_NODE_84_length_3750_cov_21.446288	SRR7976299_k141_2374	6553	0.998	0.000E+00	3668	0	3750	395	4063	4064	3749	0	0	1	3669M
SRR7976310_NODE_566_length_3796_cov_60.197690	SRR7976301_k141_24209	6801	1.00	0.000E+00	3794	0	3796	0	3794	3795	3795	0	0	1	3795M
SRR6960799_NODE_503_length_3983_cov_63.501790	SRR6960799_k141_3351	7103	0.999	0.000E+00	3971	3	3983	24	3992	3993	3982	0	0	1	3969M
SRR6960799_NODE_503_length_3983_cov_63.501790	SRR7976325_k141_38180	7026	0.999	0.000E+00	51	3976	3983	147	4072	4073	0	3982	0	1	3926M
SRR7976357_NODE_1983_length_3441_cov_16.879751	SRR7976357_k141_24444	6157	0.999	0.000E+00	0	3440	3441	0	3440	3441	0	3440	0	2	3441M
SRR7976325_NODE_250_length_3724_cov_18.926322	SRR7976325_k141_34495	6642	0.998	0.000E+00	0	3723	3724	0	3723	3724	0	3723	0	1	3724M
SRR5208570_NODE_70_length_4004_cov_12.022641	SRR6050738_k141_9003	7114	0.997	0.000E+00	1	4000	4004	0	3999	4014	0	4003	0	1	4000M
SRR6254353_NODE_678_length_4047_cov_7.940614	SRR6254353_k141_70744	7252	1.00	0.000E+00	0	4046	4047	0	4046	4047	0	4046	0	301	4047M
SRR6960549_NODE_41_length_4269_cov_207.844376	SRR7976299_k141_19879	7567	0.999	0.000E+00	28	4257	4269	636	4865	4866	0	4268	0	1	4230M
SRR7976299_NODE_54_length_4137_cov_19.527313	SRR7976299_k141_20259	7285	0.999	0.000E+00	68	4135	4137	1175	5242	5243	0	4136	0	1	4068M
SRR7976301_NODE_682_length_3660_cov_45.007806	SRR7976301_k141_30412	6557	1.00	0.000E+00	3659	1	3660	0	3658	3659	3659	0	0	1	3659M
SRR6960803_NODE_2697_length_3228_cov_6.326149	SRR7976356_k141_39722	5607	0.997	0.000E+00	79	3227	3228	699	3847	3918	0	3227	0	1	3149M
SRR6960803_NODE_2697_length_3228_cov_6.326149	SRR7976357_k141_34318	5593	0.996	0.000E+00	79	3224	3228	851	3996	3997	0	3227	0	1	3146M
SRR7976357_NODE_1649_length_3762_cov_5.087287	SRR7976357_k141_18718	6716	0.999	0.000E+00	3	3757	3762	0	3754	3755	0	3761	0	2	3755M
SRR7976325_NODE_206_length_3911_cov_6.408807	SRR7976325_k141_22174	6824	0.998	0.000E+00	84	3906	3911	0	3822	3823	0	3910	0	1	3823M
SRR7976356_NODE_1587_length_3533_cov_16.015896	SRR7976356_k141_60829	6263	1.00	0.000E+00	3503	9	3533	0	3494	3558	3532	0	0	1	3495M
SRR7976356_NODE_1587_length_3533_cov_16.015896	SRR6960803_k141_36910	6223	0.998	0.000E+00	3487	3	3533	71	3555	3556	3532	0	0	1	3485M
SRR7976356_NODE_1587_length_3533_cov_16.015896	SRR7976357_k141_39612	6172	0.998	0.000E+00	3489	36	3533	0	3453	3632	3532	0	0	1	3454M
SRR6960507_NODE_1137_length_3798_cov_48.993289	SRR6960507_k141_60564	6793	1.00	0.000E+00	1	3791	3798	0	3790	3791	0	3797	0	3	3791M
SRR5466337_NODE_630_length_4089_cov_7.588894	SRR5466337_k141_33643	7323	0.999	0.000E+00	4088	0	4089	0	4088	4089	4088	0	0	1	4089M
SRR7976299_NODE_62_length_3991_cov_5.374936	SRR7976299_k141_5033	7132	0.998	0.000E+00	1	3990	3991	0	3989	3990	0	3990	0	1	3990M
SRR7976310_NODE_453_length_4155_cov_12.311857	SRR7976310_k141_68958	7416	0.999	0.000E+00	4152	12	4155	0	4140	4141	4154	0	0	1	4141M
SRR6960799_NODE_438_length_4161_cov_12.605675	SRR7976325_k141_26012	7043	0.995	0.000E+00	4122	148	4161	0	3974	4870	4160	0	0	1	3975M
SRR7976325_NODE_229_length_3809_cov_16.460118	SRR7976325_k141_42843	6793	0.998	0.000E+00	3808	8	3809	0	3800	3801	3808	0	0	1	3801M
SRR7473382_NODE_142_length_3861_cov_509.458553	SRR6050716_k141_3189	6787	0.992	0.000E+00	3856	0	3861	0	3850	3861	3860	0	0	1	3838M6I13M
SRR5466727_NODE_1202_length_3582_cov_121.002850	SRR5466723_k141_9179	6385	0.998	0.000E+00	7	3581	3582	0	3573	3704	0	3581	0	1	2236M1I1338M
SRR5467090_NODE_630_length_3588_cov_16.652632	SRR5467090_k141_35687	6399	0.998	0.000E+00	3587	0	3588	0	3589	3590	3587	0	0	1	132M2D3456M
SRR5467090_NODE_630_length_3588_cov_16.652632	SRR5466365_k141_38362	6143	0.992	0.000E+00	3582	93	3588	0	3491	3586	3587	0	0	1	127M2D3363M
SRR7976325_NODE_267_length_3646_cov_13.792331	SRR7976325_k141_13953	6515	0.999	0.000E+00	3645	3	3646	0	3642	3643	3645	0	0	2	3643M
SRR5208570_NODE_71_length_3975_cov_65.103280	SRR5208570_k141_70858	7062	0.996	0.000E+00	3970	0	3975	7	3977	3978	3974	0	0	1	3971M
SRR5466338_NODE_1643_length_4003_cov_415.117303	SRR5466369_k141_88246	6781	0.995	0.000E+00	0	3825	4003	0	3824	3826	0	4002	0	1	18M1I3807M
SRR5466725_NODE_1379_length_4061_cov_453.865346	SRR5466725_k141_100399	7243	1.00	0.000E+00	4050	9	4061	0	4041	4141	4060	0	0	1	4042M
SRR5466725_NODE_1379_length_4061_cov_453.865346	SRR6255733_k141_1932	7210	0.999	0.000E+00	35	4060	4061	80	4105	4107	0	4060	0	1	4026M
SRR5466728_NODE_457_length_3780_cov_9.045050	SRR5467090_k141_4116	6769	0.999	0.000E+00	3779	0	3780	0	3779	3824	3779	0	0	2	3780M
SRR5467091_NODE_655_length_4064_cov_11.156602	SRR5467091_k141_7043	7268	0.999	0.000E+00	4063	3	4064	0	4060	4061	4063	0	0	1	4061M
SRR6255733_NODE_589_length_3822_cov_35.847959	SRR5466725_k141_46128	6718	1.00	0.000E+00	3821	73	3822	2	3750	3969	3821	0	0	1	3749M
SRR6960551_NODE_455_length_3827_cov_51.043687	SRR6960797_k141_34774	6781	0.999	0.000E+00	3826	38	3827	0	3788	3789	3826	0	0	1	3789M
SRR7976299_NODE_102_length_3628_cov_7.421941	SRR7976299_k141_17024	6497	0.999	0.000E+00	3627	0	3628	3	3630	3631	3627	0	0	1	3628M
SRR7976310_NODE_593_length_3739_cov_9.512821	SRR7976310_k141_30854	6700	1.00	0.000E+00	0	3738	3739	0	3738	3739	0	3738	0	1	3739M
SRR5466364_NODE_866_length_4375_cov_6.517201	SRR5466364_k141_64533	7840	1.00	0.000E+00	0	4374	4375	0	4374	4375	0	4374	0	1	4375M
SRR5466364_NODE_866_length_4375_cov_6.517201	SRR5466365_k141_36451	4953	0.998	0.000E+00	2828	51	4375	1549	4325	4326	4374	0	0	1	25M1I2752M
SRR5466725_NODE_1439_length_3970_cov_10.782397	SRR5466725_k141_71409	7114	1.00	0.000E+00	0	3969	3970	0	3969	3970	0	3969	0	2	3970M
SRR5466729_NODE_438_length_4756_cov_33.926543	SRR6255746_k141_28865	8473	0.997	0.000E+00	4755	0	4756	0	4755	4793	4755	0	0	1	4756M
SRR5467091_NODE_748_length_3847_cov_6.433492	SRR5467091_k141_40884	6889	0.999	0.000E+00	3846	0	3847	0	3846	3847	3846	0	0	1	3847M
SRR6255746_NODE_554_length_3896_cov_197.733194	SRR6255746_k141_24303	6955	0.998	0.000E+00	0	3895	3896	0	3895	3896	0	3895	0	1	3896M
SRR6255746_NODE_554_length_3896_cov_197.733194	SRR5466725_k141_61370	6852	0.997	0.000E+00	3856	11	3896	1149	4994	4995	3895	0	0	1	3846M
SRR6255746_NODE_554_length_3896_cov_197.733194	SRR5466727_k141_25114	6687	0.997	0.000E+00	63	3821	3896	86	3844	3845	0	3895	0	1	3759M
SRR6960551_NODE_527_length_3643_cov_12.906162	SRR6960551_k141_905	6363	0.996	0.000E+00	65	3642	3643	0	3577	3578	0	3642	0	3	3578M
SRR7976300_NODE_1052_length_3748_cov_45.400544	SRR7976300_k141_30321	6570	0.997	0.000E+00	0	3692	3748	138	3829	3830	0	3747	0	1	11M1I3681M
SRR7976300_NODE_1052_length_3748_cov_45.400544	SRR6960507_k141_5072	6553	0.998	0.000E+00	3743	72	3748	0	3671	3730	3747	0	0	1	3672M
SRR7976310_NODE_770_length_3420_cov_7.564984	SRR7976310_k141_70985	6106	0.999	0.000E+00	3418	7	3420	0	3411	3412	3419	0	0	2	3412M
SRR6960799_NODE_605_length_3739_cov_6.505728	SRR7976325_k141_60758	6614	0.997	0.000E+00	3710	0	3739	0	3710	3711	3738	0	0	1	3711M
SRR7976323_NODE_1387_length_3779_cov_812.845656	SRR7976324_k141_44601	6657	0.998	0.000E+00	3771	47	3779	0	3724	3815	3778	0	0	1	3725M
SRR7976323_NODE_1387_length_3779_cov_812.845656	SRR6960802_k141_1623	6535	0.998	0.000E+00	3767	105	3779	1089	4752	5929	3778	0	0	1	5M1D3658M
SRR6960551_NODE_601_length_3466_cov_209.488948	SRR6960509_k141_113775	6176	0.999	0.000E+00	2	3455	3466	0	3453	3454	0	3465	0	301	3454M
SRR7976300_NODE_1332_length_3394_cov_9.368263	SRR7976300_k141_43130	6078	0.999	0.000E+00	3393	0	3394	0	3393	3394	3393	0	0	1	3394M
SRR6960803_NODE_1499_length_4269_cov_38.863441	SRR6960803_k141_25808	7623	0.998	0.000E+00	0	4268	4269	0	4268	4269	0	4268	0	1	4269M
SRR6960799_NODE_675_length_3595_cov_7.216638	SRR6960799_k141_15981	6411	0.998	0.000E+00	0	3594	3595	0	3594	3595	0	3594	0	1	3595M
SRR7976326_NODE_107_length_3933_cov_10.377979	SRR7976326_k141_23424	7040	0.999	0.000E+00	2	3932	3933	0	3930	3931	0	3932	0	1	3931M
SRR5466365_NODE_1187_length_3380_cov_118.088298	SRR6255521_k141_23032	5907	0.994	0.000E+00	3343	4	3380	344	3681	3682	3379	0	0	1	3244M2I94M
SRR5466365_NODE_1187_length_3380_cov_118.088298	SRR5466337_k141_37572	5897	0.994	0.000E+00	3344	6	3380	116	3451	3452	3379	0	0	1	3249M3I87M
SRR5466365_NODE_1187_length_3380_cov_118.088298	SRR6255402_k141_888	5859	0.994	0.000E+00	3321	6	3380	316	3629	3630	3379	0	0	1	3222M2I92M
SRR5466365_NODE_1187_length_3380_cov_118.088298	SRR6049586_k141_6284	5785	0.990	0.000E+00	34	3342	3380	137	3441	3450	0	3379	0	1	28M1I27M4I6M1D3243M
SRR5466365_NODE_1187_length_3380_cov_118.088298	SRR6255513_k141_14127	5732	0.991	0.000E+00	3277	6	3380	174	3442	3443	3379	0	0	1	3182M3I87M
SRR5466725_NODE_1798_length_3569_cov_16.490561	SRR5466725_k141_88082	6378	0.998	0.000E+00	3568	0	3569	0	3568	3569	3568	0	0	5	3569M
SRR6960507_NODE_1284_length_3617_cov_20.215858	SRR6960507_k141_14189	6438	0.998	0.000E+00	11	3615	3617	60	3664	3665	0	3616	0	1	3605M
SRR5466725_NODE_1196_length_4359_cov_56.067429	SRR5466725_k141_29163	7799	0.999	0.000E+00	4358	4	4359	0	4354	4355	4358	0	0	1	4355M
SRR5466725_NODE_1196_length_4359_cov_56.067429	SRR5466729_k141_24804	7715	0.999	0.000E+00	50	4357	4359	0	4307	4453	0	4358	0	1	4308M
SRR5466728_NODE_247_length_4792_cov_22.705658	SRR5467090_k141_1032	8448	0.993	0.000E+00	0	4786	4792	0	4786	4816	0	4791	0	2	4787M
SRR5467091_NODE_533_length_4407_cov_10.728657	SRR5467091_k141_65071	7870	0.999	0.000E+00	1	4397	4407	0	4396	4397	0	4406	0	1	4397M
SRR6255402_NODE_504_length_4093_cov_39.660945	SRR6255402_k141_13499	7335	1.00	0.000E+00	4092	0	4093	0	4092	4779	4092	0	0	1	4093M
SRR6255402_NODE_504_length_4093_cov_39.660945	SRR5466365_k141_25	7186	1.00	0.000E+00	4092	83	4093	0	4009	4151	4092	0	0	1	4010M
SRR6255402_NODE_504_length_4093_cov_39.660945	SRR5466338_k141_3607	7179	1.00	0.000E+00	4092	87	4093	0	4005	4124	4092	0	0	1	4006M
SRR6255402_NODE_504_length_4093_cov_39.660945	SRR6253161_k141_39154	7175	1.00	0.000E+00	4092	89	4093	14	4017	8334	4092	0	0	1	4004M
SRR6255402_NODE_504_length_4093_cov_39.660945	SRR5466369_k141_49057	7172	1.00	0.000E+00	4092	91	4093	7	4008	4066	4092	0	0	1	4002M
SRR6255402_NODE_504_length_4093_cov_39.660945	SRR5466366_k141_40490	7170	1.00	0.000E+00	4092	92	4093	0	4000	4080	4092	0	0	1	4001M
SRR6960549_NODE_106_length_3479_cov_57.047270	SRR6960549_k141_4692	6199	1.00	0.000E+00	3478	20	3479	562	4020	4022	3478	0	0	6	3459M
SRR7976299_NODE_68_length_3925_cov_59.756231	SRR7976299_k141_21044	7029	0.999	0.000E+00	0	3924	3925	0	3924	3925	0	3924	0	1	3925M
SRR7976299_NODE_68_length_3925_cov_59.756231	SRR6960549_k141_2910	6857	0.999	0.000E+00	91	3924	3925	383	4216	4221	0	3924	0	1	3834M
SRR7976310_NODE_532_length_3871_cov_71.953397	SRR7976310_k141_50396	6880	0.999	0.000E+00	3841	0	3871	332	4173	4174	3870	0	0	2	3842M
SRR6960799_NODE_482_length_4049_cov_29.961268	SRR7976325_k141_27138	7254	1.00	0.000E+00	0	4047	4049	0	4047	4048	0	4048	0	1	4048M
SRR6960799_NODE_534_length_3876_cov_5.814094	SRR6960799_k141_44674	6887	0.997	0.000E+00	8	3875	3876	0	3867	3868	0	3875	0	1	3868M
SRR7976327_NODE_2970_length_3684_cov_15.131543	SRR6960801_k141_38557	6508	0.995	0.000E+00	0	3668	3684	5	3673	3674	0	3683	0	1	3669M
SRR7976325_NODE_270_length_3627_cov_3265.837648	SRR7976325_k141_16397	5743	0.999	0.000E+00	3625	417	3627	0	3207	3660	3626	0	0	1	2387M1I821M
SRR5208570_NODE_101_length_3509_cov_9.250582	SRR6050483_k141_1213	6274	0.999	0.000E+00	3508	3	3509	5	3510	3511	3508	0	0	1	3506M
SRR5466338_NODE_2055_length_3562_cov_18.285755	SRR5466338_k141_74943	6375	0.999	0.000E+00	3561	2	3562	0	3559	3680	3561	0	0	1	3560M
SRR5466725_NODE_1389_length_4051_cov_10.295877	SRR5466727_k141_44786	7223	0.998	0.000E+00	4045	0	4051	0	4045	4046	4050	0	0	1	4046M
SRR5466728_NODE_465_length_3752_cov_24.846426	SRR5467090_k141_2299	6582	1.00	0.000E+00	6	3678	3752	0	3672	3673	0	3751	0	1	3673M
SRR5467091_NODE_686_length_4002_cov_18.132095	SRR5467091_k141_5373	7172	1.00	0.000E+00	4001	0	4002	0	4001	4002	4001	0	0	1	4002M
SRR6255733_NODE_630_length_3713_cov_8.965934	SRR5466723_k141_3288	6518	0.999	0.000E+00	3644	0	3713	0	3644	3709	3712	0	0	1	3645M
SRR6960551_NODE_472_length_3760_cov_23.829672	SRR6960551_k141_6196	6718	0.999	0.000E+00	3753	0	3760	0	3753	3755	3759	0	0	1	3754M
SRR5466725_NODE_1669_length_3703_cov_236.622590	SRR6255746_k141_16223	6529	0.993	0.000E+00	3702	2	3703	30	3730	3731	3702	0	0	1	3701M
SRR5466725_NODE_1669_length_3703_cov_236.622590	SRR5466723_k141_15108	6400	0.994	0.000E+00	3702	79	3703	3	3626	3722	3702	0	0	1	3624M
SRR5466729_NODE_852_length_3826_cov_17.774047	SRR6255746_k141_1054	6767	0.998	0.000E+00	3823	38	3826	0	3785	3786	3825	0	0	2	3786M
SRR6960509_NODE_1227_length_4196_cov_14.454038	SRR6960551_k141_80417	7483	0.998	0.000E+00	4195	0	4196	0	4195	4196	4195	0	0	1	4196M
SRR6960551_NODE_565_length_3536_cov_15.473000	SRR6960551_k141_39410	6286	0.998	0.000E+00	1	3523	3536	0	3522	3523	0	3535	0	1	3523M
SRR7976300_NODE_1331_length_3395_cov_8.527092	SRR7976300_k141_16200	5996	1.00	0.000E+00	3394	49	3395	0	3345	3346	3394	0	0	1	3346M
SRR5995670_NODE_289_length_3668_cov_33.348942	SRR5995670_k141_41644	6538	0.999	0.000E+00	0	3650	3668	0	3650	3730	0	3667	0	27346816	3651M
SRR6253161_NODE_799_length_3938_cov_7.989392	SRR5466365_k141_76517	6998	0.998	0.000E+00	23	3937	3938	0	3914	3976	0	3937	0	301	3915M
SRR6960797_NODE_279_length_4185_cov_73.712792	SRR6960797_k141_50452	7429	1.00	0.000E+00	0	4145	4185	0	4145	4146	0	4184	0	1	4146M
SRR7976301_NODE_476_length_4201_cov_929.770833	SRR6960549_k141_22075	7432	0.999	0.000E+00	4185	36	4201	0	4149	4617	4200	0	0	1	4150M
SRR7976301_NODE_476_length_4201_cov_929.770833	SRR7976310_k141_57211	7381	0.999	0.000E+00	45	4168	4201	36	4159	4473	0	4200	0	1	4124M
SRR6960803_NODE_2075_length_3676_cov_14.706078	SRR7976356_k141_47516	6544	0.997	0.000E+00	3673	0	3676	0	3673	3674	3675	0	0	2	3674M
SRR6960799_NODE_835_length_3340_cov_4.952250	SRR6960799_k141_26344	5964	0.999	0.000E+00	6	3339	3340	0	3334	3335	0	3339	0	1	942M1D2392M
SRR7976326_NODE_147_length_3559_cov_4.483075	SRR7976326_k141_28523	6265	1.00	0.000E+00	3500	5	3559	0	3495	3496	3558	0	0	1	3496M
SRR7976356_NODE_1266_length_3919_cov_35.974779	SRR7976356_k141_39722	7012	0.999	0.000E+00	0	3917	3919	0	3917	3918	0	3918	0	1	3918M
SRR7976356_NODE_1266_length_3919_cov_35.974779	SRR7976357_k141_34318	6842	0.998	0.000E+00	17	3844	3919	169	3996	3997	0	3918	0	1	3828M
SRR6960507_NODE_784_length_4376_cov_20.267488	SRR7976300_k141_20868	7737	0.994	0.000E+00	4375	1	4376	0	4374	4375	4375	0	0	2	4375M
SRR5466369_NODE_1718_length_4054_cov_34.288872	SRR5466369_k141_33380	7250	1.00	0.000E+00	8	4053	4054	0	4045	4179	0	4053	0	1	4046M
SRR5466369_NODE_1718_length_4054_cov_34.288872	SRR5466365_k141_56011	7072	0.999	0.000E+00	19	3967	4054	32	3980	4158	0	4053	0	1	3949M
SRR7976299_NODE_80_length_3766_cov_136.318440	SRR7976299_k141_8599	6749	1.00	0.000E+00	3765	0	3766	0	3765	3766	3765	0	0	2	3766M
SRR7976310_NODE_555_length_3822_cov_16.992531	SRR7976310_k141_68980	6831	0.998	0.000E+00	3821	0	3822	0	3821	3822	3821	0	0	1	3822M
SRR6960799_NODE_493_length_4013_cov_8.697208	SRR6960799_k141_20589	7173	1.00	0.000E+00	4011	9	4013	0	4002	4003	4012	0	0	1	4003M
SRR7976357_NODE_1904_length_3509_cov_33.560827	SRR7976357_k141_32901	6277	1.00	0.000E+00	0	3502	3509	0	3502	3503	0	3508	0	1	3503M
SRR7976325_NODE_240_length_3764_cov_10.396099	SRR7976325_k141_64980	6723	0.998	0.000E+00	3763	0	3764	0	3763	3764	3763	0	0	1	3764M
SRR6050738_NODE_67_length_3915_cov_14.334461	SRR6050738_k141_35772	7000	0.999	0.000E+00	3913	0	3915	0	3913	3914	3914	0	0	1	3914M
SRR5466338_NODE_1374_length_4358_cov_51.756126	SRR5466338_k141_55708	7809	1.00	0.000E+00	0	4357	4358	174	4531	4532	0	4357	0	1	4358M
SRR5466338_NODE_1374_length_4358_cov_51.756126	SRR5467090_k141_31441	7671	0.999	0.000E+00	4357	72	4358	25	4310	4663	4357	0	0	1	4286M
SRR5466338_NODE_1374_length_4358_cov_51.756126	SRR6254893_k141_22990	7642	0.999	0.000E+00	4338	72	4358	0	4266	4341	4357	0	0	1	4267M
SRR5466338_NODE_1374_length_4358_cov_51.756126	SRR6254353_k141_18183	7641	0.999	0.000E+00	4338	70	4358	54	4322	4325	4357	0	0	1	4269M
SRR5466338_NODE_1374_length_4358_cov_51.756126	SRR5467091_k141_79590	7595	0.999	0.000E+00	111	4356	4358	96	4341	4357	0	4357	0	1	4246M
SRR5466725_NODE_1294_length_4188_cov_52.236452	SRR5466725_k141_108433	7460	0.999	0.000E+00	19	4187	4188	0	4169	4170	0	4187	0	5	22M1D4147M
SRR5466728_NODE_392_length_3981_cov_14.738997	SRR5466728_k141_58640	7129	0.999	0.000E+00	0	3980	3981	0	3980	3981	0	3980	0	1	3981M
SRR5467091_NODE_619_length_4144_cov_79.884058	SRR5467090_k141_5460	7319	0.997	0.000E+00	37	4143	4144	1628	5734	5736	0	4143	0	1	4107M
SRR5467091_NODE_619_length_4144_cov_79.884058	SRR5466728_k141_7134	7249	0.999	0.000E+00	4090	38	4144	384	4436	4437	4143	0	0	1	4053M
SRR5466727_NODE_1037_length_3808_cov_18.897992	SRR5466725_k141_75388	6747	0.998	0.000E+00	33	3807	3808	0	3774	3780	0	3807	0	301	3775M
SRR5467090_NODE_530_length_3812_cov_13.451190	SRR5467090_k141_36658	6826	1.00	0.000E+00	3	3811	3812	0	3808	3809	0	3811	0	1	3809M
SRR6254353_NODE_735_length_3902_cov_297.642727	SRR5466369_k141_88246	6792	0.996	0.000E+00	3895	71	3902	0	3824	3826	3901	0	0	1	3825M
SRR6960549_NODE_45_length_4187_cov_5.088721	SRR6960549_k141_7975	7368	0.995	0.000E+00	33	4186	4187	0	4153	4154	0	4186	0	1	4154M
SRR7976299_NODE_56_length_4128_cov_44.783231	SRR7976299_k141_1552	7395	1.00	0.000E+00	0	4126	4128	65	4191	4192	0	4127	0	1	4127M
SRR7976310_NODE_337_length_4681_cov_7.320095	SRR7976310_k141_9036	8287	0.999	0.000E+00	2	4628	4681	0	4626	4627	0	4680	0	1	4627M
SRR6960801_NODE_2939_length_3730_cov_24.175554	SRR6960801_k141_3744	6684	1.00	0.000E+00	3729	0	3730	0	3729	3730	3729	0	0	1	3730M
SRR7976357_NODE_1659_length_3753_cov_180.267935	SRR7976356_k141_38415	6705	0.999	0.000E+00	3	3746	3753	0	3743	3885	0	3752	0	1	3744M
SRR7976357_NODE_1659_length_3753_cov_180.267935	SRR6960803_k141_29189	6691	1.00	0.000E+00	3	3736	3753	0	3733	4252	0	3752	0	1	3734M
SRR7976356_NODE_1708_length_3417_cov_18.430921	SRR6960803_k141_17377	6065	0.996	0.000E+00	3416	0	3417	1	3417	3418	3416	0	0	2	3417M
SRR7976300_NODE_651_length_4513_cov_20.050225	SRR7976300_k141_45019	8068	0.999	0.000E+00	0	4504	4513	0	4504	4505	0	4512	0	1	4505M
SRR7976310_NODE_632_length_3650_cov_15.268940	SRR7976310_k141_69626	6528	0.999	0.000E+00	3647	0	3650	0	3647	3648	3649	0	0	1	3648M
SRR6960799_NODE_536_length_3873_cov_14.041842	SRR6960799_k141_29341	6936	0.999	0.000E+00	3872	0	3873	0	3872	3873	3872	0	0	1	3873M
SRR7976323_NODE_903_length_4508_cov_3.956032	SRR7976323_k141_51982	8057	1.00	0.000E+00	4503	8	4508	0	4495	4496	4507	0	0	1	4496M
SRR7976325_NODE_288_length_3558_cov_53.308178	SRR6960799_k141_12910	6339	0.998	0.000E+00	3	3557	3558	0	3554	3555	0	3557	0	1	3555M
SRR7976325_NODE_288_length_3558_cov_53.308178	SRR7976325_k141_12598	6217	0.990	0.000E+00	3551	0	3558	0	3551	3552	3557	0	0	1	3552M
SRR5208570_NODE_112_length_3416_cov_16.616213	SRR5467137_k141_286	6101	0.999	0.000E+00	4	3415	3416	0	3411	3508	0	3415	0	2	3412M
SRR5466338_NODE_2222_length_3417_cov_137.069079	SRR5466337_k141_37572	5959	0.998	0.000E+00	3409	75	3417	117	3451	3452	3416	0	0	1	3335M
SRR5466338_NODE_2222_length_3417_cov_137.069079	SRR6255521_k141_23032	5947	0.997	0.000E+00	3409	73	3417	344	3681	3682	3416	0	0	1	3247M1D90M
SRR5466338_NODE_2222_length_3417_cov_137.069079	SRR6255402_k141_888	5899	0.997	0.000E+00	3387	75	3417	316	3629	3630	3416	0	0	1	3225M1D88M
SRR5466338_NODE_2222_length_3417_cov_137.069079	SRR6049586_k141_6284	5868	0.995	0.000E+00	103	3416	3417	137	3449	3450	0	3416	0	1	28M1I3285M
SRR5466338_NODE_2222_length_3417_cov_137.069079	SRR6255513_k141_14127	5805	0.996	0.000E+00	3343	75	3417	174	3442	3443	3416	0	0	1	3269M
SRR5466728_NODE_516_length_3633_cov_32.451404	SRR5466728_k141_34192	6384	0.996	0.000E+00	0	3594	3633	47	3641	3828	0	3632	0	5	3595M
SRR5466728_NODE_516_length_3633_cov_32.451404	SRR5467090_k141_21498	6311	0.995	0.000E+00	74	3632	3633	55	3613	3624	0	3632	0	5	3559M
SRR5467091_NODE_719_length_3912_cov_19.857775	SRR5467091_k141_11713	6957	0.996	0.000E+00	3911	0	3912	0	3911	3912	3911	0	0	2	3912M
SRR7976325_NODE_312_length_3486_cov_9.947846	SRR7976325_k141_15967	6228	0.999	0.000E+00	3485	1	3486	0	3483	3484	3485	0	0	1	199M1I3285M
SRR5208575_NODE_59_length_3605_cov_8.214609	SRR6050738_k141_1958	6398	0.998	0.000E+00	22	3604	3605	0	3582	3592	0	3604	0	1	3583M
SRR5466364_NODE_1215_length_3832_cov_11.315243	SRR5466364_k141_49609	6854	0.999	0.000E+00	3829	0	3832	0	3829	3830	3831	0	0	1	3830M
SRR5466725_NODE_1499_length_3892_cov_32.532862	SRR5466729_k141_46725	6948	0.999	0.000E+00	2	3886	3892	0	3884	3885	0	3891	0	1	3885M
SRR5466729_NODE_512_length_4502_cov_761.194175	SRR5466729_k141_70893	8026	1.00	0.000E+00	4478	0	4502	0	4478	5007	4501	0	0	1	4479M
SRR5467091_NODE_751_length_3846_cov_13.740525	SRR5467091_k141_67650	6879	0.999	0.000E+00	0	3845	3846	0	3845	3846	0	3845	0	1	3846M
SRR6255746_NODE_621_length_3731_cov_76.549207	SRR6255746_k141_16223	6637	0.997	0.000E+00	0	3730	3731	0	3730	3731	0	3730	0	1	3731M
SRR6255746_NODE_621_length_3731_cov_76.549207	SRR5466723_k141_15108	6459	0.997	0.000E+00	27	3653	3731	0	3626	3722	0	3730	0	1	3627M
SRR6960551_NODE_532_length_3629_cov_824.531496	SRR6960551_k141_63062	6401	0.998	0.000E+00	25	3606	3629	31	3612	3770	0	3628	0	2	3582M
SRR7976300_NODE_1079_length_3711_cov_36.425234	SRR7976300_k141_7859	6644	0.999	0.000E+00	3709	0	3711	7	3716	3717	3710	0	0	1	3710M
SRR7687334_NODE_1154_length_3623_cov_782.569014	SRR7687334_k141_31193	6264	0.999	0.000E+00	3497	0	3623	26	3523	3524	3622	0	0	1	3498M
SRR6960803_NODE_1402_length_4423_cov_12.842069	SRR6960803_k141_11595	7917	1.00	0.000E+00	0	4417	4423	0	4417	4418	0	4422	0	301	4418M
SRR6960799_NODE_659_length_3626_cov_24.458767	SRR7976325_k141_16397	6485	0.999	0.000E+00	0	3625	3626	35	3659	3660	0	3625	0	1	2352M1I1273M
SRR6960802_NODE_875_length_3832_cov_35.595105	SRR6960802_k141_48935	6863	1.00	0.000E+00	0	3829	3832	0	3829	3830	0	3831	0	1	3830M
SRR6050482_NODE_9_length_4315_cov_8.494342	SRR6050482_k141_6209	7728	0.999	0.000E+00	0	4314	4315	0	4314	4315	0	4314	0	1	4315M
SRR5466365_NODE_1049_length_3549_cov_7.323360	SRR5466366_k141_50431	6306	0.997	0.000E+00	0	3543	3549	45	3588	3589	0	3548	0	1	3544M
SRR5466725_NODE_1678_length_3697_cov_9.929912	SRR5466727_k141_59381	6598	0.998	0.000E+00	0	3696	3697	0	3696	3697	0	3696	0	1	3697M
SRR5466729_NODE_914_length_3717_cov_605.864435	SRR5466729_k141_61523	6631	0.999	0.000E+00	3702	0	3717	162	3864	3865	3716	0	0	1	3703M
SRR5466729_NODE_914_length_3717_cov_605.864435	SRR5466723_k141_33629	6533	0.999	0.000E+00	68	3715	3717	163	3810	4014	0	3716	0	1	3648M
SRR5466729_NODE_914_length_3717_cov_605.864435	SRR6255733_k141_14949	6468	0.999	0.000E+00	3702	91	3717	134	3745	3989	3716	0	0	1	3612M
SRR5467091_NODE_1117_length_3313_cov_7.369753	SRR5467091_k141_20244	5934	1.00	0.000E+00	2	3312	3313	0	3310	3311	0	3312	0	3	3311M
SRR6960509_NODE_1452_length_3894_cov_29.064381	SRR6960551_k141_80107	6946	0.999	0.000E+00	12	3892	3894	0	3880	3881	0	3893	0	1	3881M
SRR5467091_NODE_922_length_3570_cov_63.004003	SRR5467091_k141_11050	6384	0.999	0.000E+00	0	3569	3570	0	3569	3570	0	3569	0	1	3570M
SRR6960509_NODE_1209_length_4222_cov_41.929140	SRR6960509_k141_45420	7560	1.00	0.000E+00	0	4218	4222	0	4218	4219	0	4221	0	1	4219M
SRR6960551_NODE_561_length_3540_cov_16.508220	SRR6960551_k141_73607	6321	0.998	0.000E+00	3539	0	3540	0	3539	3540	3539	0	0	1	3540M
SRR7976300_NODE_1322_length_3406_cov_20.780378	SRR7976300_k141_42415	6097	1.00	0.000E+00	3405	4	3406	0	3401	3402	3405	0	0	1	3402M
SRR5995670_NODE_287_length_3676_cov_18.377146	SRR5995670_k141_7373	6506	0.999	0.000E+00	43	3675	3676	0	3632	3633	0	3675	0	1	3633M
SRR6960799_NODE_650_length_3647_cov_3.979015	SRR6960799_k141_96870	6435	0.993	0.000E+00	0	3645	3647	0	3645	3646	0	3646	0	1	3646M
SRR7976323_NODE_1776_length_3386_cov_12.827950	SRR7976323_k141_17376	5958	0.996	0.000E+00	8	3364	3386	0	3356	3357	0	3385	0	1	3357M
SRR6960802_NODE_773_length_3981_cov_6.362845	SRR7976323_k141_37060	6996	1.00	0.000E+00	2	3905	3981	0	3903	3904	0	3980	0	1	3904M
SRR5467139_NODE_92_length_3677_cov_10.543008	SRR5467139_k141_16924	6585	0.999	0.000E+00	3676	0	3677	0	3676	3677	3676	0	0	1	3677M
SRR7976325_NODE_184_length_4026_cov_93.504427	SRR7976325_k141_45508	7179	0.998	0.000E+00	0	4025	4026	0	4025	4027	0	4025	0	301	4026M
SRR7976356_NODE_1396_length_3765_cov_6.340195	SRR6960803_k141_61611	6686	0.997	0.000E+00	14	3764	3765	0	3750	3761	0	3764	0	1	3751M
SRR6960507_NODE_969_length_4043_cov_4.717632	SRR6960507_k141_102737	6732	0.990	0.000E+00	197	4042	4043	0	3847	3848	0	4042	0	1	107M1D66M1D3673M
SRR5466369_NODE_2044_length_3725_cov_7.792169	SRR5466369_k141_87890	6670	1.00	0.000E+00	3721	0	3725	0	3721	3722	3724	0	0	1	3722M
SRR5466727_NODE_783_length_4299_cov_48.817795	SRR5466727_k141_57755	7704	1.00	0.000E+00	0	4298	4299	18	4316	4317	0	4298	0	1	4299M
SRR5466727_NODE_783_length_4299_cov_48.817795	SRR6255733_k141_29569	7510	0.999	0.000E+00	4268	73	4299	54	4249	4251	4298	0	0	1	4196M
SRR5467090_NODE_497_length_3912_cov_34.977859	SRR5467090_k141_42193	6998	0.999	0.000E+00	2	3911	3912	0	3909	3910	0	3911	0	2	3910M
SRR6253256_NODE_617_length_3957_cov_19.255922	SRR5466369_k141_105454	6884	0.995	0.000E+00	70	3953	3957	56	3939	3940	0	3956	0	1	3884M
SRR6253256_NODE_617_length_3957_cov_19.255922	SRR5466337_k141_23779	6847	0.995	0.000E+00	3927	61	3957	0	3867	4136	3956	0	0	1	3858M1D9M
SRR6253256_NODE_617_length_3957_cov_19.255922	SRR6255402_k141_28300	6836	0.995	0.000E+00	3931	72	3957	0	3859	3903	3956	0	0	1	3860M
SRR6253256_NODE_617_length_3957_cov_19.255922	SRR6254351_k141_40121	6830	0.995	0.000E+00	3926	73	3957	0	3853	3932	3956	0	0	1	3854M
SRR6960549_NODE_29_length_4583_cov_14.882040	SRR7976299_k141_23573	8062	0.997	0.000E+00	21	4549	4583	0	4528	4529	0	4582	0	4	4529M
SRR7976299_NODE_34_length_4645_cov_7.339458	SRR7976299_k141_4679	8309	0.999	0.000E+00	3	4644	4645	0	4641	4642	0	4644	0	1	4642M
SRR7976301_NODE_533_length_3981_cov_500.840583	SRR7976310_k141_43474	7113	0.999	0.000E+00	3980	9	3981	8	3979	3980	3980	0	0	1	3972M
SRR6255733_NODE_685_length_3560_cov_103.656725	SRR6255733_k141_26739	6226	0.998	0.000E+00	3559	73	3560	0	3486	3552	3559	0	0	1	3487M
SRR6960551_NODE_482_length_3737_cov_5.906386	SRR6960551_k141_40029	6639	0.996	0.000E+00	0	3736	3737	0	3736	3737	0	3736	0	1	3737M
SRR7976300_NODE_710_length_4378_cov_10.457607	SRR7976300_k141_60415	7842	1.00	0.000E+00	0	4375	4378	0	4375	4376	0	4377	0	1	4376M
SRR7976310_NODE_651_length_3618_cov_22.828491	SRR7976310_k141_1371	6473	1.00	0.000E+00	3611	0	3618	0	3611	3612	3617	0	0	1	3612M
SRR6960799_NODE_562_length_3825_cov_17.020789	SRR7976325_k141_56120	6824	0.998	0.000E+00	3823	6	3825	0	3817	3818	3824	0	0	1	3818M
SRR7976323_NODE_1271_length_3922_cov_155.891400	SRR6960802_k141_67924	6933	0.999	0.000E+00	48	3921	3922	692	4565	4566	0	3921	0	1	3874M
SRR7976325_NODE_293_length_3540_cov_7.903086	SRR6960799_k141_7030	6257	0.994	0.000E+00	0	3538	3540	7	3545	3546	0	3539	0	1	3539M
SRR5208572_NODE_20_length_4309_cov_39.945231	SRR5208572_k141_14676	7704	0.999	0.000E+00	0	4308	4309	0	4308	4309	0	4308	0	1	4309M
SRR5466364_NODE_864_length_4377_cov_9.674257	SRR5466364_k141_10329	7814	0.999	0.000E+00	4362	0	4377	0	4362	4363	4376	0	0	1	4363M
SRR5466725_NODE_1434_length_3976_cov_43.127082	SRR5466725_k141_67257	7096	0.998	0.000E+00	3975	1	3976	0	3974	3975	3975	0	0	1	3975M
SRR5466729_NODE_951_length_3663_cov_5.403621	SRR5466729_k141_28787	6536	0.999	0.000E+00	12	3661	3663	0	3649	3650	0	3662	0	301	3650M
SRR6253161_NODE_204_length_6354_cov_59.596720	SRR6253161_k141_39154	11385	1.00	0.000E+00	6353	0	6354	0	6353	8334	6353	0	0	1	6354M
SRR6253161_NODE_204_length_6354_cov_59.596720	SRR5466369_k141_49057	7184	1.00	0.000E+00	6346	2338	6354	0	4008	4066	6353	0	0	1	4009M
SRR6253161_NODE_204_length_6354_cov_59.596720	SRR5466338_k141_3607	7175	1.00	0.000E+00	6339	2336	6354	0	4003	4124	6353	0	0	1	4004M
SRR6253161_NODE_204_length_6354_cov_59.596720	SRR5466365_k141_25	7175	1.00	0.000E+00	6339	2336	6354	0	4003	4151	6353	0	0	1	4004M
SRR6253161_NODE_204_length_6354_cov_59.596720	SRR6255402_k141_13499	7175	1.00	0.000E+00	6339	2336	6354	0	4003	4779	6353	0	0	1	4004M
SRR6253161_NODE_204_length_6354_cov_59.596720	SRR5466366_k141_40490	7170	1.00	0.000E+00	6339	2339	6354	0	4000	4080	6353	0	0	1	4001M
SRR6960509_NODE_1480_length_3861_cov_370.235480	SRR6960551_k141_21578	6848	0.999	0.000E+00	9	3832	3861	574	4397	4398	0	3860	0	6	3824M
SRR6960551_NODE_693_length_3231_cov_8.764091	SRR6960551_k141_16953	5786	0.999	0.000E+00	3230	0	3231	0	3230	3231	3230	0	0	1	3231M
SRR7976300_NODE_1396_length_3327_cov_5.317455	SRR7976300_k141_1325	5881	0.999	0.000E+00	0	3283	3327	0	3283	3284	0	3326	0	1	3284M
SRR5995670_NODE_336_length_3476_cov_21.338205	SRR5995670_k141_2989	5891	0.995	0.000E+00	3330	0	3476	294	3621	3622	3475	0	0	1	3270M1I40M2I18M
SRR6960803_NODE_1518_length_4239_cov_3.951752	SRR6960803_k141_51535	7469	0.994	0.000E+00	4238	16	4239	309	4531	4532	4238	0	0	1	4223M
SRR6960799_NODE_695_length_3567_cov_18.964224	SRR6960799_k141_97462	6372	0.999	0.000E+00	3561	1	3567	0	3560	3561	3566	0	0	1	3561M
SRR7976326_NODE_108_length_3923_cov_7.418701	SRR7976326_k141_13959	6982	0.999	0.000E+00	3898	0	3923	0	3898	3899	3922	0	0	1	3899M
SRR6960802_NODE_892_length_3800_cov_16.314999	SRR6960802_k141_20594	6725	1.00	0.000E+00	3799	47	3800	0	3752	3753	3799	0	0	1	3753M
SRR5466728_NODE_569_length_3491_cov_7.908133	SRR5466728_k141_23485	6211	0.997	0.000E+00	0	3490	3491	0	3490	3491	0	3490	0	1	3491M
SRR5467091_NODE_740_length_3870_cov_7.866474	SRR5467091_k141_26185	6921	0.999	0.000E+00	3866	0	3870	0	3866	3867	3869	0	0	1	3867M
SRR6255746_NODE_496_length_4095_cov_71.044754	SRR6255733_k141_1727	7332	0.999	0.000E+00	1	4094	4095	0	4093	4094	0	4094	0	1	4094M
SRR6255746_NODE_496_length_4095_cov_71.044754	SRR7976310_k141_15385	7160	0.996	0.000E+00	67	4094	4095	785	4812	4814	0	4094	0	1	4028M
SRR6960551_NODE_485_length_3732_cov_20.336704	SRR6960551_k141_38427	6688	1.00	0.000E+00	3731	0	3732	11	3742	3743	3731	0	0	2	3732M
SRR7976300_NODE_1027_length_3790_cov_14.166532	SRR7976300_k141_31841	6765	0.998	0.000E+00	0	3789	3790	0	3789	3790	0	3789	0	1	3790M
SRR7976310_NODE_751_length_3451_cov_207.557430	SRR7976310_k141_63865	6156	0.998	0.000E+00	0	3449	3451	0	3449	3454	0	3450	0	1	3450M
SRR6960799_NODE_598_length_3750_cov_9.687517	SRR6960799_k141_74099	6707	0.999	0.000E+00	3745	1	3750	0	3744	3745	3749	0	0	1	3745M
SRR7976323_NODE_1322_length_3852_cov_543.351416	SRR7976324_k141_39099	6874	0.999	0.000E+00	3841	0	3852	1031	4873	4874	3851	0	0	1	3827M1D15M
SRR7976325_NODE_305_length_3512_cov_6.309974	SRR7976325_k141_34576	6289	0.999	0.000E+00	0	3511	3512	0	3511	3545	0	3511	0	1	3512M
SRR6255746_NODE_688_length_3546_cov_4.482868	SRR6255746_k141_8289	6342	0.999	0.000E+00	3545	2	3546	0	3543	3544	3545	0	0	1	3544M
SRR6960551_NODE_549_length_3587_cov_193.772908	SRR6960551_k141_15714	6351	0.996	0.000E+00	3586	13	3587	0	3573	3574	3586	0	0	1	3574M
SRR7976300_NODE_1184_length_3575_cov_10.948315	SRR7976300_k141_2906	6406	1.00	0.000E+00	3574	0	3575	0	3574	3575	3574	0	0	1	3575M
SRR6960799_NODE_632_length_3698_cov_6.670345	SRR6960799_k141_73076	6603	0.999	0.000E+00	0	3686	3698	0	3686	3687	0	3697	0	1	3687M
SRR7976323_NODE_1607_length_3553_cov_62.904023	SRR7976324_k141_12864	6301	0.999	0.000E+00	32	3552	3553	77	3597	3598	0	3552	0	1	3521M
SRR7976323_NODE_1607_length_3553_cov_62.904023	SRR6960802_k141_39625	6261	1.00	0.000E+00	11	3504	3553	0	3493	3633	0	3552	0	1	3494M
SRR6960802_NODE_686_length_4164_cov_13.455634	SRR6960802_k141_19206	7380	0.996	0.000E+00	0	4156	4164	67	4224	4321	0	4163	0	2	4148M1D9M
SRR5467139_NODE_91_length_3679_cov_10.358569	SRR5467139_k141_26187	6566	0.998	0.000E+00	0	3678	3679	0	3678	3679	0	3678	0	1	3679M
SRR5466365_NODE_808_length_3899_cov_402.751699	SRR5466369_k141_88246	6814	0.997	0.000E+00	1	3827	3899	0	3825	3826	0	3898	0	1	18M1I3808M
SRR5466725_NODE_1572_length_3817_cov_87.091880	SRR5466729_k141_74512	6825	0.999	0.000E+00	3816	6	3817	9	3819	3820	3816	0	0	1	3811M
SRR5466725_NODE_1572_length_3817_cov_87.091880	SRR5466723_k141_22106	6756	1.00	0.000E+00	3816	47	3817	0	3769	4151	3816	0	0	1	3770M
SRR6960507_NODE_1159_length_3760_cov_347.131272	SRR6960507_k141_90808	6720	1.00	0.000E+00	0	3749	3760	0	3749	3829	0	3759	0	301	3750M
SRR6960507_NODE_1159_length_3760_cov_347.131272	SRR7976295_k141_9071	6639	1.00	0.000E+00	3759	55	3760	0	3704	3788	3759	0	0	301	3705M
SRR5466337_NODE_643_length_4049_cov_43.838783	SRR5466369_k141_33380	7123	1.00	0.000E+00	2	3976	4049	0	3974	4179	0	4048	0	2	3975M
SRR5466337_NODE_643_length_4049_cov_43.838783	SRR5466365_k141_56011	7072	0.999	0.000E+00	13	3961	4049	32	3980	4158	0	4048	0	2	3949M
SRR5466727_NODE_1079_length_3747_cov_15.448285	SRR5466727_k141_58486	6710	0.999	0.000E+00	0	3746	3747	144	3890	3891	0	3746	0	2	3747M
SRR5467090_NODE_547_length_3776_cov_52.117202	SRR7976301_k141_11503	6496	0.991	0.000E+00	75	3775	3776	828	4529	4551	0	3775	0	1	3322M1D379M
SRR5467090_NODE_547_length_3776_cov_52.117202	SRR7976310_k141_33021	6473	0.991	0.000E+00	81	3775	3776	304	3998	4000	0	3775	0	1	6M1I3309M1D379M
SRR6254353_NODE_737_length_3900_cov_38.177685	SRR5466369_k141_105454	6849	0.996	0.000E+00	24	3880	3900	56	3912	3940	0	3899	0	2	3857M
SRR6254353_NODE_737_length_3900_cov_38.177685	SRR6255402_k141_28300	6847	0.996	0.000E+00	3881	26	3900	4	3859	3903	3899	0	0	2	3856M
SRR6254353_NODE_737_length_3900_cov_38.177685	SRR6254351_k141_40121	6835	0.995	0.000E+00	3880	27	3900	0	3853	3932	3899	0	0	2	3854M
SRR6254353_NODE_737_length_3900_cov_38.177685	SRR5466337_k141_23779	6819	0.994	0.000E+00	3881	27	3900	0	3854	4136	3899	0	0	2	3855M
SRR7976299_NODE_59_length_4073_cov_7.541750	SRR7976299_k141_3810	7240	0.999	0.000E+00	30	4072	4073	0	4042	4043	0	4072	0	4	4043M
SRR7976310_NODE_365_length_4535_cov_13.651950	SRR7976301_k141_84605	8055	0.998	0.000E+00	4511	2	4535	0	4509	4510	4534	0	0	1	4510M
SRR6960799_NODE_329_length_4675_cov_277.822903	SRR7976325_k141_38016	8249	0.999	0.000E+00	54	4664	4675	0	4610	4611	0	4674	0	1	4611M
SRR7976357_NODE_1674_length_3736_cov_8.163527	SRR7976357_k141_62750	6674	0.999	0.000E+00	9	3735	3736	0	3726	3727	0	3735	0	1	3727M
SRR6255733_NODE_330_length_4868_cov_140.939103	SRR6255733_k141_23526	8723	1.00	0.000E+00	0	4867	4868	67	4934	4935	0	4867	0	1	4868M
SRR6960551_NODE_437_length_3910_cov_16.045348	SRR6960509_k141_62682	6974	0.999	0.000E+00	1	3899	3910	0	3898	3899	0	3909	0	1	3899M
SRR7976299_NODE_83_length_3757_cov_369.722041	SRR6960549_k141_11616	6641	0.998	0.000E+00	3752	32	3757	0	3720	3846	3756	0	0	1	3721M
SRR7976310_NODE_562_length_3809_cov_177.833779	SRR7976310_k141_23957	6796	0.998	0.000E+00	0	3804	3809	0	3804	3835	0	3808	0	1	3805M
SRR6960799_NODE_495_length_4012_cov_5.364813	SRR6960799_k141_94633	7156	0.998	0.000E+00	4011	1	4012	0	4010	4012	4011	0	0	1	4011M
SRR7976357_NODE_1917_length_3499_cov_8.311734	SRR7976357_k141_70866	6231	0.997	0.000E+00	3497	0	3499	0	3498	3499	3498	0	0	1	55M1D3443M
SRR7976325_NODE_241_length_3763_cov_7.573984	SRR7976325_k141_22650	6743	1.00	0.000E+00	0	3762	3763	0	3762	3763	0	3762	0	1	3763M
SRR6050738_NODE_72_length_3784_cov_8.452439	SRR5467139_k141_26183	6759	0.998	0.000E+00	3783	0	3784	0	3783	3784	3783	0	0	1	3784M
SRR5466725_NODE_1305_length_4166_cov_12.517713	SRR7976301_k141_77021	7300	0.991	0.000E+00	4165	0	4166	3	4168	4169	4165	0	0	1	4166M
SRR7976301_NODE_469_length_4228_cov_14.471961	SRR7976301_k141_40537	7568	0.999	0.000E+00	1	4226	4228	0	4225	4226	0	4227	0	301	4226M
SRR5995670_NODE_416_length_3180_cov_1.359830	SRR5995670_k141_39073	5458	0.999	0.000E+00	126	3179	3180	222	3276	3277	0	3179	0	1	5M1D3049M
SRR6960803_NODE_2005_length_3734_cov_10.796231	SRR7976357_k141_15755	6661	0.999	0.000E+00	3723	2	3734	0	3721	3722	3733	0	0	1	3722M
SRR6960799_NODE_760_length_3452_cov_8.094407	SRR6960799_k141_5750	6161	0.998	0.000E+00	4	3451	3452	0	3447	3448	0	3451	0	1	3448M
SRR7976326_NODE_133_length_3694_cov_8.203259	SRR7976326_k141_37967	6616	1.00	0.000E+00	2	3693	3694	0	3691	3692	0	3693	0	1	3692M
SRR7976356_NODE_1172_length_4061_cov_11.568205	SRR7976357_k141_56411	7271	0.999	0.000E+00	4060	1	4061	0	4059	4060	4060	0	0	1	4060M
SRR6254352_NODE_1057_length_3829_cov_249.738285	SRR5466365_k141_982	6724	0.992	0.000E+00	3828	0	3829	5	3832	3972	3828	0	0	1	17M1I3811M
SRR6254352_NODE_1057_length_3829_cov_249.738285	SRR5466337_k141_49072	6713	0.991	0.000E+00	1	3828	3829	113	3939	3987	0	3828	0	1	3809M1I18M
SRR6254352_NODE_1057_length_3829_cov_249.738285	SRR6254353_k141_27312	6710	0.991	0.000E+00	0	3828	3829	239	4066	4074	0	3828	0	1	3810M1I18M
SRR6254352_NODE_1057_length_3829_cov_249.738285	SRR5466366_k141_64573	6709	0.991	0.000E+00	3	3828	3829	691	4515	4517	0	3828	0	1	3807M1I18M
SRR6254352_NODE_1057_length_3829_cov_249.738285	SRR6253161_k141_50468	6706	0.991	0.000E+00	0	3828	3829	159	3986	3988	0	3828	0	1	3810M1I18M
SRR6254352_NODE_1057_length_3829_cov_249.738285	SRR5466338_k141_2280	6703	0.990	0.000E+00	3828	1	3829	0	3827	4003	3828	0	0	1	3828M
SRR5466369_NODE_1690_length_4080_cov_50.438732	SRR5466369_k141_49057	7286	1.00	0.000E+00	4079	14	4080	0	4065	4066	4079	0	0	6	4066M
SRR5466369_NODE_1690_length_4080_cov_50.438732	SRR6253161_k141_39154	7184	1.00	0.000E+00	4079	71	4080	7	4015	8334	4079	0	0	6	4009M
SRR5466369_NODE_1690_length_4080_cov_50.438732	SRR5466338_k141_3607	7172	1.00	0.000E+00	4072	71	4080	0	4001	4124	4079	0	0	6	4002M
SRR5466369_NODE_1690_length_4080_cov_50.438732	SRR5466365_k141_25	7172	1.00	0.000E+00	4072	71	4080	0	4001	4151	4079	0	0	6	4002M
SRR5466369_NODE_1690_length_4080_cov_50.438732	SRR6255402_k141_13499	7172	1.00	0.000E+00	4072	71	4080	0	4001	4779	4079	0	0	6	4002M
SRR5466369_NODE_1690_length_4080_cov_50.438732	SRR5466366_k141_40490	7171	0.999	0.000E+00	4072	69	4080	0	4003	4080	4079	0	0	6	4004M
SRR5466727_NODE_266_length_6671_cov_21.180964	SRR6255746_k141_1054	6381	0.998	0.000E+00	2	3572	6671	0	3570	3786	0	6670	0	6	3571M
SRR5467090_NODE_376_length_4402_cov_5.126357	SRR5467090_k141_17794	7817	0.999	0.000E+00	7	4371	4402	0	4364	4365	0	4401	0	1	4365M
SRR7976325_NODE_233_length_3780_cov_4.271378	SRR7976325_k141_44492	6759	1.00	0.000E+00	2	3773	3780	0	3771	3772	0	3779	0	1	3772M
SRR6050738_NODE_59_length_4027_cov_25.125443	SRR6050738_k141_19708	7104	0.997	0.000E+00	3991	0	4027	0	3991	3992	4026	0	0	1	3992M
SRR6050738_NODE_59_length_4027_cov_25.125443	SRR5208574_k141_11339	7056	0.991	0.000E+00	6	4025	4027	0	4019	4020	0	4026	0	1	4020M
SRR6960507_NODE_1368_length_3547_cov_19.828440	SRR6960507_k141_82453	6280	0.995	0.000E+00	3546	0	3547	0	3546	3547	3546	0	0	2	3547M
SRR5466725_NODE_1221_length_4308_cov_12.748996	SRR5466727_k141_51196	7675	0.998	0.000E+00	4302	5	4308	0	4297	4298	4307	0	0	1	4298M
SRR5466728_NODE_276_length_4555_cov_116.800535	SRR5466728_k141_50028	8150	1.00	0.000E+00	4551	4	4555	0	4547	4548	4554	0	0	1	4548M
SRR5466728_NODE_276_length_4555_cov_116.800535	SRR5467091_k141_81572	6778	0.999	0.000E+00	3793	4	4555	60	3849	3853	4554	0	0	1	3790M
SRR5467091_NODE_600_length_4195_cov_48.960456	SRR5467091_k141_77603	7420	0.999	0.000E+00	0	4142	4195	0	4142	4143	0	4194	0	2	4143M
SRR6960551_NODE_395_length_4078_cov_471.447191	SRR6960551_k141_33688	7159	0.994	0.000E+00	4072	18	4078	12	4066	4150	4077	0	0	1	4055M
SRR7976299_NODE_78_length_3819_cov_6.102776	SRR7976299_k141_14857	6800	0.999	0.000E+00	3798	2	3819	0	3796	3797	3818	0	0	1	3797M
SRR7976310_NODE_552_length_3827_cov_59.898508	SRR7976310_k141_19259	6835	0.999	0.000E+00	0	3818	3827	0	3818	3819	0	3826	0	1	3819M
SRR7976299_NODE_48_length_4380_cov_42.007198	SRR7976299_k141_21390	7808	1.00	0.000E+00	0	4356	4380	0	4356	4357	0	4379	0	301	4357M
SRR7976301_NODE_596_length_3846_cov_332.441028	SRR7976301_k141_33928	6834	0.999	0.000E+00	3845	30	3846	4	3819	3820	3845	0	0	1	3816M
SRR7976301_NODE_596_length_3846_cov_332.441028	SRR7976310_k141_20899	6587	0.999	0.000E+00	3842	165	3846	102	3779	4113	3845	0	0	1	3678M
SRR6960803_NODE_2397_length_3428_cov_5.221162	SRR7976356_k141_960	6115	0.999	0.000E+00	0	3419	3428	14	3433	3434	0	3427	0	2	3420M
SRR7976357_NODE_1609_length_3803_cov_11.394638	SRR6960803_k141_70047	6654	0.990	0.000E+00	3802	0	3803	3	3805	3806	3802	0	0	1	3803M
SRR7976325_NODE_201_length_3927_cov_32.636741	SRR6960799_k141_65355	7028	0.999	0.000E+00	3926	0	3927	0	3926	3927	3926	0	0	1	3927M
SRR7976356_NODE_1532_length_3592_cov_41.599886	SRR7976356_k141_21660	6437	1.00	0.000E+00	3591	0	3592	0	3591	3592	3591	0	0	1	3592M
SRR5466337_NODE_601_length_4144_cov_43.186932	SRR5466337_k141_23779	7353	0.996	0.000E+00	8	4143	4144	0	4135	4136	0	4143	0	1	4136M
SRR5466337_NODE_601_length_4144_cov_43.186932	SRR5466369_k141_105454	6862	0.996	0.000E+00	3863	0	4144	58	3921	3940	4143	0	0	1	3864M
SRR5466337_NODE_601_length_4144_cov_43.186932	SRR6254351_k141_40121	6835	0.995	0.000E+00	9	3862	4144	0	3853	3932	0	4143	0	1	3854M
SRR5466337_NODE_601_length_4144_cov_43.186932	SRR6255402_k141_28300	6830	0.995	0.000E+00	4	3862	4144	0	3858	3903	0	4143	0	1	3859M
SRR5467090_NODE_507_length_3890_cov_278.087765	SRR6253579_k141_39380	6850	0.999	0.000E+00	0	3829	3890	0	3829	3969	0	3889	0	4	3830M
SRR5467090_NODE_507_length_3890_cov_278.087765	SRR5467091_k141_79724	6790	0.999	0.000E+00	34	3827	3890	102	3895	3896	0	3889	0	4	3794M
SRR5467090_NODE_507_length_3890_cov_278.087765	SRR5467090_k141_56235	6776	0.999	0.000E+00	38	3825	3890	168	3954	4201	0	3889	0	4	3718M1I69M
SRR5466727_NODE_1303_length_3445_cov_50.743772	SRR5466725_k141_88125	5994	0.991	0.000E+00	3414	0	3445	0	3414	3415	3444	0	0	3	3415M
SRR5467090_NODE_1041_length_2985_cov_7.366071	SRR5467091_k141_77603	5220	0.999	0.000E+00	69	2983	2985	1210	4124	4143	0	2984	0	1	2915M
SRR6255402_NODE_458_length_4368_cov_29.226077	SRR5467090_k141_31441	7700	0.999	0.000E+00	0	4301	4368	14	4315	4663	0	4367	0	1	4302M
SRR6255402_NODE_458_length_4368_cov_29.226077	SRR5466338_k141_55708	7676	0.999	0.000E+00	4297	12	4368	245	4530	4532	4367	0	0	1	4286M
SRR6255402_NODE_458_length_4368_cov_29.226077	SRR6254893_k141_22990	7646	0.999	0.000E+00	30	4302	4368	0	4273	4341	0	4367	0	1	4267M1D6M
SRR6255402_NODE_458_length_4368_cov_29.226077	SRR6254353_k141_18183	7637	0.999	0.000E+00	30	4296	4368	54	4320	4325	0	4367	0	1	4267M
SRR6255402_NODE_458_length_4368_cov_29.226077	SRR5467091_k141_79590	7617	0.999	0.000E+00	4257	0	4368	96	4353	4357	4367	0	0	1	4258M
SRR6960549_NODE_105_length_3493_cov_63.994444	SRR6960549_k141_4117	6260	1.00	0.000E+00	0	3492	3493	0	3492	3531	0	3492	0	5	3493M
SRR7976299_NODE_64_length_3939_cov_100.122607	SRR7976299_k141_19543	6988	0.997	0.000E+00	3926	0	3939	197	4123	4161	3938	0	0	1	3927M
SRR7976299_NODE_64_length_3939_cov_100.122607	SRR6960540_k141_616	6914	0.993	0.000E+00	0	3920	3939	6	3926	4573	0	3938	0	1	3921M
SRR7976310_NODE_517_length_3913_cov_79.329948	SRR7976310_k141_55846	7007	1.00	0.000E+00	3912	3	3913	0	3909	3910	3912	0	0	2	3910M
SRR6960799_NODE_465_length_4096_cov_16.397216	SRR6960799_k141_15337	7335	0.999	0.000E+00	4095	0	4096	0	4095	4096	4095	0	0	1	4096M
SRR7976357_NODE_1763_length_3641_cov_147.300168	SRR7976357_k141_64047	6452	0.999	0.000E+00	3633	31	3641	103	3705	3706	3640	0	0	1	3603M
SRR7976325_NODE_232_length_3782_cov_7.165543	SRR7976325_k141_15024	6777	1.00	0.000E+00	0	3781	3782	0	3781	3782	0	3781	0	1	3782M
SRR6050738_NODE_57_length_4040_cov_24.284346	SRR5467140_k141_1740	7168	0.996	0.000E+00	4036	2	4040	0	4034	4048	4039	0	0	1	4035M
SRR7473382_NODE_105_length_4203_cov_20.024697	SRR5208574_k141_12989	7476	0.997	0.000E+00	4201	0	4203	0	4201	4202	4202	0	0	301	4202M
SRR6960507_NODE_1164_length_3757_cov_5.429425	SRR6960507_k141_19734	6678	0.999	0.000E+00	23	3756	3757	0	3733	3734	0	3756	0	1	3734M
SRR5466337_NODE_1057_length_3407_cov_109.255549	SRR5466337_k141_37572	6069	0.997	0.000E+00	3406	1	3407	47	3451	3452	3406	0	0	1	3317M1I88M
SRR5466337_NODE_1057_length_3407_cov_109.255549	SRR6255521_k141_23032	5967	0.999	0.000E+00	3336	0	3407	344	3680	3682	3406	0	0	1	3337M
SRR5466337_NODE_1057_length_3407_cov_109.255549	SRR6255402_k141_888	5921	0.998	0.000E+00	3314	1	3407	316	3629	3630	3406	0	0	1	3314M
SRR5466337_NODE_1057_length_3407_cov_109.255549	SRR6049586_k141_6284	5843	0.994	0.000E+00	29	3335	3407	137	3441	3450	0	3406	0	1	28M1I29M1I3248M
SRR5466337_NODE_1057_length_3407_cov_109.255549	SRR6255513_k141_14127	5785	0.995	0.000E+00	3270	1	3407	174	3442	3443	3406	0	0	1	3181M1I88M
SRR5466727_NODE_1090_length_3740_cov_19.161985	SRR5467091_k141_2372	6585	0.994	0.000E+00	0	3726	3740	4	3730	3731	0	3739	0	5	3727M
SRR5467090_NODE_596_length_3663_cov_13.130084	SRR5467090_k141_19986	6524	0.997	0.000E+00	0	3662	3663	4	3666	3667	0	3662	0	1	3663M
SRR6254353_NODE_898_length_3615_cov_14.262846	SRR6253161_k141_35232	6463	0.999	0.000E+00	3608	0	3615	0	3608	3609	3614	0	0	1	3609M
SRR6960549_NODE_79_length_3724_cov_49.423446	SRR6960549_k141_15383	6633	0.999	0.000E+00	20	3723	3724	20	3723	3724	0	3723	0	1	3704M
SRR7976299_NODE_60_length_4061_cov_37.850301	SRR7976299_k141_17787	7258	1.00	0.000E+00	4050	1	4061	0	4049	4050	4060	0	0	1	4050M
SRR7976310_NODE_417_length_4253_cov_116.468421	SRR7976301_k141_53930	7561	0.997	0.000E+00	4242	1	4253	0	4241	4242	4252	0	0	1	4242M
SRR7976310_NODE_417_length_4253_cov_116.468421	SRR7976310_k141_41231	7450	0.997	0.000E+00	4205	26	4253	107	4286	4322	4252	0	0	1	4180M
SRR6960799_NODE_713_length_3535_cov_14.969671	SRR6960799_k141_106116	6333	1.00	0.000E+00	0	3533	3535	0	3533	3534	0	3534	0	301	3534M
SRR7976326_NODE_124_length_3760_cov_45.759696	SRR7976326_k141_7835	6666	0.995	0.000E+00	0	3759	3760	0	3759	3760	0	3759	0	1	3760M
SRR6960802_NODE_1101_length_3509_cov_35.810244	SRR7976323_k141_84413	6281	1.00	0.000E+00	0	3504	3509	0	3504	3505	0	3508	0	1	3505M
SRR6050716_NODE_13_length_3506_cov_109.392659	SRR5208575_k141_7997	6150	0.998	0.000E+00	3504	58	3506	28	3474	3475	3505	0	0	1	3447M
SRR5466366_NODE_1463_length_3869_cov_294.756059	SRR5466369_k141_88246	6778	0.995	0.000E+00	3868	44	3869	0	3824	3826	3868	0	0	1	3825M
SRR5466725_NODE_2049_length_3345_cov_13.701711	SRR5466725_k141_47184	5909	0.999	0.000E+00	45	3344	3345	0	3299	3300	0	3344	0	1	3300M
SRR5466729_NODE_1519_length_2998_cov_10.853675	SRR5466727_k141_51196	5264	0.997	0.000E+00	36	2992	2998	1342	4297	4298	0	2997	0	1	454M1I2502M
SRR6253161_NODE_650_length_4216_cov_11.421675	SRR6253161_k141_64253	7472	1.00	0.000E+00	46	4215	4216	0	4169	4170	0	4215	0	1	4170M
SRR6253161_NODE_650_length_4216_cov_11.421675	SRR6255520_k141_37683	7275	1.00	0.000E+00	156	4215	4216	0	4059	4110	0	4215	0	1	4060M
SRR6960509_NODE_1658_length_3673_cov_71.469722	SRR6960509_k141_77717	6573	0.999	0.000E+00	3672	0	3673	0	3672	3673	3672	0	0	2	3673M
SRR6960797_NODE_273_length_4213_cov_277.719324	SRR6960551_k141_36771	7537	1.00	0.000E+00	0	4205	4213	2	4207	4208	0	4212	0	1	4206M
SRR6960797_NODE_273_length_4213_cov_277.719324	SRR6960509_k141_122811	7324	0.999	0.000E+00	4093	1	4213	330	4423	4424	4212	0	0	1	1484M1D2609M
