SRR6960803_k141_61611	SRR7976356_NODE_1396_length_3765_cov_6.340195	6686	0.997	0.000E+00	0	3750	3761	14	3764	3765	0	3760	0	301	3751M
SRR7976325_k141_38016	SRR6960799_NODE_329_length_4675_cov_277.822903	8249	0.999	0.000E+00	0	4610	4611	54	4664	4675	0	4610	0	1	4611M
SRR6960802_k141_39625	SRR7976323_NODE_1607_length_3553_cov_62.904023	6261	1.00	0.000E+00	0	3493	3633	11	3504	3553	0	3632	0	1	3494M
SRR5467139_k141_26187	SRR5467139_NODE_91_length_3679_cov_10.358569	6566	0.998	0.000E+00	0	3678	3679	0	3678	3679	0	3678	0	1	3679M
SRR5466338_k141_55708	SRR5466338_NODE_1374_length_4358_cov_51.756126	7809	1.00	0.000E+00	174	4531	4532	0	4357	4358	0	4531	0	1	4358M
SRR5466338_k141_55708	SRR6255402_NODE_458_length_4368_cov_29.226077	7676	0.999	0.000E+00	4531	246	4532	11	4296	4368	4531	0	0	1	4286M
SRR5466338_k141_55708	SRR5466337_NODE_388_length_4774_cov_43.306743	7672	0.999	0.000E+00	4531	248	4532	14	4297	4774	4531	0	0	1	4284M
SRR5466338_k141_55708	SRR5466366_NODE_1144_length_4333_cov_42.589437	7548	1.00	0.000E+00	246	4457	4532	0	4211	4333	0	4531	0	1	4212M
SRR5466723_k141_33629	SRR5466729_NODE_914_length_3717_cov_605.864435	6533	0.999	0.000E+00	163	3810	4014	68	3715	3717	0	4013	0	4	3648M
SRR5466727_k141_51196	SRR5466725_NODE_1221_length_4308_cov_12.748996	7675	0.998	0.000E+00	4297	0	4298	5	4302	4308	4297	0	0	1	4298M
SRR5466727_k141_51196	SRR5466729_NODE_1519_length_2998_cov_10.853675	5264	0.997	0.000E+00	1342	4297	4298	36	2992	2998	0	4297	0	1	454M1D2502M
SRR5467090_k141_49933	SRR5467090_NODE_387_length_4327_cov_5.552891	7726	0.999	0.000E+00	4318	0	4319	8	4326	4327	4318	0	0	2	4319M
SRR7976356_k141_34772	SRR7976357_NODE_2056_length_3395_cov_115.862432	5954	0.998	0.000E+00	83	3417	3418	48	3382	3395	0	3417	0	1	3335M
SRR5466725_k141_88125	SRR5466727_NODE_1303_length_3445_cov_50.743772	5994	0.991	0.000E+00	3414	0	3415	0	3414	3445	3414	0	0	1	3415M
SRR5466728_k141_23485	SRR5466728_NODE_569_length_3491_cov_7.908133	6211	0.997	0.000E+00	0	3490	3491	0	3490	3491	0	3490	0	1	3491M
SRR5467090_k141_58077	SRR5467090_NODE_500_length_3903_cov_8.332376	6994	1.00	0.000E+00	3902	0	3903	0	3902	3903	3902	0	0	1	3903M
SRR6253161_k141_60417	SRR6253161_NODE_823_length_3903_cov_8.344386	6992	1.00	0.000E+00	3901	0	3902	1	3902	3903	3901	0	0	1	3902M
SRR6255746_k141_24303	SRR6255746_NODE_554_length_3896_cov_197.733194	6955	0.998	0.000E+00	0	3895	3896	0	3895	3896	0	3895	0	1	3896M
SRR6960551_k141_905	SRR6960551_NODE_527_length_3643_cov_12.906162	6363	0.996	0.000E+00	0	3577	3578	65	3642	3643	0	3577	0	1	3578M
SRR7976299_k141_19543	SRR7976299_NODE_64_length_3939_cov_100.122607	6991	0.997	0.000E+00	4123	198	4161	0	3925	3939	4160	0	0	1	3926M
SRR5466369_k141_105454	SRR5466369_NODE_1803_length_3954_cov_37.877609	7011	0.997	0.000E+00	0	3939	3940	14	3953	3954	0	3939	0	1	3940M
SRR5466369_k141_105454	SRR6253256_NODE_617_length_3957_cov_19.255922	6884	0.995	0.000E+00	56	3939	3940	70	3953	3957	0	3939	0	1	3884M
SRR5466369_k141_105454	SRR5466337_NODE_601_length_4144_cov_43.186932	6864	0.996	0.000E+00	3921	59	3940	0	3862	4144	3939	0	0	1	3863M
SRR5466369_k141_105454	SRR6254353_NODE_737_length_3900_cov_38.177685	6849	0.996	0.000E+00	56	3912	3940	24	3880	3900	0	3939	0	1	3857M
SRR5466727_k141_25114	SRR6255746_NODE_554_length_3896_cov_197.733194	6687	0.997	0.000E+00	86	3844	3845	63	3821	3896	0	3844	0	4	3759M
SRR5467090_k141_19986	SRR5467090_NODE_596_length_3663_cov_13.130084	6524	0.997	0.000E+00	4	3666	3667	0	3662	3663	0	3666	0	1	3663M
SRR5467091_k141_46778	SRR5467091_NODE_601_length_4194_cov_12.706867	7489	0.999	0.000E+00	0	4188	4189	0	4188	4194	0	4188	0	1	4189M
SRR6255513_k141_14127	SRR5466338_NODE_2222_length_3417_cov_137.069079	5807	0.996	0.000E+00	3442	175	3443	75	3342	3417	3442	0	0	1	3268M
SRR6255513_k141_14127	SRR5466337_NODE_1057_length_3407_cov_109.255549	5787	0.995	0.000E+00	3442	175	3443	1	3269	3407	3442	0	0	1	86M1D3182M
SRR6255513_k141_14127	SRR5466365_NODE_1187_length_3380_cov_118.088298	5735	0.991	0.000E+00	3442	175	3443	6	3276	3380	3442	0	0	1	86M3D3182M
SRR6960509_k141_55461	SRR6960509_NODE_1849_length_3508_cov_6.810480	6282	0.999	0.000E+00	0	3507	3508	0	3507	3508	0	3507	0	3	3508M
SRR6960551_k141_80417	SRR6960509_NODE_1227_length_4196_cov_14.454038	7486	0.998	0.000E+00	4195	1	4196	0	4194	4196	4195	0	0	1	4195M
SRR7976300_k141_45019	SRR7976300_NODE_651_length_4513_cov_20.050225	8068	0.999	0.000E+00	0	4504	4505	0	4504	4513	0	4504	0	1	4505M
SRR7976310_k141_30854	SRR7976310_NODE_593_length_3739_cov_9.512821	6700	1.00	0.000E+00	0	3738	3739	0	3738	3739	0	3738	0	1	3739M
SRR6960799_k141_3351	SRR6960799_NODE_503_length_3983_cov_63.501790	7106	0.999	0.000E+00	3992	25	3993	3	3970	3983	3992	0	0	1	3968M
SRR6253161_k141_35232	SRR6254353_NODE_898_length_3615_cov_14.262846	6463	0.999	0.000E+00	3608	0	3609	0	3608	3615	3608	0	0	301	3609M
SRR6255733_k141_23526	SRR6255733_NODE_330_length_4868_cov_140.939103	8723	1.00	0.000E+00	67	4934	4935	0	4867	4868	0	4934	0	1	4868M
SRR6960549_k141_15383	SRR6960549_NODE_79_length_3724_cov_49.423446	6633	0.999	0.000E+00	20	3723	3724	20	3723	3724	0	3723	0	1	3704M
SRR6960797_k141_50452	SRR6960797_NODE_279_length_4185_cov_73.712792	7429	1.00	0.000E+00	0	4145	4146	0	4145	4185	0	4145	0	1	4146M
SRR7976300_k141_42415	SRR7976300_NODE_1322_length_3406_cov_20.780378	6097	1.00	0.000E+00	3401	0	3402	4	3405	3406	3401	0	0	1	3402M
SRR7976310_k141_63865	SRR7976310_NODE_751_length_3451_cov_207.557430	6156	0.998	0.000E+00	0	3449	3454	0	3449	3451	0	3453	0	1	3450M
SRR6960803_k141_51535	SRR6960803_NODE_1518_length_4239_cov_3.951752	7469	0.994	0.000E+00	4531	309	4532	16	4238	4239	4531	0	0	1	4223M
SRR6960799_k141_58921	SRR6960799_NODE_862_length_3294_cov_5.109593	5901	1.00	0.000E+00	3292	0	3293	0	3292	3294	3292	0	0	1	3293M
SRR7976325_k141_42843	SRR7976325_NODE_229_length_3809_cov_16.460118	6793	0.998	0.000E+00	3800	0	3801	8	3808	3809	3800	0	0	1	3801M
SRR6960803_k141_25808	SRR6960803_NODE_1499_length_4269_cov_38.863441	7623	0.998	0.000E+00	0	4268	4269	0	4268	4269	0	4268	0	1	4269M
SRR6960799_k141_7030	SRR7976325_NODE_293_length_3540_cov_7.903086	6257	0.994	0.000E+00	7	3545	3546	0	3538	3540	0	3545	0	1	3539M
SRR7976357_k141_77023	SRR7976357_NODE_1224_length_4266_cov_8.943000	7623	0.999	0.000E+00	0	4263	4264	0	4263	4266	0	4263	0	1	4264M
SRR7976356_k141_39722	SRR7976356_NODE_1266_length_3919_cov_35.974779	7012	0.999	0.000E+00	0	3917	3918	0	3917	3919	0	3917	0	1	3918M
SRR7976356_k141_39722	SRR6960803_NODE_2697_length_3228_cov_6.326149	5607	0.997	0.000E+00	699	3847	3918	79	3227	3228	0	3917	0	1	3149M
SRR6960507_k141_27064	SRR6960507_NODE_970_length_4040_cov_7.400807	7218	1.00	0.000E+00	4027	0	4028	9	4036	4040	4027	0	0	2	4028M
SRR5466365_k141_38362	SRR5467090_NODE_630_length_3588_cov_16.652632	6140	0.992	0.000E+00	3492	0	3586	92	3582	3588	3585	0	0	1	3362M2I129M
SRR5466725_k141_88082	SRR5466725_NODE_1798_length_3569_cov_16.490561	6378	0.998	0.000E+00	3568	0	3569	0	3568	3569	3568	0	0	1	3569M
SRR5466728_k141_7134	SRR5467091_NODE_619_length_4144_cov_79.884058	7252	0.999	0.000E+00	4436	385	4437	38	4089	4144	4436	0	0	1	4052M
SRR5467090_k141_17794	SRR5467090_NODE_376_length_4402_cov_5.126357	7817	0.999	0.000E+00	0	4364	4365	7	4371	4402	0	4364	0	1	4365M
SRR6255746_k141_16223	SRR6255746_NODE_621_length_3731_cov_76.549207	6637	0.997	0.000E+00	0	3730	3731	0	3730	3731	0	3730	0	1	3731M
SRR6255746_k141_16223	SRR5466727_NODE_1116_length_3708_cov_251.137276	6536	0.993	0.000E+00	3730	26	3731	2	3706	3708	3730	0	0	1	3705M
SRR6255746_k141_16223	SRR5466725_NODE_1669_length_3703_cov_236.622590	6529	0.993	0.000E+00	3730	30	3731	2	3702	3703	3730	0	0	1	3701M
SRR6960551_k141_16953	SRR6960551_NODE_693_length_3231_cov_8.764091	5786	0.999	0.000E+00	3230	0	3231	0	3230	3231	3230	0	0	3	3231M
SRR7976299_k141_21390	SRR7976299_NODE_48_length_4380_cov_42.007198	7808	1.00	0.000E+00	0	4356	4357	0	4356	4380	0	4356	0	1	4357M
SRR7976301_k141_40537	SRR7976301_NODE_469_length_4228_cov_14.471961	7568	0.999	0.000E+00	0	4225	4226	1	4226	4228	0	4225	0	1	4226M
SRR6960801_k141_38557	SRR7976327_NODE_2970_length_3684_cov_15.131543	6508	0.995	0.000E+00	5	3673	3674	0	3668	3684	0	3673	0	1	3669M
SRR7976323_k141_64081	SRR7976323_NODE_1439_length_3718_cov_13.644444	6513	0.991	0.000E+00	3718	0	3719	0	3717	3718	3718	0	0	1	3631M1I87M
SRR6960799_k141_44674	SRR6960799_NODE_534_length_3876_cov_5.814094	6887	0.997	0.000E+00	0	3867	3868	8	3875	3876	0	3867	0	1	3868M
SRR7976326_k141_23424	SRR7976326_NODE_107_length_3933_cov_10.377979	7040	0.999	0.000E+00	0	3930	3931	2	3932	3933	0	3930	0	1	3931M
SRR7976325_k141_15024	SRR7976325_NODE_232_length_3782_cov_7.165543	6777	1.00	0.000E+00	0	3781	3782	0	3781	3782	0	3781	0	1	3782M
SRR6050738_k141_19708	SRR6050738_NODE_59_length_4027_cov_25.125443	7104	0.997	0.000E+00	3991	0	3992	0	3991	4027	3991	0	0	1	3992M
SRR6960507_k141_71808	SRR7976300_NODE_1180_length_3579_cov_7.766686	6346	0.999	0.000E+00	0	3545	3547	33	3578	3579	0	3546	0	1	3546M
SRR5466725_k141_105491	SRR5466725_NODE_1523_length_3869_cov_13.061380	6906	0.998	0.000E+00	3870	2	3871	0	3868	3869	3870	0	0	1	3869M
SRR5466729_k141_24804	SRR5466725_NODE_1196_length_4359_cov_56.067429	7715	0.999	0.000E+00	0	4307	4453	50	4357	4359	0	4452	0	1	4308M
SRR5467091_k141_7043	SRR5467091_NODE_655_length_4064_cov_11.156602	7268	0.999	0.000E+00	4060	0	4061	3	4063	4064	4060	0	0	1	4061M
SRR6254353_k141_70744	SRR6254353_NODE_678_length_4047_cov_7.940614	7252	1.00	0.000E+00	0	4046	4047	0	4046	4047	0	4046	0	1	4047M
SRR7976357_k141_24444	SRR7976357_NODE_1983_length_3441_cov_16.879751	6157	0.999	0.000E+00	0	3440	3441	0	3440	3441	0	3440	0	1	3441M
SRR7976325_k141_12598	SRR7976325_NODE_288_length_3558_cov_53.308178	6217	0.990	0.000E+00	3551	0	3552	0	3551	3558	3551	0	0	1	3552M
SRR6960802_k141_67924	SRR7976323_NODE_1271_length_3922_cov_155.891400	6933	0.999	0.000E+00	692	4565	4566	48	3921	3922	0	4565	0	1	3874M
SRR5208575_k141_7997	SRR6050716_NODE_13_length_3506_cov_109.392659	6153	0.998	0.000E+00	3474	29	3475	58	3503	3506	3474	0	0	1	3446M
SRR5466338_k141_96778	SRR6254984_NODE_473_length_4223_cov_104.363373	6980	1.00	0.000E+00	4105	211	4106	0	3894	4223	4105	0	0	1	3895M
SRR5466337_k141_49072	SRR6254352_NODE_1057_length_3829_cov_249.738285	6713	0.991	0.000E+00	113	3939	3987	1	3828	3829	0	3986	0	1	3809M1D18M
SRR5466727_k141_44620	SRR5466727_NODE_769_length_4335_cov_11.758799	7755	0.999	0.000E+00	0	4334	4335	0	4334	4335	0	4334	0	1	4335M
SRR5467090_k141_5460	SRR5467091_NODE_619_length_4144_cov_79.884058	7319	0.997	0.000E+00	1628	5734	5736	37	4143	4144	0	5735	0	1	4107M
SRR6255513_k141_34841	SRR6254984_NODE_473_length_4223_cov_104.363373	6936	0.999	0.000E+00	3872	0	3940	24	3896	4223	3939	0	0	1	3873M
SRR6960540_k141_616	SRR7976299_NODE_64_length_3939_cov_100.122607	6914	0.993	0.000E+00	6	3926	4573	0	3920	3939	0	4572	0	1	3921M
SRR6960551_k141_40029	SRR6960551_NODE_482_length_3737_cov_5.906386	6639	0.996	0.000E+00	0	3736	3737	0	3736	3737	0	3736	0	1	3737M
SRR7976310_k141_56246	SRR7976310_NODE_478_length_4038_cov_94.458512	7186	0.998	0.000E+00	36	4065	4066	0	4029	4038	0	4065	0	1	4030M
SRR6960799_k141_100848	SRR6960799_NODE_454_length_4118_cov_14.802719	7370	0.999	0.000E+00	0	4117	4118	0	4117	4118	0	4117	0	1	4118M
SRR7976357_k141_18718	SRR7976357_NODE_1649_length_3762_cov_5.087287	6716	0.999	0.000E+00	0	3754	3755	3	3757	3762	0	3754	0	1	3755M
SRR7976325_k141_54772	SRR7976325_NODE_231_length_3801_cov_9.402629	6776	0.998	0.000E+00	0	3795	3796	5	3800	3801	0	3795	0	1	3796M
SRR6960802_k141_80032	SRR7976323_NODE_1439_length_3718_cov_13.644444	6485	0.992	0.000E+00	3685	0	3686	33	3717	3718	3685	0	0	1	3598M1I87M
SRR5467137_k141_286	SRR5208570_NODE_112_length_3416_cov_16.616213	6101	0.999	0.000E+00	0	3411	3508	4	3415	3416	0	3507	0	1	3412M
SRR5466338_k141_74943	SRR5466338_NODE_2055_length_3562_cov_18.285755	6372	0.999	0.000E+00	3560	0	3680	1	3561	3562	3679	0	0	1	3561M
SRR5466337_k141_23779	SRR5466337_NODE_601_length_4144_cov_43.186932	7353	0.996	0.000E+00	0	4135	4136	8	4143	4144	0	4135	0	1	4136M
SRR5466337_k141_23779	SRR6253256_NODE_617_length_3957_cov_19.255922	6845	0.995	0.000E+00	3868	0	4136	60	3927	3957	4135	0	0	1	9M1I3859M
SRR5466337_k141_23779	SRR5466369_NODE_1803_length_3954_cov_37.877609	6820	0.994	0.000E+00	3855	0	4136	72	3927	3954	4135	0	0	1	3856M
SRR5466337_k141_23779	SRR6254353_NODE_737_length_3900_cov_38.177685	6819	0.994	0.000E+00	3855	1	4136	26	3880	3900	4135	0	0	1	3855M
SRR5467090_k141_1032	SRR5466728_NODE_247_length_4792_cov_22.705658	8448	0.993	0.000E+00	0	4786	4816	0	4786	4792	0	4815	0	4	4787M
SRR5467091_k141_65071	SRR5467091_NODE_533_length_4407_cov_10.728657	7870	0.999	0.000E+00	0	4396	4397	1	4397	4407	0	4396	0	1	4397M
SRR6255520_k141_37683	SRR6255520_NODE_428_length_4110_cov_7.586326	7365	1.00	0.000E+00	4109	0	4110	0	4109	4110	4109	0	0	1	4110M
SRR6255520_k141_37683	SRR6253161_NODE_650_length_4216_cov_11.421675	7275	1.00	0.000E+00	0	4059	4110	156	4215	4216	0	4109	0	1	4060M
SRR6960549_k141_4692	SRR6960549_NODE_106_length_3479_cov_57.047270	6196	0.999	0.000E+00	4021	562	4022	19	3478	3479	4021	0	0	2	3460M
SRR7976300_k141_30321	SRR7976300_NODE_1052_length_3748_cov_45.400544	6570	0.997	0.000E+00	138	3829	3830	0	3692	3748	0	3829	0	1	11M1D3681M
SRR7976300_k141_30321	SRR6960507_NODE_1181_length_3730_cov_5.351107	6435	0.996	0.000E+00	3829	209	3830	51	3671	3730	3829	0	0	1	3621M
SRR7976310_k141_57211	SRR7976301_NODE_476_length_4201_cov_929.770833	7381	0.999	0.000E+00	36	4159	4473	45	4168	4201	0	4472	0	2	4124M
SRR7976356_k141_960	SRR6960803_NODE_2397_length_3428_cov_5.221162	6115	0.999	0.000E+00	14	3433	3434	0	3419	3428	0	3433	0	301	3420M
SRR5466364_k141_10329	SRR5466364_NODE_864_length_4377_cov_9.674257	7814	0.999	0.000E+00	4362	0	4363	0	4362	4377	4362	0	0	1	4363M
SRR5466723_k141_3288	SRR5466723_NODE_558_length_3710_cov_9.310146	6638	0.999	0.000E+00	0	3708	3709	1	3709	3710	0	3708	0	1	3709M
SRR5466723_k141_3288	SRR6255733_NODE_630_length_3713_cov_8.965934	6521	0.999	0.000E+00	3644	1	3709	0	3643	3713	3708	0	0	1	3644M
SRR5466727_k141_71588	SRR5466727_NODE_1012_length_3845_cov_129.505037	6877	0.999	0.000E+00	0	3844	3845	0	3844	3845	0	3844	0	2	3845M
SRR5467090_k141_35687	SRR5467090_NODE_630_length_3588_cov_16.652632	6399	0.998	0.000E+00	3589	0	3590	0	3587	3588	3589	0	0	1	3454M2I134M
SRR6255521_k141_23032	SRR5466337_NODE_1057_length_3407_cov_109.255549	5969	0.999	0.000E+00	3680	345	3682	0	3335	3407	3681	0	0	1	3336M
SRR6255521_k141_23032	SRR5466338_NODE_2222_length_3417_cov_137.069079	5950	0.998	0.000E+00	3681	345	3682	73	3408	3417	3681	0	0	1	88M1I3248M
SRR6255521_k141_23032	SRR5466365_NODE_1187_length_3380_cov_118.088298	5909	0.995	0.000E+00	3681	345	3682	4	3342	3380	3681	0	0	1	91M2D3246M
SRR6960549_k141_12052	SRR6960549_NODE_81_length_3709_cov_8.153190	6620	0.999	0.000E+00	0	3698	3699	8	3706	3709	0	3698	0	3	3699M
SRR6960551_k141_30063	SRR6960551_NODE_548_length_3589_cov_16.110068	6423	1.00	0.000E+00	0	3583	3584	5	3588	3589	0	3583	0	1	3584M
SRR6050738_k141_9003	SRR5208570_NODE_70_length_4004_cov_12.022641	7114	0.997	0.000E+00	0	3999	4014	1	4000	4004	0	4013	0	1	4000M
SRR5466365_k141_36451	SRR5466364_NODE_866_length_4375_cov_6.517201	4955	0.998	0.000E+00	4325	1550	4326	51	2827	4375	4325	0	0	1	2748M1D28M
SRR5466725_k141_47184	SRR5466725_NODE_2049_length_3345_cov_13.701711	5909	0.999	0.000E+00	0	3299	3300	45	3344	3345	0	3299	0	1	3300M
SRR6255746_k141_28865	SRR5466729_NODE_438_length_4756_cov_33.926543	8473	0.997	0.000E+00	4755	0	4793	0	4755	4756	4792	0	0	1	4756M
SRR6960551_k141_58294	SRR6960509_NODE_1853_length_3506_cov_498.270026	6204	0.995	0.000E+00	4431	930	4432	4	3505	3506	4431	0	0	1	3502M
SRR7976299_k141_17024	SRR7976299_NODE_102_length_3628_cov_7.421941	6497	0.999	0.000E+00	3630	3	3631	0	3627	3628	3630	0	0	1	3628M
SRR5466364_k141_64533	SRR5466364_NODE_866_length_4375_cov_6.517201	7840	1.00	0.000E+00	0	4374	4375	0	4374	4375	0	4374	0	301	4375M
SRR5466725_k141_100399	SRR5466725_NODE_1379_length_4061_cov_453.865346	7240	0.999	0.000E+00	4042	0	4141	8	4050	4061	4140	0	0	1	4043M
SRR5466728_k141_49020	SRR5466728_NODE_427_length_3863_cov_9.874670	6916	0.999	0.000E+00	3861	0	3862	0	3861	3863	3861	0	0	1	3862M
SRR5467090_k141_36658	SRR5467090_NODE_530_length_3812_cov_13.451190	6826	1.00	0.000E+00	0	3808	3809	3	3811	3812	0	3808	0	1	3809M
SRR6255733_k141_26739	SRR6255733_NODE_685_length_3560_cov_103.656725	6224	0.998	0.000E+00	3487	0	3552	72	3559	3560	3551	0	0	1	3488M
SRR6960549_k141_4117	SRR6960549_NODE_105_length_3493_cov_63.994444	6260	1.00	0.000E+00	0	3492	3531	0	3492	3493	0	3530	0	1	3493M
SRR6960797_k141_47730	SRR6960797_NODE_258_length_4298_cov_5.081183	7702	1.00	0.000E+00	4297	0	4298	0	4297	4298	4297	0	0	1	4298M
SRR6960551_k141_6196	SRR6960551_NODE_472_length_3760_cov_23.829672	6718	0.999	0.000E+00	3753	0	3755	0	3753	3760	3754	0	0	1	3754M
SRR7976299_k141_21044	SRR7976299_NODE_68_length_3925_cov_59.756231	7029	0.999	0.000E+00	0	3924	3925	0	3924	3925	0	3924	0	1	3925M
SRR7976301_k141_77021	SRR5466725_NODE_1305_length_4166_cov_12.517713	7296	0.991	0.000E+00	4166	3	4169	2	4165	4166	4168	0	0	1	4164M
SRR5995670_k141_5362	SRR5995670_NODE_366_length_3347_cov_2.947581	5965	0.997	0.000E+00	3349	2	3350	0	3346	3347	3349	0	0	1	3012M1I335M
SRR6960799_k141_29341	SRR6960799_NODE_536_length_3873_cov_14.041842	6936	0.999	0.000E+00	3872	0	3873	0	3872	3873	3872	0	0	1	3873M
SRR7976323_k141_37060	SRR6960802_NODE_773_length_3981_cov_6.362845	6996	1.00	0.000E+00	0	3903	3904	2	3905	3981	0	3903	0	1	3904M
SRR7976325_k141_56614	SRR7976325_NODE_185_length_4025_cov_23.293269	7174	0.998	0.000E+00	4020	0	4021	4	4024	4025	4020	0	0	1	4021M
SRR6960507_k141_102737	SRR6960507_NODE_969_length_4043_cov_4.717632	6732	0.990	0.000E+00	0	3847	3848	197	4042	4043	0	3847	0	1	107M1I66M1I3673M
SRR5466728_k141_34192	SRR5466728_NODE_516_length_3633_cov_32.451404	6384	0.996	0.000E+00	47	3641	3828	0	3594	3633	0	3827	0	301	3595M
SRR5466728_k141_34192	SRR5467090_NODE_626_length_3596_cov_31.962532	6234	0.995	0.000E+00	3642	122	3828	47	3567	3596	3827	0	0	301	3521M
SRR5467090_k141_42193	SRR5467090_NODE_497_length_3912_cov_34.977859	6998	0.999	0.000E+00	0	3909	3910	2	3911	3912	0	3909	0	2	3910M
SRR6253161_k141_64253	SRR6253161_NODE_650_length_4216_cov_11.421675	7472	1.00	0.000E+00	0	4169	4170	46	4215	4216	0	4169	0	1	4170M
SRR6253161_k141_64253	SRR6255520_NODE_428_length_4110_cov_7.586326	7275	1.00	0.000E+00	4169	110	4170	50	4109	4110	4169	0	0	1	4060M
SRR6255733_k141_18943	SRR5466723_NODE_345_length_4460_cov_291.235013	7826	0.999	0.000E+00	2	4376	4592	2	4376	4460	0	4591	0	2	4375M
SRR7976295_k141_9071	SRR6960507_NODE_1159_length_3760_cov_347.131272	6637	0.999	0.000E+00	3705	0	3788	54	3759	3760	3787	0	0	1	3706M
SRR7976300_k141_43130	SRR7976300_NODE_1332_length_3394_cov_9.368263	6078	0.999	0.000E+00	3393	0	3394	0	3393	3394	3393	0	0	1	3394M
SRR7976310_k141_68958	SRR7976310_NODE_453_length_4155_cov_12.311857	7416	0.999	0.000E+00	4140	0	4141	12	4152	4155	4140	0	0	1	4141M
SRR6960803_k141_11595	SRR6960803_NODE_1402_length_4423_cov_12.842069	7917	1.00	0.000E+00	0	4417	4418	0	4417	4423	0	4417	0	1	4418M
SRR6960799_k141_59247	SRR7976325_NODE_150_length_4216_cov_4.053826	7528	1.00	0.000E+00	0	4200	4206	15	4215	4216	0	4205	0	1	4201M
SRR5466366_k141_40490	SRR5466369_NODE_1690_length_4080_cov_50.438732	7168	0.999	0.000E+00	4004	0	4080	68	4072	4080	4079	0	0	1	4005M
SRR5466366_k141_40490	SRR6255402_NODE_504_length_4093_cov_39.660945	7167	0.999	0.000E+00	4001	0	4080	91	4092	4093	4079	0	0	1	4002M
SRR5466366_k141_40490	SRR6253161_NODE_204_length_6354_cov_59.596720	7167	0.999	0.000E+00	4001	0	4080	2338	6339	6354	4079	0	0	1	4002M
SRR5466725_k141_105146	SRR5466723_NODE_345_length_4460_cov_291.235013	7763	0.999	0.000E+00	4343	2	6270	55	4396	4460	6269	0	0	3	4342M
SRR6254353_k141_18183	SRR5466338_NODE_1374_length_4358_cov_51.756126	7641	0.999	0.000E+00	4323	55	4325	69	4337	4358	4324	0	0	1	4269M
SRR6254353_k141_18183	SRR6255402_NODE_458_length_4368_cov_29.226077	7637	0.999	0.000E+00	54	4320	4325	30	4296	4368	0	4324	0	1	4267M
SRR6254353_k141_18183	SRR5466337_NODE_388_length_4774_cov_43.306743	7634	0.999	0.000E+00	54	4318	4325	33	4297	4774	0	4324	0	1	4265M
SRR6254353_k141_18183	SRR5466366_NODE_1144_length_4333_cov_42.589437	7548	1.00	0.000E+00	4320	109	4325	0	4211	4333	4324	0	0	1	4212M
SRR6960551_k141_6601	SRR6960551_NODE_449_length_3851_cov_9.829804	6886	0.999	0.000E+00	3849	0	3850	0	3849	3851	3849	0	0	4	3850M
SRR7976299_k141_2374	SRR7976299_NODE_84_length_3750_cov_21.446288	6555	0.998	0.000E+00	4063	396	4064	0	3667	3750	4063	0	0	1	3668M
SRR7976301_k141_84605	SRR7976310_NODE_365_length_4535_cov_13.651950	8055	0.998	0.000E+00	4509	0	4510	2	4511	4535	4509	0	0	1	4510M
SRR6960509_k141_107721	SRR6960551_NODE_405_length_4040_cov_486.750189	7150	0.997	0.000E+00	15	4034	4039	12	4031	4040	0	4038	0	1	4020M
SRR6960551_k141_80107	SRR6960509_NODE_1452_length_3894_cov_29.064381	6946	0.999	0.000E+00	0	3880	3881	12	3892	3894	0	3880	0	1	3881M
SRR7976299_k141_23573	SRR6960549_NODE_29_length_4583_cov_14.882040	8062	0.997	0.000E+00	0	4528	4529	21	4549	4583	0	4528	0	1	4529M
SRR7976310_k141_55846	SRR7976310_NODE_517_length_3913_cov_79.329948	7007	1.00	0.000E+00	3909	0	3910	3	3912	3913	3909	0	0	1	3910M
SRR6960799_k141_98715	SRR6960799_NODE_625_length_3711_cov_26.999725	6650	1.00	0.000E+00	0	3710	3711	0	3710	3711	0	3710	0	1	3711M
SRR7976357_k141_42088	SRR7976357_NODE_2056_length_3395_cov_115.862432	6045	0.998	0.000E+00	0	3382	4898	0	3382	3395	0	4897	0	1	3383M
SRR7976326_k141_28523	SRR7976326_NODE_147_length_3559_cov_4.483075	6265	1.00	0.000E+00	3495	0	3496	5	3500	3559	3495	0	0	1	3496M
SRR7976325_k141_16397	SRR6960799_NODE_659_length_3626_cov_24.458767	6485	0.999	0.000E+00	35	3659	3660	0	3625	3626	0	3659	0	1	2352M1D1273M
SRR7976325_k141_16397	SRR7976325_NODE_270_length_3627_cov_3265.837648	5740	0.999	0.000E+00	3208	0	3660	416	3625	3627	3659	0	0	1	817M1D2392M
SRR5208574_k141_11339	SRR6050738_NODE_59_length_4027_cov_25.125443	7056	0.991	0.000E+00	0	4019	4020	6	4025	4027	0	4019	0	2	4020M
SRR6960507_k141_19734	SRR6960507_NODE_1164_length_3757_cov_5.429425	6678	0.999	0.000E+00	0	3733	3734	23	3756	3757	0	3733	0	1	3734M
SRR5466364_k141_49609	SRR5466364_NODE_1215_length_3832_cov_11.315243	6854	0.999	0.000E+00	3829	0	3830	0	3829	3832	3829	0	0	301	3830M
SRR5466723_k141_22106	SRR5466725_NODE_1572_length_3817_cov_87.091880	6753	0.999	0.000E+00	3770	0	4151	46	3816	3817	4150	0	0	1	3771M
SRR5466728_k141_20356	SRR5466728_NODE_403_length_3944_cov_27.845260	7063	0.999	0.000E+00	4194	251	4195	0	3943	3944	4194	0	0	1	3944M
SRR5467090_k141_31441	SRR6255402_NODE_458_length_4368_cov_29.226077	7700	0.999	0.000E+00	14	4315	4663	0	4301	4368	0	4662	0	1	4302M
SRR5467090_k141_31441	SRR5466337_NODE_388_length_4774_cov_43.306743	7693	0.999	0.000E+00	11	4308	4663	0	4297	4774	0	4662	0	1	4298M
SRR5467090_k141_31441	SRR5466338_NODE_1374_length_4358_cov_51.756126	7671	0.999	0.000E+00	4311	26	4663	71	4356	4358	4662	0	0	1	4286M
SRR5467090_k141_31441	SRR5466366_NODE_1144_length_4333_cov_42.589437	7543	0.999	0.000E+00	4310	99	4663	0	4211	4333	4662	0	0	1	4212M
SRR6049586_k141_6284	SRR5466338_NODE_2222_length_3417_cov_137.069079	5868	0.995	0.000E+00	137	3449	3450	103	3416	3417	0	3449	0	4	28M1D3285M
SRR6049586_k141_6284	SRR5466337_NODE_1057_length_3407_cov_109.255549	5843	0.994	0.000E+00	137	3441	3450	29	3335	3407	0	3449	0	4	28M1D29M1D3248M
SRR6049586_k141_6284	SRR5466365_NODE_1187_length_3380_cov_118.088298	5785	0.990	0.000E+00	137	3441	3450	34	3342	3380	0	3449	0	4	28M1D27M4D6M1I3243M
SRR6255733_k141_37656	SRR6255733_NODE_486_length_4128_cov_6.676202	7388	0.999	0.000E+00	0	4127	4128	0	4127	4128	0	4127	0	3	4128M
SRR6960549_k141_18137	SRR6960549_NODE_35_length_4420_cov_7.577640	7897	1.00	0.000E+00	0	4406	4407	6	4412	4420	0	4406	0	1	4407M
SRR6960797_k141_34774	SRR6960551_NODE_455_length_3827_cov_51.043687	6781	0.999	0.000E+00	3788	0	3789	38	3826	3827	3788	0	0	1	3789M
SRR7976310_k141_19259	SRR7976310_NODE_552_length_3827_cov_59.898508	6835	0.999	0.000E+00	0	3818	3819	0	3818	3827	0	3818	0	1	3819M
SRR6253161_k141_39154	SRR6253161_NODE_204_length_6354_cov_59.596720	11385	1.00	0.000E+00	6353	0	8334	0	6353	6354	8333	0	0	1	6354M
SRR6253161_k141_39154	SRR5466369_NODE_1690_length_4080_cov_50.438732	7181	0.999	0.000E+00	4016	7	8334	70	4079	4080	8333	0	0	1	4010M
SRR6253161_k141_39154	SRR6255402_NODE_504_length_4093_cov_39.660945	7172	0.999	0.000E+00	4018	14	8334	88	4092	4093	8333	0	0	1	4005M
SRR6255733_k141_29569	SRR5466727_NODE_783_length_4299_cov_48.817795	7510	0.999	0.000E+00	4250	55	4251	72	4267	4299	4250	0	0	3	4196M
SRR6960551_k141_36771	SRR6960797_NODE_273_length_4213_cov_277.719324	7537	1.00	0.000E+00	2	4207	4208	0	4205	4213	0	4207	0	1	4206M
SRR7976301_k141_53930	SRR7976310_NODE_417_length_4253_cov_116.468421	7561	0.997	0.000E+00	4241	0	4242	1	4242	4253	4241	0	0	1	4242M
SRR7976310_k141_69626	SRR7976310_NODE_632_length_3650_cov_15.268940	6528	0.999	0.000E+00	3647	0	3648	0	3647	3650	3647	0	0	1	3648M
SRR6960803_k141_105588	SRR7976357_NODE_1887_length_3533_cov_341.635549	6251	0.998	0.000E+00	0	3497	3584	10	3507	3533	0	3583	0	1	3498M
SRR6960799_k141_96870	SRR6960799_NODE_650_length_3647_cov_3.979015	6435	0.993	0.000E+00	0	3645	3646	0	3645	3647	0	3645	0	1	3646M
SRR7976357_k141_34318	SRR7976356_NODE_1266_length_3919_cov_35.974779	6842	0.998	0.000E+00	169	3996	3997	17	3844	3919	0	3996	0	1	3828M
SRR7976357_k141_34318	SRR6960803_NODE_2697_length_3228_cov_6.326149	5593	0.996	0.000E+00	851	3996	3997	79	3224	3228	0	3996	0	1	3146M
SRR7976325_k141_13953	SRR7976325_NODE_267_length_3646_cov_13.792331	6515	0.999	0.000E+00	3642	0	3643	3	3645	3646	3642	0	0	2	3643M
SRR6960509_k141_122811	SRR6960797_NODE_273_length_4213_cov_277.719324	7326	0.999	0.000E+00	4423	331	4424	1	4092	4213	4423	0	0	1	2605M1I1487M
SRR6960551_k141_38427	SRR6960551_NODE_485_length_3732_cov_20.336704	6688	1.00	0.000E+00	3742	11	3743	0	3731	3732	3742	0	0	1	3732M
SRR7976299_k141_2435	SRR7976299_NODE_93_length_3682_cov_273.239956	6450	0.991	0.000E+00	0	3679	3680	2	3681	3682	0	3679	0	1	113M1I1295M1D2271M
SRR7976310_k141_50396	SRR7976310_NODE_532_length_3871_cov_71.953397	6883	1.00	0.000E+00	4173	333	4174	0	3840	3871	4173	0	0	1	3841M
SRR7976324_k141_16482	SRR7976324_NODE_185_length_4198_cov_395.961697	7407	0.995	0.000E+00	468	4643	4783	7	4182	4198	0	4782	0	1	4176M
SRR7976326_k141_13959	SRR7976326_NODE_108_length_3923_cov_7.418701	6982	0.999	0.000E+00	3898	0	3899	0	3898	3923	3898	0	0	1	3899M
SRR7976325_k141_15905	SRR7976325_NODE_219_length_3859_cov_7.580560	6851	0.998	0.000E+00	0	3832	3833	0	3832	3859	0	3832	0	1	3833M
SRR5208572_k141_14676	SRR5208572_NODE_20_length_4309_cov_39.945231	7704	0.999	0.000E+00	0	4308	4309	0	4308	4309	0	4308	0	1	4309M
SRR5466337_k141_37572	SRR5466337_NODE_1057_length_3407_cov_109.255549	6069	0.997	0.000E+00	3451	47	3452	1	3406	3407	3451	0	0	1	86M1D3319M
SRR5466337_k141_37572	SRR5466338_NODE_2222_length_3417_cov_137.069079	5961	0.999	0.000E+00	3451	118	3452	75	3408	3417	3451	0	0	1	3334M
SRR5466337_k141_37572	SRR5466365_NODE_1187_length_3380_cov_118.088298	5899	0.994	0.000E+00	3451	117	3452	6	3343	3380	3451	0	0	1	86M3D3249M
SRR5466727_k141_59381	SRR5466725_NODE_1678_length_3697_cov_9.929912	6598	0.998	0.000E+00	0	3696	3697	0	3696	3697	0	3696	0	3	3697M
SRR5467091_k141_26185	SRR5467091_NODE_740_length_3870_cov_7.866474	6921	0.999	0.000E+00	3866	0	3867	0	3866	3870	3866	0	0	1	3867M
SRR6960549_k141_2910	SRR7976299_NODE_68_length_3925_cov_59.756231	6857	0.999	0.000E+00	383	4216	4221	91	3924	3925	0	4220	0	1	3834M
SRR7976310_k141_1371	SRR7976310_NODE_651_length_3618_cov_22.828491	6473	1.00	0.000E+00	3611	0	3612	0	3611	3618	3611	0	0	1	3612M
SRR6960799_k141_26344	SRR6960799_NODE_835_length_3340_cov_4.952250	5964	0.999	0.000E+00	0	3334	3335	6	3339	3340	0	3334	0	1	942M1I2392M
SRR7976357_k141_32901	SRR7976357_NODE_1904_length_3509_cov_33.560827	6277	1.00	0.000E+00	0	3502	3503	0	3502	3509	0	3502	0	301	3503M
SRR7976325_k141_34495	SRR7976325_NODE_250_length_3724_cov_18.926322	6642	0.998	0.000E+00	0	3723	3724	0	3723	3724	0	3723	0	1	3724M
SRR7976356_k141_65663	SRR7976357_NODE_1887_length_3533_cov_341.635549	6277	1.00	0.000E+00	0	3502	3614	26	3528	3533	0	3613	0	1	3503M
SRR6050482_k141_6209	SRR6050482_NODE_9_length_4315_cov_8.494342	7728	0.999	0.000E+00	0	4314	4315	0	4314	4315	0	4314	0	1	4315M
SRR5466723_k141_22001	SRR5466723_NODE_345_length_4460_cov_291.235013	7963	0.999	0.000E+00	4453	0	4454	0	4453	4460	4453	0	0	1	4454M
SRR5467090_k141_21498	SRR5467090_NODE_626_length_3596_cov_31.962532	6408	0.997	0.000E+00	3623	28	3624	0	3595	3596	3623	0	0	1	3596M
SRR5467090_k141_21498	SRR5466728_NODE_516_length_3633_cov_32.451404	6311	0.995	0.000E+00	55	3613	3624	74	3632	3633	0	3623	0	1	3559M
SRR5467091_k141_5373	SRR5467091_NODE_686_length_4002_cov_18.132095	7172	1.00	0.000E+00	4001	0	4002	0	4001	4002	4001	0	0	2	4002M
SRR6255733_k141_14949	SRR5466729_NODE_914_length_3717_cov_605.864435	6468	0.999	0.000E+00	3746	135	3989	90	3701	3717	3988	0	0	1	3612M
SRR5466365_k141_76870	SRR6253161_NODE_437_length_4779_cov_8.244794	8556	0.999	0.000E+00	0	4776	4777	2	4778	4779	0	4776	0	1	4777M
SRR5466725_k141_75388	SRR5466727_NODE_1037_length_3808_cov_18.897992	6747	0.998	0.000E+00	0	3774	3780	33	3807	3808	0	3779	0	1	3775M
SRR5466729_k141_61523	SRR5466729_NODE_914_length_3717_cov_605.864435	6634	1.00	0.000E+00	3864	163	3865	0	3701	3717	3864	0	0	1	3702M
SRR5467091_k141_11050	SRR5467091_NODE_922_length_3570_cov_63.004003	6384	0.999	0.000E+00	0	3569	3570	0	3569	3570	0	3569	0	1	3570M
SRR6254351_k141_40121	SRR5466337_NODE_601_length_4144_cov_43.186932	6835	0.995	0.000E+00	0	3853	3932	9	3862	4144	0	3931	0	1	3854M
SRR6254351_k141_40121	SRR6254353_NODE_737_length_3900_cov_38.177685	6832	0.995	0.000E+00	3854	0	3932	26	3880	3900	3931	0	0	1	3855M
SRR6254351_k141_40121	SRR5466369_NODE_1803_length_3954_cov_37.877609	6832	0.995	0.000E+00	3854	0	3932	72	3926	3954	3931	0	0	1	3855M
SRR6254351_k141_40121	SRR6253256_NODE_617_length_3957_cov_19.255922	6828	0.995	0.000E+00	3854	0	3932	72	3926	3957	3931	0	0	1	3855M
SRR6960551_k141_63062	SRR6960551_NODE_532_length_3629_cov_824.531496	6401	0.998	0.000E+00	31	3612	3770	25	3606	3629	0	3769	0	4	3582M
SRR7976299_k141_19879	SRR6960549_NODE_41_length_4269_cov_207.844376	7567	0.999	0.000E+00	636	4865	4866	28	4257	4269	0	4865	0	1	4230M
SRR7976301_k141_34515	SRR7976301_NODE_528_length_4001_cov_128.247200	7155	1.00	0.000E+00	0	3992	3993	6	3998	4001	0	3992	0	1	3993M
SRR5995670_k141_2989	SRR5995670_NODE_336_length_3476_cov_21.338205	5894	0.995	0.000E+00	3621	295	3622	0	3329	3476	3621	0	0	1	17M2D40M1D3270M
SRR6960509_k141_113775	SRR6960551_NODE_601_length_3466_cov_209.488948	6176	0.999	0.000E+00	0	3453	3454	2	3455	3466	0	3453	0	1	3454M
SRR7976299_k141_20259	SRR7976299_NODE_54_length_4137_cov_19.527313	7285	0.999	0.000E+00	1175	5242	5243	68	4135	4137	0	5242	0	1	4068M
SRR7976301_k141_30412	SRR7976301_NODE_682_length_3660_cov_45.007806	6557	1.00	0.000E+00	3658	0	3659	1	3659	3660	3658	0	0	1	3659M
SRR7976324_k141_12864	SRR7976323_NODE_1607_length_3553_cov_62.904023	6301	0.999	0.000E+00	77	3597	3598	32	3552	3553	0	3597	0	1	3521M
SRR7976326_k141_7835	SRR7976326_NODE_124_length_3760_cov_45.759696	6666	0.995	0.000E+00	0	3759	3760	0	3759	3760	0	3759	0	1	3760M
SRR7976325_k141_60758	SRR6960799_NODE_605_length_3739_cov_6.505728	6617	0.998	0.000E+00	3710	1	3711	0	3709	3739	3710	0	0	1	3710M
SRR5208570_k141_63256	SRR5467139_NODE_70_length_3984_cov_42.503707	6875	0.992	0.000E+00	0	3913	3943	69	3982	3984	0	3942	0	1	3914M
SRR5466369_k141_49057	SRR5466369_NODE_1690_length_4080_cov_50.438732	7286	1.00	0.000E+00	4065	0	4066	14	4079	4080	4065	0	0	1	4066M
SRR5466369_k141_49057	SRR6253161_NODE_204_length_6354_cov_59.596720	7181	0.999	0.000E+00	4009	0	4066	2337	6346	6354	4065	0	0	1	4010M
SRR5466369_k141_49057	SRR6255402_NODE_504_length_4093_cov_39.660945	7169	0.999	0.000E+00	4009	7	4066	90	4092	4093	4065	0	0	1	4003M
SRR5466725_k141_71409	SRR5466725_NODE_1439_length_3970_cov_10.782397	7114	1.00	0.000E+00	0	3969	3970	0	3969	3970	0	3969	0	3	3970M
SRR5466729_k141_70893	SRR5466729_NODE_512_length_4502_cov_761.194175	8026	1.00	0.000E+00	4478	0	5007	0	4478	4502	5006	0	0	1	4479M
SRR5467091_k141_79590	SRR5466337_NODE_388_length_4774_cov_43.306743	7625	0.999	0.000E+00	4356	97	4357	0	4259	4774	4356	0	0	1	4260M
SRR5467091_k141_79590	SRR6255402_NODE_458_length_4368_cov_29.226077	7619	0.999	0.000E+00	4353	97	4357	0	4256	4368	4356	0	0	1	4257M
SRR5467091_k141_79590	SRR5466338_NODE_1374_length_4358_cov_51.756126	7595	0.999	0.000E+00	96	4341	4357	111	4356	4358	0	4356	0	1	4246M
SRR5467091_k141_79590	SRR5466366_NODE_1144_length_4333_cov_42.589437	7464	0.999	0.000E+00	96	4268	4357	39	4211	4333	0	4356	0	1	4173M
SRR6254984_k141_50328	SRR6254984_NODE_473_length_4223_cov_104.363373	7567	1.00	0.000E+00	4222	0	4223	0	4222	4223	4222	0	0	4	4223M
SRR6960509_k141_45420	SRR6960509_NODE_1209_length_4222_cov_41.929140	7560	1.00	0.000E+00	0	4218	4219	0	4218	4222	0	4218	0	1	4219M
SRR6960551_k141_33688	SRR6960551_NODE_395_length_4078_cov_471.447191	7159	0.994	0.000E+00	4067	13	4150	17	4071	4078	4149	0	0	1	4055M
SRR7976299_k141_21962	SRR7976299_NODE_63_length_3966_cov_11.293861	7103	0.999	0.000E+00	0	3965	3966	0	3965	3966	0	3965	0	1	3966M
SRR7976310_k141_15385	SRR6255746_NODE_496_length_4095_cov_71.044754	7160	0.996	0.000E+00	785	4812	4814	67	4094	4095	0	4813	0	1	4028M
SRR6960799_k141_106116	SRR6960799_NODE_713_length_3535_cov_14.969671	6333	1.00	0.000E+00	0	3533	3534	0	3533	3535	0	3533	0	1	3534M
SRR7976357_k141_80025	SRR7976356_NODE_1322_length_3852_cov_11.341096	6894	0.999	0.000E+00	0	3851	3852	0	3851	3852	0	3851	0	1	3852M
SRR7976325_k141_26012	SRR6960799_NODE_438_length_4161_cov_12.605675	7040	0.995	0.000E+00	3975	0	4870	147	4122	4161	4869	0	0	1	3976M
SRR6960802_k141_1623	SRR7976323_NODE_1387_length_3779_cov_812.845656	6535	0.998	0.000E+00	4753	1090	5929	104	3766	3779	5928	0	0	1	3659M1I4M
SRR5467139_k141_16924	SRR5467139_NODE_92_length_3677_cov_10.543008	6585	0.999	0.000E+00	3676	0	3677	0	3676	3677	3676	0	0	1	3677M
SRR5466338_k141_47000	SRR5466364_NODE_1385_length_3650_cov_25.209114	6186	0.997	0.000E+00	3727	251	3740	0	3476	3650	3739	0	0	1	3477M
SRR5466337_k141_33643	SRR5466337_NODE_630_length_4089_cov_7.588894	7323	0.999	0.000E+00	4088	0	4089	0	4088	4089	4088	0	0	1	4089M
SRR5466727_k141_44786	SRR5466725_NODE_1389_length_4051_cov_10.295877	7223	0.998	0.000E+00	4045	0	4046	0	4045	4051	4045	0	0	1	4046M
SRR5466727_k141_44786	SRR5466729_NODE_1409_length_3094_cov_7.641840	5419	0.998	0.000E+00	4041	1006	4046	0	3034	3094	4045	0	0	1	3026M1I9M
SRR5467091_k141_20244	SRR5467091_NODE_1117_length_3313_cov_7.369753	5934	1.00	0.000E+00	0	3310	3311	2	3312	3313	0	3310	0	2	3311M
SRR5466365_k141_982	SRR6254352_NODE_1057_length_3829_cov_249.738285	6724	0.992	0.000E+00	3832	5	3972	0	3828	3829	3971	0	0	301	3810M1D18M
SRR5466725_k141_81091	SRR5466725_NODE_1855_length_3510_cov_10.777713	6288	1.00	0.000E+00	3508	0	3509	0	3508	3510	3508	0	0	1	3509M
SRR5466728_k141_58640	SRR5466728_NODE_392_length_3981_cov_14.738997	7129	0.999	0.000E+00	0	3980	3981	0	3980	3981	0	3980	0	1	3981M
SRR5467090_k141_17386	SRR5467090_NODE_487_length_3946_cov_10.150788	7028	0.999	0.000E+00	0	3926	3958	0	3926	3946	0	3957	0	1	3927M
SRR6255733_k141_1932	SRR5466725_NODE_1379_length_4061_cov_453.865346	7210	0.999	0.000E+00	80	4105	4107	35	4060	4061	0	4106	0	1	4026M
SRR6960551_k141_62068	SRR6960551_NODE_405_length_4040_cov_486.750189	7228	0.999	0.000E+00	4035	0	4036	4	4039	4040	4035	0	0	1	4036M
SRR7976299_k141_1552	SRR7976299_NODE_56_length_4128_cov_44.783231	7395	1.00	0.000E+00	65	4191	4192	0	4126	4128	0	4191	0	1	4127M
SRR7976310_k141_64724	SRR7976310_NODE_592_length_3740_cov_7.136079	6689	0.999	0.000E+00	0	3739	3740	0	3739	3740	0	3739	0	1	3740M
SRR5466729_k141_155	SRR5466729_NODE_653_length_4168_cov_7.619048	7449	0.999	0.000E+00	4163	0	4164	2	4167	4168	4163	0	0	1	80M1D1663M1D2421M
SRR5467090_k141_4116	SRR5466728_NODE_457_length_3780_cov_9.045050	6769	0.999	0.000E+00	3779	0	3824	0	3779	3780	3823	0	0	1	3780M
SRR6255746_k141_1054	SRR5466729_NODE_852_length_3826_cov_17.774047	6767	0.998	0.000E+00	3785	0	3786	38	3823	3826	3785	0	0	1	3786M
SRR6255746_k141_1054	SRR5466727_NODE_266_length_6671_cov_21.180964	6381	0.998	0.000E+00	0	3570	3786	2	3572	6671	0	3785	0	1	3571M
SRR6960551_k141_21578	SRR6960509_NODE_1480_length_3861_cov_370.235480	6848	0.999	0.000E+00	574	4397	4398	9	3832	3861	0	4397	0	2	3824M
SRR7976299_k141_4679	SRR7976299_NODE_34_length_4645_cov_7.339458	8309	0.999	0.000E+00	0	4641	4642	3	4644	4645	0	4641	0	1	4642M
SRR7976301_k141_33928	SRR7976301_NODE_596_length_3846_cov_332.441028	6834	0.999	0.000E+00	3819	4	3820	30	3845	3846	3819	0	0	1	3816M
SRR7687308_k141_117758	SRR7687308_NODE_1573_length_3771_cov_5.457004	6729	0.998	0.000E+00	3764	0	3765	0	3764	3771	3764	0	0	1	3765M
SRR6960803_k141_108340	SRR6960803_NODE_2135_length_3623_cov_6.162817	6394	0.999	0.000E+00	3574	0	3575	49	3622	3623	3574	0	0	1	415M1I3159M
SRR6960799_k141_65355	SRR7976325_NODE_201_length_3927_cov_32.636741	7028	0.999	0.000E+00	3926	0	3927	0	3926	3927	3926	0	0	1	3927M
SRR7976357_k141_36232	SRR7976357_NODE_1887_length_3533_cov_341.635549	6252	0.999	0.000E+00	4643	1150	5447	32	3525	3533	5446	0	0	1	3494M
SRR7976325_k141_45508	SRR7976325_NODE_184_length_4026_cov_93.504427	7179	0.998	0.000E+00	0	4025	4027	0	4025	4026	0	4026	0	1	4026M
SRR6960802_k141_48935	SRR6960802_NODE_875_length_3832_cov_35.595105	6863	1.00	0.000E+00	0	3829	3830	0	3829	3832	0	3829	0	1	3830M
SRR5466338_k141_2280	SRR6254352_NODE_1057_length_3829_cov_249.738285	6700	0.990	0.000E+00	3828	0	4003	0	3828	3829	4002	0	0	1	3829M
SRR5466369_k141_59350	SRR6253161_NODE_902_length_3787_cov_8.388530	6772	0.999	0.000E+00	0	3783	3801	3	3786	3787	0	3800	0	1	3784M
SRR5467090_k141_73429	SRR5466728_NODE_309_length_4316_cov_26.459580	7664	0.999	0.000E+00	91	4372	4401	6	4287	4316	0	4400	0	1	4282M
SRR5467091_k141_29926	SRR5467091_NODE_631_length_4113_cov_55.060644	7362	0.999	0.000E+00	0	4110	4111	0	4110	4113	0	4110	0	1	4111M
SRR6255402_k141_888	SRR5466337_NODE_1057_length_3407_cov_109.255549	5924	0.999	0.000E+00	3629	317	3630	1	3313	3407	3629	0	0	1	3313M
SRR6255402_k141_888	SRR5466338_NODE_2222_length_3417_cov_137.069079	5902	0.997	0.000E+00	3629	317	3630	75	3386	3417	3629	0	0	1	86M1I3226M
SRR6255402_k141_888	SRR5466365_NODE_1187_length_3380_cov_118.088298	5862	0.994	0.000E+00	3629	317	3630	6	3320	3380	3629	0	0	1	89M2D3224M
SRR5467091_k141_81572	SRR5466728_NODE_276_length_4555_cov_116.800535	6778	0.999	0.000E+00	3850	61	3853	3	3792	4555	3852	0	0	301	3790M
SRR6960549_k141_16032	SRR6960549_NODE_87_length_3689_cov_4.960730	6556	0.999	0.000E+00	0	3660	3661	0	3660	3689	0	3660	0	1	3661M
SRR7976300_k141_2906	SRR7976300_NODE_1184_length_3575_cov_10.948315	6406	1.00	0.000E+00	3574	0	3575	0	3574	3575	3574	0	0	1	3575M
SRR7976310_k141_58466	SRR7976301_NODE_468_length_4228_cov_17.214200	7539	1.00	0.000E+00	0	4206	4210	21	4227	4228	0	4209	0	1	4207M
SRR6960803_k141_70047	SRR7976357_NODE_1609_length_3803_cov_11.394638	6654	0.990	0.000E+00	3805	3	3806	0	3802	3803	3805	0	0	1	3803M
SRR7976357_k141_62750	SRR7976357_NODE_1674_length_3736_cov_8.163527	6674	0.999	0.000E+00	0	3726	3727	9	3735	3736	0	3726	0	1	3727M
SRR6960801_k141_3744	SRR6960801_NODE_2939_length_3730_cov_24.175554	6684	1.00	0.000E+00	3729	0	3730	0	3729	3730	3729	0	0	1	3730M
SRR6960799_k141_73076	SRR6960799_NODE_632_length_3698_cov_6.670345	6603	0.999	0.000E+00	0	3686	3687	0	3686	3698	0	3686	0	1	3687M
SRR7976323_k141_20951	SRR7976324_NODE_185_length_4198_cov_395.961697	6784	0.992	0.000E+00	77	3929	4028	59	3911	4198	0	4027	0	1	3853M
SRR7976325_k141_44492	SRR7976325_NODE_233_length_3780_cov_4.271378	6759	1.00	0.000E+00	0	3771	3772	2	3773	3780	0	3771	0	1	3772M
SRR6050738_k141_29123	SRR6050738_NODE_61_length_4008_cov_22.053113	7173	1.00	0.000E+00	4002	0	4003	0	4002	4008	4002	0	0	1	4003M
SRR5466365_k141_73140	SRR5466338_NODE_1446_length_4247_cov_27.489938	7565	0.999	0.000E+00	209	4432	4433	19	4242	4247	0	4432	0	1	4224M
SRR5466725_k141_61370	SRR6255746_NODE_554_length_3896_cov_197.733194	6854	0.997	0.000E+00	4994	1150	4995	11	3855	3896	4994	0	0	1	3845M
SRR5466729_k141_28787	SRR5466729_NODE_951_length_3663_cov_5.403621	6536	0.999	0.000E+00	0	3649	3650	12	3661	3663	0	3649	0	1	3650M
SRR5467091_k141_77603	SRR5467091_NODE_600_length_4195_cov_48.960456	7420	0.999	0.000E+00	0	4142	4143	0	4142	4195	0	4142	0	1	4143M
SRR5467091_k141_77603	SRR5467090_NODE_1041_length_2985_cov_7.366071	5220	0.999	0.000E+00	1210	4124	4143	69	2983	2985	0	4142	0	1	2915M
SRR7976324_k141_44601	SRR7976323_NODE_1387_length_3779_cov_812.845656	6655	0.998	0.000E+00	3725	0	3815	46	3771	3779	3814	0	0	2	3726M
SRR7976326_k141_37967	SRR7976326_NODE_133_length_3694_cov_8.203259	6616	1.00	0.000E+00	0	3691	3692	2	3693	3694	0	3691	0	1	3692M
SRR7976325_k141_15967	SRR7976325_NODE_312_length_3486_cov_9.947846	6228	0.999	0.000E+00	3483	0	3484	1	3485	3486	3483	0	0	1	3279M1D205M
SRR5208574_k141_12989	SRR7473382_NODE_105_length_4203_cov_20.024697	7476	0.997	0.000E+00	4201	0	4202	0	4201	4203	4201	0	0	1	4202M
SRR6960507_k141_60564	SRR6960507_NODE_1137_length_3798_cov_48.993289	6793	1.00	0.000E+00	0	3790	3791	1	3791	3798	0	3790	0	1	3791M
SRR5466369_k141_87890	SRR5466369_NODE_2044_length_3725_cov_7.792169	6670	1.00	0.000E+00	3721	0	3722	0	3721	3725	3721	0	0	1	3722M
SRR5467091_k141_79724	SRR5467090_NODE_507_length_3890_cov_278.087765	6790	0.999	0.000E+00	102	3895	3896	34	3827	3890	0	3895	0	1	3794M
SRR6255402_k141_28300	SRR6254353_NODE_737_length_3900_cov_38.177685	6847	0.996	0.000E+00	3860	5	3903	25	3880	3900	3902	0	0	1	3856M
SRR6255402_k141_28300	SRR5466369_NODE_1803_length_3954_cov_37.877609	6847	0.995	0.000E+00	3860	0	3903	71	3931	3954	3902	0	0	1	3861M
SRR6255402_k141_28300	SRR6253256_NODE_617_length_3957_cov_19.255922	6834	0.995	0.000E+00	3860	0	3903	71	3931	3957	3902	0	0	1	3861M
SRR6255402_k141_28300	SRR5466337_NODE_601_length_4144_cov_43.186932	6830	0.995	0.000E+00	0	3858	3903	4	3862	4144	0	3902	0	1	3859M
SRR5466727_k141_57755	SRR5466727_NODE_783_length_4299_cov_48.817795	7704	1.00	0.000E+00	18	4316	4317	0	4298	4299	0	4316	0	301	4299M
SRR5467091_k141_58829	SRR5467091_NODE_623_length_4136_cov_6.484371	7378	0.999	0.000E+00	0	4119	4120	1	4120	4136	0	4119	0	1	4120M
SRR6255733_k141_34695	SRR6255746_NODE_633_length_3701_cov_9.520948	6607	0.999	0.000E+00	0	3691	3692	3	3694	3701	0	3691	0	1	3692M
SRR6960549_k141_22075	SRR7976301_NODE_476_length_4201_cov_929.770833	7429	0.999	0.000E+00	4150	0	4617	35	4185	4201	4616	0	0	1	4151M
SRR6960797_k141_33853	SRR6960797_NODE_431_length_3637_cov_12.730640	6509	1.00	0.000E+00	0	3631	3632	0	3631	3637	0	3631	0	1	3632M
SRR7976300_k141_31841	SRR7976300_NODE_1027_length_3790_cov_14.166532	6765	0.998	0.000E+00	0	3789	3790	0	3789	3790	0	3789	0	1	3790M
SRR7976310_k141_33021	SRR5467090_NODE_547_length_3776_cov_52.117202	6473	0.991	0.000E+00	304	3998	4000	81	3775	3776	0	3999	0	1	6M1D3309M1I379M
SRR6960803_k141_29189	SRR7976357_NODE_1659_length_3753_cov_180.267935	6691	1.00	0.000E+00	0	3733	4252	3	3736	3753	0	4251	0	1	3734M
SRR7976324_k141_39099	SRR7976323_NODE_1322_length_3852_cov_543.351416	6877	0.999	0.000E+00	4873	1032	4874	0	3840	3852	4873	0	0	1	13M1I3828M
SRR7976325_k141_64980	SRR7976325_NODE_240_length_3764_cov_10.396099	6723	0.998	0.000E+00	3763	0	3764	0	3763	3764	3763	0	0	1	3764M
SRR5208570_k141_70858	SRR5208570_NODE_71_length_3975_cov_65.103280	7065	0.997	0.000E+00	3977	8	3978	0	3969	3975	3977	0	0	1	3970M
SRR6960507_k141_5072	SRR6960507_NODE_1181_length_3730_cov_5.351107	6671	0.999	0.000E+00	0	3729	3730	0	3729	3730	0	3729	0	1	3730M
SRR6960507_k141_5072	SRR7976300_NODE_1052_length_3748_cov_45.400544	6551	0.998	0.000E+00	3672	0	3730	71	3743	3748	3729	0	0	1	3673M
SRR5466369_k141_33380	SRR5466369_NODE_1718_length_4054_cov_34.288872	7250	1.00	0.000E+00	0	4045	4179	8	4053	4054	0	4178	0	2	4046M
SRR5466369_k141_33380	SRR5466337_NODE_643_length_4049_cov_43.838783	7123	1.00	0.000E+00	0	3974	4179	2	3976	4049	0	4178	0	2	3975M
SRR5466725_k141_99025	SRR5466725_NODE_1261_length_4235_cov_55.973330	7523	1.00	0.000E+00	0	4197	4245	1	4198	4235	0	4244	0	2	4198M
SRR5466729_k141_9515	SRR6255733_NODE_499_length_4082_cov_89.693440	7310	0.999	0.000E+00	1	4082	4085	0	4081	4082	0	4084	0	1	4082M
SRR5467091_k141_40884	SRR5467091_NODE_748_length_3847_cov_6.433492	6889	0.999	0.000E+00	3846	0	3847	0	3846	3847	3846	0	0	1	3847M
SRR5466369_k141_88246	SRR5466365_NODE_808_length_3899_cov_402.751699	6814	0.997	0.000E+00	0	3825	3826	1	3827	3899	0	3825	0	1	18M1D3808M
SRR5466369_k141_88246	SRR6254353_NODE_735_length_3902_cov_297.642727	6789	0.996	0.000E+00	3825	0	3826	70	3895	3902	3825	0	0	1	3826M
SRR5466369_k141_88246	SRR5466338_NODE_1643_length_4003_cov_415.117303	6781	0.995	0.000E+00	0	3824	3826	0	3825	4003	0	3825	0	1	18M1D3807M
SRR5466369_k141_88246	SRR5466366_NODE_1463_length_3869_cov_294.756059	6776	0.995	0.000E+00	3825	0	3826	43	3868	3869	3825	0	0	1	3826M
SRR5466369_k141_88246	SRR6253579_NODE_810_length_3869_cov_234.698103	6716	0.991	0.000E+00	3825	0	3826	42	3868	3869	3825	0	0	1	3807M1D19M
SRR5466369_k141_88246	SRR6254984_NODE_577_length_3899_cov_213.276006	6711	0.991	0.000E+00	3825	0	3826	72	3898	3899	3825	0	0	1	3807M1D19M
SRR5466727_k141_58486	SRR5466727_NODE_1079_length_3747_cov_15.448285	6710	0.999	0.000E+00	144	3890	3891	0	3746	3747	0	3890	0	6	3747M
SRR5466729_k141_66119	SRR5466729_NODE_623_length_4244_cov_122.584512	7598	1.00	0.000E+00	4239	0	4240	0	4239	4244	4239	0	0	1	4240M
SRR5467091_k141_2372	SRR5466727_NODE_1090_length_3740_cov_19.161985	6585	0.994	0.000E+00	4	3730	3731	0	3726	3740	0	3730	0	1	3727M
SRR6255402_k141_13499	SRR6255402_NODE_504_length_4093_cov_39.660945	7335	1.00	0.000E+00	4092	0	4779	0	4092	4093	4778	0	0	1	4093M
SRR6255402_k141_13499	SRR6253161_NODE_204_length_6354_cov_59.596720	7172	0.999	0.000E+00	4004	0	4779	2335	6339	6354	4778	0	0	1	4005M
SRR6255402_k141_13499	SRR5466369_NODE_1690_length_4080_cov_50.438732	7169	0.999	0.000E+00	4002	0	4779	70	4072	4080	4778	0	0	1	4003M
SRR6960509_k141_77717	SRR6960509_NODE_1658_length_3673_cov_71.469722	6573	0.999	0.000E+00	3672	0	3673	0	3672	3673	3672	0	0	3	3673M
SRR6960551_k141_39410	SRR6960551_NODE_565_length_3536_cov_15.473000	6286	0.998	0.000E+00	0	3522	3523	1	3523	3536	0	3522	0	1	3523M
SRR7976299_k141_17787	SRR7976299_NODE_60_length_4061_cov_37.850301	7258	1.00	0.000E+00	4049	0	4050	1	4050	4061	4049	0	0	1	4050M
SRR7976310_k141_70985	SRR7976310_NODE_770_length_3420_cov_7.564984	6106	0.999	0.000E+00	3411	0	3412	7	3418	3420	3411	0	0	1	3412M
SRR7976300_k141_60415	SRR7976300_NODE_710_length_4378_cov_10.457607	7842	1.00	0.000E+00	0	4375	4376	0	4375	4378	0	4375	0	301	4376M
SRR7976310_k141_23957	SRR7976310_NODE_562_length_3809_cov_177.833779	6796	0.998	0.000E+00	0	3804	3835	0	3804	3809	0	3834	0	1	3805M
SRR6960803_k141_38471	SRR6960803_NODE_1877_length_3846_cov_27.213623	6882	0.999	0.000E+00	3842	0	3843	3	3845	3846	3842	0	0	1	3843M
SRR7976357_k141_3933	SRR7976357_NODE_1752_length_3652_cov_203.392288	6531	0.999	0.000E+00	3651	0	3652	0	3651	3652	3651	0	0	1	3652M
SRR7976325_k141_22174	SRR7976325_NODE_206_length_3911_cov_6.408807	6824	0.998	0.000E+00	0	3822	3823	84	3906	3911	0	3822	0	1	3823M
SRR6050698_k141_16058	SRR6050698_NODE_133_length_3567_cov_77.184602	6392	1.00	0.000E+00	3566	0	3567	0	3566	3567	3566	0	0	1	3567M
SRR5466365_k141_25	SRR6255402_NODE_504_length_4093_cov_39.660945	7183	0.999	0.000E+00	4010	0	4151	82	4092	4093	4150	0	0	1	4011M
SRR5466365_k141_25	SRR6253161_NODE_204_length_6354_cov_59.596720	7172	0.999	0.000E+00	4004	0	4151	2335	6339	6354	4150	0	0	1	4005M
SRR5466365_k141_25	SRR5466369_NODE_1690_length_4080_cov_50.438732	7169	0.999	0.000E+00	4002	0	4151	70	4072	4080	4150	0	0	1	4003M
SRR5466725_k141_29163	SRR5466725_NODE_1196_length_4359_cov_56.067429	7799	0.999	0.000E+00	4354	0	4355	4	4358	4359	4354	0	0	3	4355M
SRR5466729_k141_74512	SRR5466725_NODE_1572_length_3817_cov_87.091880	6825	0.999	0.000E+00	3819	9	3820	6	3816	3817	3819	0	0	1	3811M
SRR5467091_k141_11713	SRR5467091_NODE_719_length_3912_cov_19.857775	6957	0.996	0.000E+00	3911	0	3912	0	3911	3912	3911	0	0	1	3912M
SRR6960551_k141_73607	SRR6960551_NODE_561_length_3540_cov_16.508220	6321	0.998	0.000E+00	3539	0	3540	0	3539	3540	3539	0	0	1	3540M
SRR7976299_k141_5033	SRR7976299_NODE_62_length_3991_cov_5.374936	7132	0.998	0.000E+00	0	3989	3990	1	3990	3991	0	3989	0	1	3990M
SRR7976301_k141_19572	SRR7976301_NODE_526_length_4002_cov_8.968949	7139	1.00	0.000E+00	0	3983	3984	18	4001	4002	0	3983	0	1	3984M
SRR5995670_k141_39073	SRR5995670_NODE_416_length_3180_cov_1.359830	5458	0.999	0.000E+00	222	3276	3277	126	3179	3180	0	3276	0	1	5M1I3049M
SRR6960799_k141_15337	SRR6960799_NODE_465_length_4096_cov_16.397216	7335	0.999	0.000E+00	4095	0	4096	0	4095	4096	4095	0	0	1	4096M
SRR6960549_k141_11616	SRR7976299_NODE_83_length_3757_cov_369.722041	6639	0.998	0.000E+00	3721	0	3846	31	3752	3757	3845	0	0	1	3722M
SRR6960551_k141_8869	SRR6960797_NODE_414_length_3667_cov_127.997218	6512	0.998	0.000E+00	3736	88	3737	14	3662	3667	3736	0	0	1	3649M
SRR7976300_k141_1325	SRR7976300_NODE_1396_length_3327_cov_5.317455	5881	0.999	0.000E+00	0	3283	3284	0	3283	3327	0	3283	0	1	3284M
SRR7976310_k141_41231	SRR7976310_NODE_417_length_4253_cov_116.468421	7450	0.997	0.000E+00	4287	108	4322	25	4204	4253	4321	0	0	1	4180M
SRR6960799_k141_94633	SRR6960799_NODE_495_length_4012_cov_5.364813	7154	0.998	0.000E+00	4011	0	4012	0	4011	4012	4011	0	0	1	4012M
SRR7976357_k141_56411	SRR7976356_NODE_1172_length_4061_cov_11.568205	7271	0.999	0.000E+00	4059	0	4060	1	4060	4061	4059	0	0	1	4060M
SRR6960802_k141_20594	SRR6960802_NODE_892_length_3800_cov_16.314999	6725	1.00	0.000E+00	3752	0	3753	47	3799	3800	3752	0	0	1	3753M
SRR5467139_k141_26183	SRR6050738_NODE_72_length_3784_cov_8.452439	6759	0.998	0.000E+00	3783	0	3784	0	3783	3784	3783	0	0	1	3784M
SRR5466338_k141_3607	SRR6255402_NODE_504_length_4093_cov_39.660945	7176	0.999	0.000E+00	4006	0	4124	86	4092	4093	4123	0	0	1	4007M
SRR5466338_k141_3607	SRR6253161_NODE_204_length_6354_cov_59.596720	7172	0.999	0.000E+00	4004	0	4124	2335	6339	6354	4123	0	0	1	4005M
SRR5466338_k141_3607	SRR5466369_NODE_1690_length_4080_cov_50.438732	7169	0.999	0.000E+00	4002	0	4124	70	4072	4080	4123	0	0	1	4003M
SRR6960803_k141_37834	SRR7976357_NODE_2056_length_3395_cov_115.862432	6049	0.998	0.000E+00	3387	0	4592	2	3389	3395	4591	0	0	301	3388M
SRR6960799_k141_12111	SRR6960799_NODE_489_length_4034_cov_165.971977	7194	0.999	0.000E+00	4016	0	4148	17	4033	4034	4147	0	0	1	4017M
SRR7976325_k141_34576	SRR7976325_NODE_305_length_3512_cov_6.309974	6289	0.999	0.000E+00	0	3511	3545	0	3511	3512	0	3544	0	1	3512M
SRR7976356_k141_38415	SRR7976357_NODE_1659_length_3753_cov_180.267935	6705	0.999	0.000E+00	0	3743	3885	3	3746	3753	0	3884	0	1	3744M
SRR5466364_k141_57323	SRR5466364_NODE_1385_length_3650_cov_25.209114	6532	0.999	0.000E+00	0	3649	3650	0	3649	3650	0	3649	0	1	3650M
SRR5466723_k141_15108	SRR6255746_NODE_621_length_3731_cov_76.549207	6459	0.997	0.000E+00	0	3626	3722	27	3653	3731	0	3721	0	1	3627M
SRR5466723_k141_15108	SRR5466727_NODE_1116_length_3708_cov_251.137276	6412	0.994	0.000E+00	3627	0	3722	78	3705	3708	3721	0	0	1	3628M
SRR5466723_k141_15108	SRR5466725_NODE_1669_length_3703_cov_236.622590	6398	0.993	0.000E+00	3627	3	3722	78	3702	3703	3721	0	0	1	3625M
SRR5467090_k141_2299	SRR5466728_NODE_465_length_3752_cov_24.846426	6582	1.00	0.000E+00	0	3672	3673	6	3678	3752	0	3672	0	3	3673M
SRR6960509_k141_62682	SRR6960551_NODE_437_length_3910_cov_16.045348	6974	0.999	0.000E+00	0	3898	3899	1	3899	3910	0	3898	0	1	3899M
SRR7976310_k141_20899	SRR7976301_NODE_596_length_3846_cov_332.441028	6587	0.999	0.000E+00	3780	103	4113	164	3841	3846	4112	0	0	1	3678M
SRR7976325_k141_4451	SRR7976325_NODE_343_length_3364_cov_5.172592	5964	1.00	0.000E+00	0	3327	3328	30	3357	3364	0	3327	0	1	3328M
SRR6960802_k141_19206	SRR6960802_NODE_686_length_4164_cov_13.455634	7380	0.996	0.000E+00	67	4224	4321	0	4156	4164	0	4320	0	1	4148M1I9M
SRR5208575_k141_13103	SRR5467139_NODE_84_length_3819_cov_8.173251	6808	0.998	0.000E+00	25	3840	3841	0	3817	3819	0	3840	0	1	3747M2D69M
SRR6960551_k141_15714	SRR6960551_NODE_549_length_3587_cov_193.772908	6351	0.996	0.000E+00	3573	0	3574	13	3586	3587	3573	0	0	301	3574M
SRR7976299_k141_14857	SRR7976299_NODE_78_length_3819_cov_6.102776	6800	0.999	0.000E+00	3796	0	3797	2	3798	3819	3796	0	0	1	3797M
SRR7976300_k141_16200	SRR7976300_NODE_1331_length_3395_cov_8.527092	5996	1.00	0.000E+00	3345	0	3346	49	3394	3395	3345	0	0	1	3346M
SRR7976310_k141_68980	SRR7976310_NODE_555_length_3822_cov_16.992531	6831	0.998	0.000E+00	3821	0	3822	0	3821	3822	3821	0	0	1	3822M
SRR6960803_k141_17377	SRR7976356_NODE_1708_length_3417_cov_18.430921	6065	0.996	0.000E+00	3417	1	3418	0	3416	3417	3417	0	0	1	3417M
SRR6960799_k141_118211	SRR6960799_NODE_621_length_3716_cov_6.097447	6596	0.998	0.000E+00	3690	0	3691	0	3690	3716	3690	0	0	1	3691M
SRR7976357_k141_70866	SRR7976357_NODE_1917_length_3499_cov_8.311734	6231	0.997	0.000E+00	3498	0	3499	0	3497	3499	3498	0	0	1	3442M1I56M
SRR7976325_k141_22650	SRR7976325_NODE_241_length_3763_cov_7.573984	6743	1.00	0.000E+00	0	3762	3763	0	3762	3763	0	3762	0	1	3763M
SRR7976356_k141_21660	SRR7976356_NODE_1532_length_3592_cov_41.599886	6437	1.00	0.000E+00	3591	0	3592	0	3591	3592	3591	0	0	1	3592M
SRR7976323_k141_17376	SRR7976323_NODE_1776_length_3386_cov_12.827950	5958	0.996	0.000E+00	0	3356	3357	8	3364	3386	0	3356	0	1	3357M
SRR7976325_k141_2311	SRR7976325_NODE_239_length_3766_cov_5.803412	6686	0.996	0.000E+00	3765	0	3766	0	3765	3766	3765	0	0	1	3766M
SRR6050738_k141_7191	SRR7473382_NODE_190_length_3545_cov_10.857431	6308	0.997	0.000E+00	0	3544	3545	0	3544	3545	0	3544	0	1	3545M
SRR6960507_k141_38097	SRR6960507_NODE_791_length_4350_cov_8.646715	7786	0.999	0.000E+00	0	4349	4350	0	4349	4350	0	4349	0	1	4350M
SRR5466366_k141_64573	SRR6254352_NODE_1057_length_3829_cov_249.738285	6709	0.991	0.000E+00	691	4515	4517	3	3828	3829	0	4516	0	1	3807M1D18M
SRR5466725_k141_104948	SRR5466725_NODE_1500_length_3892_cov_27.018853	6973	1.00	0.000E+00	3890	0	3891	0	3890	3892	3890	0	0	1	3891M
SRR5466729_k141_46725	SRR5466725_NODE_1499_length_3892_cov_32.532862	6948	0.999	0.000E+00	0	3884	3885	2	3886	3892	0	3884	0	1	3885M
SRR5467091_k141_11888	SRR5467091_NODE_830_length_3708_cov_10.265750	6640	0.999	0.000E+00	0	3707	3708	0	3707	3708	0	3707	0	1	3708M
SRR6254353_k141_27312	SRR6254352_NODE_1057_length_3829_cov_249.738285	6710	0.991	0.000E+00	239	4066	4074	0	3828	3829	0	4073	0	1	3810M1D18M
SRR6255746_k141_8289	SRR6255746_NODE_688_length_3546_cov_4.482868	6342	0.999	0.000E+00	3543	0	3544	2	3545	3546	3543	0	0	1	3544M
SRR7976300_k141_7859	SRR7976300_NODE_1079_length_3711_cov_36.425234	6647	1.00	0.000E+00	3716	8	3717	0	3708	3711	3716	0	0	301	3709M
SRR7976310_k141_43474	SRR7976301_NODE_533_length_3981_cov_500.840583	7113	0.999	0.000E+00	3979	8	3980	9	3980	3981	3979	0	0	1	3972M
SRR6960803_k141_36910	SRR6960803_NODE_2209_length_3556_cov_21.281367	6355	0.998	0.000E+00	3555	0	3556	0	3555	3556	3555	0	0	1	3556M
SRR6960803_k141_36910	SRR7976356_NODE_1587_length_3533_cov_16.015896	6226	0.998	0.000E+00	3555	72	3556	3	3486	3533	3555	0	0	1	3484M
SRR6960799_k141_5750	SRR6960799_NODE_760_length_3452_cov_8.094407	6161	0.998	0.000E+00	0	3447	3448	4	3451	3452	0	3447	0	2	3448M
SRR7976357_k141_15755	SRR6960803_NODE_2005_length_3734_cov_10.796231	6661	0.999	0.000E+00	3721	0	3722	2	3723	3734	3721	0	0	1	3722M
SRR7976325_k141_55065	SRR6960799_NODE_517_length_3908_cov_349.761408	6963	0.999	0.000E+00	3922	35	3923	12	3899	3908	3922	0	0	1	3888M
SRR7976356_k141_47516	SRR6960803_NODE_2075_length_3676_cov_14.706078	6544	0.997	0.000E+00	3673	0	3674	0	3673	3676	3673	0	0	1	3674M
SRR5467140_k141_1740	SRR6050738_NODE_57_length_4040_cov_24.284346	7165	0.996	0.000E+00	4035	0	4048	1	4036	4040	4047	0	0	1	4036M
SRR5466364_k141_96590	SRR6253161_NODE_902_length_3787_cov_8.388530	6582	1.00	0.000E+00	0	3672	3757	0	3672	3787	0	3756	0	1	3673M
SRR5466723_k141_9179	SRR5466727_NODE_1202_length_3582_cov_121.002850	6385	0.998	0.000E+00	0	3573	3704	7	3581	3582	0	3703	0	1	2236M1D1338M
SRR7976301_k141_11503	SRR5467090_NODE_547_length_3776_cov_52.117202	6496	0.991	0.000E+00	828	4529	4551	75	3775	3776	0	4550	0	1	3322M1I379M
SRR7687334_k141_31193	SRR7687334_NODE_1154_length_3623_cov_782.569014	6267	1.00	0.000E+00	3523	27	3524	0	3496	3623	3523	0	0	1	3497M
SRR6960803_k141_94777	SRR6960803_NODE_2093_length_3659_cov_23.858338	6548	0.999	0.000E+00	0	3658	3659	0	3658	3659	0	3658	0	1	3659M
SRR6960799_k141_12910	SRR7976325_NODE_288_length_3558_cov_53.308178	6339	0.998	0.000E+00	0	3554	3555	3	3557	3558	0	3554	0	1	3555M
SRR7976357_k141_58452	SRR7976357_NODE_1683_length_3727_cov_6.413246	6664	0.999	0.000E+00	3723	0	3724	3	3726	3727	3723	0	0	1	3724M
SRR7976325_k141_27138	SRR6960799_NODE_482_length_4049_cov_29.961268	7254	1.00	0.000E+00	0	4047	4048	0	4047	4049	0	4047	0	1	4048M
SRR6960507_k141_14189	SRR6960507_NODE_1284_length_3617_cov_20.215858	6438	0.998	0.000E+00	60	3664	3665	11	3615	3617	0	3664	0	1	3605M
SRR5466725_k141_67257	SRR5466725_NODE_1434_length_3976_cov_43.127082	7096	0.998	0.000E+00	3974	0	3975	1	3975	3976	3974	0	0	1	3975M
SRR6960551_k141_73613	SRR6960551_NODE_448_length_3853_cov_5.547884	6905	1.00	0.000E+00	0	3852	3915	0	3852	3853	0	3914	0	1	3853M
SRR7976299_k141_3810	SRR7976299_NODE_59_length_4073_cov_7.541750	7240	0.999	0.000E+00	0	4042	4043	30	4072	4073	0	4042	0	1	4043M
SRR5995670_k141_7373	SRR5995670_NODE_287_length_3676_cov_18.377146	6506	0.999	0.000E+00	0	3632	3633	43	3675	3676	0	3632	0	1	3633M
SRR6960799_k141_97462	SRR6960799_NODE_695_length_3567_cov_18.964224	6372	0.999	0.000E+00	3560	0	3561	1	3561	3567	3560	0	0	1	3561M
SRR6960799_k141_74099	SRR6960799_NODE_598_length_3750_cov_9.687517	6707	0.999	0.000E+00	3744	0	3745	1	3745	3750	3744	0	0	1	3745M
SRR7976323_k141_84413	SRR6960802_NODE_1101_length_3509_cov_35.810244	6281	1.00	0.000E+00	0	3504	3505	0	3504	3509	0	3504	0	1	3505M
SRR7976325_k141_28131	SRR7976325_NODE_375_length_3255_cov_3.415148	5804	0.998	0.000E+00	3323	71	3324	3	3254	3255	3323	0	0	1	2147M1I1105M
SRR6050738_k141_1958	SRR5208575_NODE_59_length_3605_cov_8.214609	6398	0.998	0.000E+00	0	3582	3592	22	3604	3605	0	3591	0	1	3583M
SRR6960507_k141_64340	SRR6960507_NODE_1257_length_3642_cov_25.077613	6518	0.999	0.000E+00	0	3641	3663	0	3641	3642	0	3662	0	1	3642M
SRR7976357_k141_64047	SRR7976357_NODE_1763_length_3641_cov_147.300168	6455	1.00	0.000E+00	3705	104	3706	31	3632	3641	3705	0	0	301	3602M
SRR6050716_k141_3189	SRR7473382_NODE_142_length_3861_cov_509.458553	6787	0.992	0.000E+00	3850	0	3861	0	3856	3861	3860	0	0	1	12M6D3839M
SRR5466365_k141_56011	SRR5466337_NODE_643_length_4049_cov_43.838783	7072	0.999	0.000E+00	32	3980	4158	13	3961	4049	0	4157	0	1	3949M
SRR5466365_k141_56011	SRR5466369_NODE_1718_length_4054_cov_34.288872	7072	0.999	0.000E+00	32	3980	4158	19	3967	4054	0	4157	0	1	3949M
SRR5466725_k141_108433	SRR5466725_NODE_1294_length_4188_cov_52.236452	7460	0.999	0.000E+00	0	4169	4170	19	4187	4188	0	4169	0	2	22M1I4147M
SRR5466728_k141_50028	SRR5466728_NODE_276_length_4555_cov_116.800535	8150	1.00	0.000E+00	4547	0	4548	4	4551	4555	4547	0	0	1	4548M
SRR5467090_k141_56235	SRR5467090_NODE_507_length_3890_cov_278.087765	6776	0.999	0.000E+00	168	3954	4201	38	3825	3890	0	4200	0	1	3718M1D69M
SRR6253161_k141_50468	SRR6254352_NODE_1057_length_3829_cov_249.738285	6706	0.991	0.000E+00	159	3986	3988	0	3828	3829	0	3987	0	1	3810M1D18M
SRR6255733_k141_1727	SRR6255746_NODE_496_length_4095_cov_71.044754	7332	0.999	0.000E+00	0	4093	4094	1	4094	4095	0	4093	0	1	4094M
SRR7976325_k141_56120	SRR6960799_NODE_562_length_3825_cov_17.020789	6824	0.998	0.000E+00	3817	0	3818	6	3823	3825	3817	0	0	1	3818M
SRR6960507_k141_82453	SRR6960507_NODE_1368_length_3547_cov_19.828440	6280	0.995	0.000E+00	3546	0	3547	0	3546	3547	3546	0	0	1	3547M
SRR5466365_k141_76517	SRR6253161_NODE_799_length_3938_cov_7.989392	6998	0.998	0.000E+00	0	3914	3976	23	3937	3938	0	3975	0	1	3915M
SRR5466725_k141_46128	SRR6255733_NODE_589_length_3822_cov_35.847959	6716	0.999	0.000E+00	3751	2	3969	72	3821	3822	3968	0	0	1	3750M
SRR6253579_k141_39380	SRR5467090_NODE_507_length_3890_cov_278.087765	6850	0.999	0.000E+00	0	3829	3969	0	3829	3890	0	3968	0	1	3830M
SRR5466725_k141_26651	SRR5466725_NODE_1356_length_4095_cov_8.380656	7301	0.999	0.000E+00	0	4076	4077	0	4076	4095	0	4076	0	1	4077M
SRR5467091_k141_67650	SRR5467091_NODE_751_length_3846_cov_13.740525	6879	0.999	0.000E+00	0	3845	3846	0	3845	3846	0	3845	0	1	3846M
SRR6254893_k141_22990	SRR6255402_NODE_458_length_4368_cov_29.226077	7646	0.999	0.000E+00	0	4273	4341	30	4302	4368	0	4340	0	1	4267M1I6M
SRR6254893_k141_22990	SRR5466338_NODE_1374_length_4358_cov_51.756126	7639	0.999	0.000E+00	4267	0	4341	71	4338	4358	4340	0	0	1	4268M
SRR6254893_k141_22990	SRR5466337_NODE_388_length_4774_cov_43.306743	7638	0.999	0.000E+00	0	4264	4341	33	4297	4774	0	4340	0	1	4265M
SRR6254893_k141_22990	SRR5466366_NODE_1144_length_4333_cov_42.589437	7543	0.999	0.000E+00	4266	55	4341	0	4211	4333	4340	0	0	1	4212M
SRR6960509_k141_51815	SRR6960509_NODE_1853_length_3506_cov_498.270026	6220	0.996	0.000E+00	0	3505	3937	0	3505	3506	0	3936	0	4	3506M
SRR7976299_k141_8599	SRR7976299_NODE_80_length_3766_cov_136.318440	6749	1.00	0.000E+00	3765	0	3766	0	3765	3766	3765	0	0	1	3766M
SRR6960799_k141_15981	SRR6960799_NODE_675_length_3595_cov_7.216638	6411	0.998	0.000E+00	0	3594	3595	0	3594	3595	0	3594	0	1	3595M
SRR6960549_k141_7975	SRR6960549_NODE_45_length_4187_cov_5.088721	7368	0.995	0.000E+00	0	4153	4154	33	4186	4187	0	4153	0	301	4154M
SRR7976300_k141_20868	SRR6960507_NODE_784_length_4376_cov_20.267488	7737	0.994	0.000E+00	4374	0	4375	1	4375	4376	4374	0	0	1	4375M
SRR7976310_k141_9036	SRR7976310_NODE_337_length_4681_cov_7.320095	8287	0.999	0.000E+00	0	4626	4627	2	4628	4681	0	4626	0	1	4627M
SRR6960799_k141_20589	SRR6960799_NODE_493_length_4013_cov_8.697208	7173	1.00	0.000E+00	4002	0	4003	9	4011	4013	4002	0	0	1	4003M
SRR7976357_k141_39612	SRR7976356_NODE_1587_length_3533_cov_16.015896	6169	0.998	0.000E+00	3454	0	3632	35	3489	3533	3631	0	0	1	3455M
SRR7976357_k141_39612	SRR6960803_NODE_2209_length_3556_cov_21.281367	6164	0.998	0.000E+00	3454	3	3632	32	3483	3556	3631	0	0	1	3452M
SRR7976325_k141_38180	SRR6960799_NODE_503_length_3983_cov_63.501790	7026	0.999	0.000E+00	147	4072	4073	51	3976	3983	0	4072	0	2	3926M
SRR7976356_k141_60829	SRR7976356_NODE_1587_length_3533_cov_16.015896	6260	0.999	0.000E+00	3495	0	3558	8	3503	3533	3557	0	0	1	3496M
SRR7976356_k141_60829	SRR6960803_NODE_2209_length_3556_cov_21.281367	6221	0.999	0.000E+00	3495	17	3558	5	3483	3556	3557	0	0	1	3479M
SRR6050483_k141_1213	SRR5208570_NODE_101_length_3509_cov_9.250582	6274	0.999	0.000E+00	3510	5	3511	3	3508	3509	3510	0	0	2	3506M
SRR7976301_k141_24209	SRR7976310_NODE_566_length_3796_cov_60.197690	6801	1.00	0.000E+00	3794	0	3795	0	3794	3796	3794	0	0	1	3795M
SRR5995670_k141_41644	SRR5995670_NODE_289_length_3668_cov_33.348942	6538	0.999	0.000E+00	0	3650	3730	0	3650	3668	0	3729	0	1	3651M
SRR6960799_k141_37579	SRR6960799_NODE_394_length_4334_cov_12.528280	7740	0.999	0.000E+00	0	4321	4322	11	4332	4334	0	4321	0	1	4322M
SRR7976323_k141_51982	SRR7976323_NODE_903_length_4508_cov_3.956032	8057	1.00	0.000E+00	4495	0	4496	8	4503	4508	4495	0	0	1	4496M
SRR6050738_k141_35772	SRR6050738_NODE_67_length_3915_cov_14.334461	7000	0.999	0.000E+00	3913	0	3914	0	3913	3915	3913	0	0	1	3914M
SRR6960507_k141_90808	SRR6960507_NODE_1159_length_3760_cov_347.131272	6720	1.00	0.000E+00	0	3749	3829	0	3749	3760	0	3828	0	1	3750M
SRR5466366_k141_50431	SRR5466365_NODE_1049_length_3549_cov_7.323360	6306	0.997	0.000E+00	45	3588	3589	0	3543	3549	0	3588	0	1	3544M
SRR5466725_k141_32958	SRR5466727_NODE_762_length_4355_cov_10.703643	7744	0.997	0.000E+00	4348	0	4349	2	4350	4355	4348	0	0	1	4349M
