SRR5466727_k141_57755	SRR5466727_NODE_1092_length_4229_cov_49.944658_g933_i0	7570	0.999	0.000E+00	90	4316	4317	2	4228	4229	0	4316	0	301	4227M
SRR5467091_k141_58829	SRR5467091_NODE_1084_length_4136_cov_6.582082_g830_i0	7378	0.999	0.000E+00	0	4119	4120	1	4120	4136	0	4119	0	1	4120M
SRR6255733_k141_34695	SRR6255733_NODE_913_length_3698_cov_11.010483_g740_i0	6616	1.00	0.000E+00	0	3691	3692	0	3691	3698	0	3691	0	1	3692M
SRR6960549_k141_22075	SRR7976301_NODE_740_length_4201_cov_921.132025_g584_i0	7392	0.997	0.000E+00	0	4149	4617	15	4164	4201	0	4616	0	1	4150M
SRR6960797_k141_33853	SRR6960797_NODE_703_length_3637_cov_12.761504_g548_i0	6500	0.999	0.000E+00	0	3631	3632	0	3631	3637	0	3631	0	1	3632M
SRR7976300_k141_31841	SRR7976300_NODE_1757_length_3762_cov_14.381675_g1303_i0	6715	0.998	0.000E+00	3789	28	3790	0	3761	3762	3789	0	0	1	3762M
SRR7976310_k141_33021	SRR7976310_NODE_964_length_3904_cov_686.200731_g681_i0	6606	0.999	0.000E+00	3999	305	4000	24	3719	3904	3999	0	0	1	3690M1D5M
SRR7976310_k141_33021	SRR5467090_NODE_891_length_3776_cov_51.700783_g706_i0	6455	0.990	0.000E+00	304	3998	4000	81	3775	3776	0	3999	0	1	6M1D3309M1I379M
SRR6960803_k141_29189	SRR7976357_NODE_3356_length_3753_cov_180.988043_g2006_i0	6689	0.999	0.000E+00	3734	0	4252	15	3749	3753	4251	0	0	2	3735M
SRR6960799_k141_12016	SRR6960799_NODE_1085_length_3990_cov_4.000511_g703_i0	7129	0.999	0.000E+00	3980	0	3981	9	3989	3990	3980	0	0	1	3981M
SRR6960551_k141_16953	SRR6960551_NODE_1253_length_3231_cov_8.869538_g873_i0	5781	0.999	0.000E+00	0	3230	3231	0	3230	3231	0	3230	0	1	3231M
SRR7976299_k141_21390	SRR7976299_NODE_74_length_4380_cov_42.158579_g61_i0	7808	1.00	0.000E+00	4356	0	4357	23	4379	4380	4356	0	0	1	4357M
SRR7976301_k141_40537	SRR7976301_NODE_729_length_4228_cov_14.551143_g575_i0	7568	0.999	0.000E+00	0	4225	4226	1	4226	4228	0	4225	0	1	4226M
SRR5995670_k141_34641	SRR5995670_NODE_395_length_3326_cov_15.118014_g298_i0	5891	0.999	0.000E+00	4263	971	4264	0	3295	3326	4263	0	0	1	17M3D3276M
SRR6960801_k141_38557	SRR7976327_NODE_6427_length_3680_cov_15.494594_g3554_i0	6508	0.995	0.000E+00	3673	5	3674	11	3679	3680	3673	0	0	1	3669M
SRR7976323_k141_64081	SRR7976323_NODE_2632_length_3718_cov_13.627435_g1909_i0	6504	0.990	0.000E+00	0	3718	3719	0	3717	3718	0	3718	0	1	87M1I3631M
SRR7976324_k141_39099	SRR7976323_NODE_2435_length_3852_cov_550.841757_g1770_i0	6877	0.999	0.000E+00	4873	1032	4874	0	3840	3852	4873	0	0	1	13M1I3828M
SRR7976326_k141_28804	SRR7976326_NODE_185_length_4002_cov_8.921100_g132_i0	6979	0.995	0.000E+00	3971	30	3972	60	4001	4002	3971	0	0	1	3942M
SRR7976325_k141_64980	SRR7976325_NODE_495_length_3764_cov_10.558385_g325_i0	6727	0.998	0.000E+00	3763	0	3764	0	3763	3764	3763	0	0	1	3764M
SRR5208570_k141_70858	SRR5208570_NODE_207_length_3975_cov_58.493849_g110_i0	7101	0.999	0.000E+00	3977	8	3978	0	3969	3975	3977	0	0	1	3970M
SRR6960507_k141_5072	SRR6960507_NODE_1860_length_3730_cov_5.320208_g1468_i0	6662	0.998	0.000E+00	0	3729	3730	0	3729	3730	0	3729	0	1	3730M
SRR6960507_k141_5072	SRR7976300_NODE_1775_length_3749_cov_43.196681_g1315_i0	6533	0.997	0.000E+00	3672	0	3730	72	3744	3749	3729	0	0	1	3673M
SRR5466369_k141_33380	SRR5466369_NODE_2861_length_4446_cov_1470.139035_g1702_i0	7484	0.999	0.000E+00	4178	0	4179	259	4437	4446	4178	0	0	2	4179M
SRR5466369_k141_33380	SRR5466337_NODE_1127_length_4329_cov_24180.961936_g682_i0	7120	0.999	0.000E+00	3975	0	4179	351	4326	4329	4178	0	0	2	3976M
SRR5466725_k141_99025	SRR5466725_NODE_1958_length_4235_cov_56.272465_g1486_i0	7523	1.00	0.000E+00	0	4197	4245	1	4198	4235	0	4244	0	2	4198M
SRR5466729_k141_9515	SRR5466727_NODE_1185_length_4082_cov_157.078324_g1012_i0	7310	0.999	0.000E+00	1	4082	4085	0	4081	4082	0	4084	0	1	4082M
SRR5467091_k141_40884	SRR5467091_NODE_1275_length_3847_cov_6.453895_g983_i0	6889	0.999	0.000E+00	3846	0	3847	0	3846	3847	3846	0	0	1	3847M
SRR7976300_k141_60415	SRR7976300_NODE_1216_length_4378_cov_10.539373_g903_i0	7842	1.00	0.000E+00	4375	0	4376	2	4377	4378	4375	0	0	301	4376M
SRR7976310_k141_23957	SRR7976310_NODE_1037_length_3809_cov_177.007227_g739_i0	6769	0.997	0.000E+00	0	3804	3835	0	3804	3809	0	3834	0	1	3805M
SRR6960803_k141_38471	SRR6960803_NODE_4123_length_3846_cov_26.151073_g2275_i0	6882	0.999	0.000E+00	0	3842	3843	0	3842	3846	0	3842	0	1	3843M
SRR6960799_k141_96389	SRR6960799_NODE_1450_length_3587_cov_4.418327_g955_i0	6409	0.999	0.000E+00	0	3583	3584	3	3586	3587	0	3583	0	1	3584M
SRR7976357_k141_3933	SRR7976356_NODE_4439_length_3034_cov_11301.835191_g1811_i1	4953	0.998	0.000E+00	872	3647	3652	258	3033	3034	0	3651	0	1	2776M
SRR7976325_k141_22174	SRR7976325_NODE_467_length_3850_cov_6.680434_g305_i0	6722	0.998	0.000E+00	0	3765	3823	84	3849	3850	0	3822	0	1	3766M
SRR6050698_k141_16058	SRR5208572_NODE_161_length_3569_cov_144.711957_g61_i0	6386	0.999	0.000E+00	3566	1	3567	3	3568	3569	3566	0	0	1	3566M
SRR5466365_k141_25	SRR6253161_NODE_328_length_6744_cov_56.543697_g206_i0	7175	1.00	0.000E+00	0	4003	4151	14	4017	6744	0	4150	0	1	4004M
SRR5466365_k141_25	SRR6253161_NODE_466_length_6005_cov_61.818948_g206_i1	7172	0.999	0.000E+00	4004	0	4151	1986	5990	6005	4150	0	0	1	4005M
SRR5466725_k141_29163	SRR5466725_NODE_1862_length_4359_cov_56.050630_g1409_i0	7799	0.999	0.000E+00	4354	0	4355	4	4358	4359	4354	0	0	2	4355M
SRR7976356_k141_34772	SRR7976357_NODE_4041_length_3399_cov_111.751052_g2457_i0	5943	0.997	0.000E+00	83	3416	3418	48	3381	3399	0	3417	0	1	3334M
SRR5466365_k141_76358	SRR5466365_NODE_2391_length_3380_cov_41.078016_g1550_i0	5803	0.995	0.000E+00	31	3303	3306	0	3272	3380	0	3305	0	1	3273M
SRR5466365_k141_76358	SRR5466338_NODE_3674_length_3421_cov_50.295102_g2451_i0	5738	0.995	0.000E+00	67	3303	3306	7	3243	3421	0	3305	0	1	3237M
SRR5466725_k141_88125	SRR5466727_NODE_1736_length_3445_cov_47.198102_g1491_i0	5977	0.990	0.000E+00	0	3414	3415	30	3444	3445	0	3414	0	2	3415M
SRR5466728_k141_23485	SRR5467091_NODE_1655_length_3439_cov_12.256684_g1297_i0	6080	0.995	0.000E+00	0	3434	3491	4	3437	3439	0	3490	0	1	3400M1I34M
SRR5467090_k141_58077	SRR5467090_NODE_821_length_3903_cov_8.405744_g646_i0	6994	1.00	0.000E+00	0	3902	3903	0	3902	3903	0	3902	0	1	3903M
SRR6253161_k141_60417	SRR6253161_NODE_1538_length_3903_cov_8.384595_g1086_i0	6992	1.00	0.000E+00	0	3901	3902	0	3901	3903	0	3901	0	1	3902M
SRR6255746_k141_24303	SRR6255746_NODE_881_length_3897_cov_191.428609_g671_i0	6945	0.997	0.000E+00	3894	0	3896	0	3896	3897	3895	0	0	1	73M2D3822M
SRR6255746_k141_24303	SRR5466727_NODE_1192_length_4069_cov_396.271772_g1019_i0	6056	0.997	0.000E+00	3410	14	3896	672	4068	4069	3895	0	0	1	3397M
SRR7976299_k141_19543	SRR7976299_NODE_110_length_3960_cov_99.669925_g87_i0	7028	0.997	0.000E+00	4144	198	4161	0	3946	3960	4160	0	0	2	3947M
SRR5466364_k141_49609	SRR5466364_NODE_2404_length_3832_cov_11.354616_g1610_i0	6850	0.999	0.000E+00	3829	0	3830	0	3829	3832	3829	0	0	301	3830M
SRR5466723_k141_22106	SRR5466725_NODE_2421_length_3817_cov_87.387821_g1854_i0	6753	0.999	0.000E+00	3770	0	4151	46	3816	3817	4150	0	0	1	3771M
SRR5466728_k141_20356	SRR5466365_NODE_1780_length_3841_cov_15.673567_g1125_i0	6853	0.999	0.000E+00	368	4194	4195	9	3835	3841	0	4194	0	1	3827M
SRR5466728_k141_20356	SRR6254893_NODE_919_length_3823_cov_14.845333_g741_i1	6641	0.996	0.000E+00	4104	369	4195	75	3810	3823	4194	0	0	1	3736M
SRR5467090_k141_31441	SRR6255402_NODE_633_length_4509_cov_56434.147205_g497_i0	7700	0.999	0.000E+00	14	4315	4663	0	4301	4509	0	4662	0	2	4302M
SRR5467090_k141_31441	SRR5466337_NODE_877_length_4774_cov_43.443735_g518_i0	7693	0.999	0.000E+00	11	4308	4663	0	4297	4774	0	4662	0	2	4298M
SRR5467090_k141_31441	SRR5466338_NODE_2399_length_4402_cov_68.999769_g1546_i0	7671	0.999	0.000E+00	25	4310	4663	0	4285	4402	0	4662	0	2	4286M
SRR5467090_k141_31441	SRR5466366_NODE_1605_length_4914_cov_33.818219_g1059_i0	7541	0.999	0.000E+00	98	4310	4663	701	4913	4914	0	4662	0	2	4213M
SRR5467090_k141_31441	SRR6254353_NODE_1179_length_4289_cov_35.143501_g749_i0	7537	0.999	0.000E+00	95	4310	4663	69	4284	4289	0	4662	0	2	4216M
SRR6049586_k141_6284	SRR6255521_NODE_648_length_3685_cov_39.119878_g483_i0	5878	0.996	0.000E+00	3442	138	3450	344	3648	3685	3449	0	0	5	3305M
SRR6049586_k141_6284	SRR5466365_NODE_2397_length_3377_cov_93.147397_g1550_i1	5863	0.996	0.000E+00	137	3441	3450	34	3339	3377	0	3449	0	5	28M1D3277M
SRR6049586_k141_6284	SRR5466338_NODE_3677_length_3418_cov_108.391629_g2451_i1	5857	0.994	0.000E+00	137	3449	3450	103	3417	3418	0	3449	0	5	28M1D29M1D3256M
SRR6049586_k141_6284	SRR5466337_NODE_2087_length_3409_cov_90.366906_g1338_i0	5834	0.994	0.000E+00	137	3441	3450	29	3335	3409	0	3449	0	5	28M1D29M1D3248M
SRR6049586_k141_6284	SRR6255520_NODE_1157_length_3280_cov_44.615529_g953_i0	5752	0.997	0.000E+00	210	3441	3450	42	3273	3280	0	3449	0	5	3232M
SRR6255733_k141_37656	SRR6255733_NODE_737_length_4128_cov_6.733662_g588_i0	7388	0.999	0.000E+00	4127	0	4128	0	4127	4128	4127	0	0	5	4128M
SRR6960549_k141_18137	SRR6960549_NODE_73_length_4420_cov_7.651714_g52_i0	7897	1.00	0.000E+00	0	4406	4407	6	4412	4420	0	4406	0	1	4407M
SRR6960797_k141_34774	SRR6960551_NODE_818_length_3827_cov_46.180075_g580_i0	6772	0.998	0.000E+00	3788	0	3789	38	3826	3827	3788	0	0	1	3789M
SRR7976300_k141_21237	SRR7976300_NODE_1903_length_3642_cov_6.161950_g1413_i0	6474	0.996	0.000E+00	3644	4	3647	0	3641	3642	3646	0	0	1	3626M1D15M
SRR7976310_k141_19259	SRR7976310_NODE_1023_length_3827_cov_58.448588_g727_i0	6835	0.999	0.000E+00	0	3818	3819	0	3818	3827	0	3818	0	1	3819M
SRR6050738_k141_9003	SRR5208570_NODE_195_length_4004_cov_12.207835_g105_i0	7110	0.996	0.000E+00	0	3999	4014	1	4000	4004	0	4013	0	1	4000M
SRR6960507_k141_82810	SRR6960507_NODE_2256_length_3474_cov_12.935019_g1790_i0	6190	0.997	0.000E+00	0	3473	3474	0	3473	3474	0	3473	0	1	3474M
SRR5466365_k141_36451	SRR5466337_NODE_1149_length_4297_cov_3.958807_g695_i0	7610	0.999	0.000E+00	69	4325	4326	0	4256	4297	0	4325	0	1	4257M
SRR5466365_k141_36451	SRR5466364_NODE_1773_length_4351_cov_6.590463_g1158_i0	4955	0.998	0.000E+00	4325	1550	4326	28	2804	4351	4325	0	0	1	2748M1D28M
SRR5466725_k141_47184	SRR5466725_NODE_3118_length_3346_cov_13.772991_g2399_i0	5903	0.999	0.000E+00	3299	0	3300	0	3300	3346	3299	0	0	2	1646M1D1654M
SRR6254351_k141_19477	SRR6255521_NODE_586_length_3798_cov_23.123758_g432_i0	6761	0.997	0.000E+00	1	3798	3800	0	3797	3798	0	3799	0	1	3798M
SRR6254351_k141_19477	SRR6253256_NODE_1015_length_3822_cov_23.247799_g789_i0	6616	0.996	0.000E+00	3799	73	3800	0	3726	3822	3799	0	0	1	3727M
SRR6255746_k141_28865	SRR5466723_NODE_454_length_4796_cov_11.741901_g358_i0	8521	0.996	0.000E+00	0	4792	4793	0	4792	4796	0	4792	0	2	4793M
SRR6960551_k141_58294	SRR6960797_NODE_645_length_3730_cov_291.604047_g505_i0	6576	0.996	0.000E+00	4431	730	4432	3	3704	3730	4431	0	0	1	3702M
SRR7976299_k141_17024	SRR7976299_NODE_167_length_3628_cov_7.473699_g130_i0	6497	0.999	0.000E+00	3630	3	3631	0	3627	3628	3630	0	0	1	3628M
SRR7976357_k141_24444	SRR7976357_NODE_3951_length_3441_cov_17.002969_g2392_i0	6144	0.998	0.000E+00	0	3440	3441	0	3440	3441	0	3440	0	1	3441M
SRR6960802_k141_67924	SRR7976323_NODE_2333_length_3922_cov_156.943102_g1696_i0	6936	0.999	0.000E+00	4565	693	4566	0	3872	3922	4565	0	0	1	3873M
SRR5208575_k141_7997	SRR6050716_NODE_110_length_3506_cov_100.739004_g28_i0	6166	0.999	0.000E+00	3474	29	3475	58	3503	3506	3474	0	0	1	3446M
SRR5466338_k141_96778	SRR6254984_NODE_952_length_3969_cov_98.579312_g745_i0	6980	1.00	0.000E+00	4105	211	4106	0	3894	3969	4105	0	0	1	3895M
SRR5466338_k141_96778	SRR6253579_NODE_578_length_6307_cov_62.539942_g371_i0	6489	0.999	0.000E+00	4105	480	4106	0	3625	6307	4105	0	0	1	3626M
SRR5466727_k141_44620	SRR5466727_NODE_1030_length_4335_cov_11.703895_g881_i0	7764	0.999	0.000E+00	0	4334	4335	0	4334	4335	0	4334	0	2	4335M
SRR5467090_k141_5460	SRR5467091_NODE_1073_length_4144_cov_78.790224_g821_i0	7319	0.997	0.000E+00	1628	5734	5736	37	4143	4144	0	5735	0	1	4107M
SRR5467091_k141_53360	SRR5467091_NODE_1258_length_3873_cov_1062.532105_g968_i0	6788	0.992	0.000E+00	4113	251	4114	0	3862	3873	4113	0	0	1	3863M
SRR5467091_k141_53360	SRR5467091_NODE_1495_length_3594_cov_894.657484_g968_i2	4809	0.990	0.000E+00	2996	251	4114	838	3583	3594	4113	0	0	1	2746M
SRR6255513_k141_34841	SRR6254984_NODE_952_length_3969_cov_98.579312_g745_i0	6936	0.999	0.000E+00	3872	0	3940	24	3896	3969	3939	0	0	2	3873M
SRR6255513_k141_34841	SRR6253579_NODE_578_length_6307_cov_62.539942_g371_i0	6441	0.999	0.000E+00	3872	271	3940	24	3625	6307	3939	0	0	2	3602M
SRR6050643_k141_9132	SRR6050643_NODE_18_length_3974_cov_6.852602_g11_i0	6996	0.992	0.000E+00	0	3973	3974	0	3973	3974	0	3973	0	301	3974M
SRR5466364_k141_64533	SRR5466364_NODE_1773_length_4351_cov_6.590463_g1158_i0	7791	0.999	0.000E+00	23	4374	4375	0	4350	4351	0	4374	0	1	3200M1I1151M
SRR5466364_k141_64533	SRR5466337_NODE_1149_length_4297_cov_3.958807_g695_i0	5029	0.998	0.000E+00	2828	11	4375	1480	4296	4297	4374	0	0	1	25M1I2792M
SRR5466725_k141_100399	SRR5466725_NODE_2138_length_4061_cov_444.057422_g1621_i0	7243	1.00	0.000E+00	0	4041	4141	10	4051	4061	0	4140	0	2	4042M
SRR5466728_k141_49020	SRR5466728_NODE_628_length_3862_cov_9.926894_g528_i0	6921	1.00	0.000E+00	0	3861	3862	0	3861	3862	0	3861	0	1	3862M
SRR5467090_k141_36658	SRR5467090_NODE_867_length_3808_cov_13.522892_g686_i0	6819	1.00	0.000E+00	0	3804	3809	3	3807	3808	0	3808	0	1	3805M
SRR6253161_k141_91665	SRR6255521_NODE_586_length_3798_cov_23.123758_g432_i0	5988	0.997	0.000E+00	515	3873	3875	439	3797	3798	0	3874	0	1	3359M
SRR6253161_k141_91665	SRR6253256_NODE_1015_length_3822_cov_23.247799_g789_i0	5984	0.997	0.000E+00	3874	516	3875	0	3358	3822	3874	0	0	1	3359M
SRR6255733_k141_26739	SRR6255733_NODE_990_length_3560_cov_100.405793_g802_i0	6228	0.998	0.000E+00	3487	0	3552	72	3559	3560	3551	0	0	2	3488M
SRR6960549_k141_4117	SRR6960549_NODE_214_length_3493_cov_64.605556_g152_i0	6260	1.00	0.000E+00	3492	0	3531	0	3492	3493	3530	0	0	1	3493M
SRR6960797_k141_47730	SRR6960797_NODE_427_length_4298_cov_5.104379_g334_i0	7702	1.00	0.000E+00	4297	0	4298	0	4297	4298	4297	0	0	1	4298M
SRR6960797_k141_47730	SRR6960551_NODE_688_length_4082_cov_11.124969_g446_i1	6600	0.999	0.000E+00	4291	604	4298	0	3687	4082	4297	0	0	1	3688M
SRR5466337_k141_37572	SRR5466337_NODE_2087_length_3409_cov_90.366906_g1338_i0	6072	0.997	0.000E+00	3451	45	3452	1	3408	3409	3451	0	0	2	86M1D3321M
SRR5466337_k141_37572	SRR5466365_NODE_2397_length_3377_cov_93.147397_g1550_i1	5945	0.997	0.000E+00	3451	117	3452	6	3340	3377	3451	0	0	2	3335M
SRR5466337_k141_37572	SRR5466338_NODE_3677_length_3418_cov_108.391629_g2451_i1	5942	0.997	0.000E+00	3451	118	3452	75	3409	3418	3451	0	0	2	86M1D3248M
SRR5466337_k141_37572	SRR6255521_NODE_648_length_3685_cov_39.119878_g483_i0	5933	0.997	0.000E+00	117	3451	3452	344	3677	3685	0	3451	0	2	3276M1I58M
SRR5466337_k141_37572	SRR6255520_NODE_1157_length_3280_cov_44.615529_g953_i0	5775	0.998	0.000E+00	3349	113	3452	42	3277	3280	3451	0	0	2	3232M1I4M
SRR5466727_k141_59381	SRR5466725_NODE_2584_length_3697_cov_10.032285_g1973_i0	6580	0.997	0.000E+00	0	3696	3697	0	3696	3697	0	3696	0	5	3697M
SRR5467091_k141_26185	SRR5467091_NODE_1260_length_3870_cov_7.944693_g969_i0	6921	0.999	0.000E+00	0	3866	3867	3	3869	3870	0	3866	0	1	3867M
SRR6255513_k141_7382	SRR5466338_NODE_3674_length_3421_cov_50.295102_g2451_i0	5193	0.998	0.000E+00	0	2909	3678	8	2917	3421	0	3677	0	1	2910M
SRR6255513_k141_7382	SRR5466365_NODE_2391_length_3380_cov_41.078016_g1550_i0	5179	0.997	0.000E+00	0	2909	3678	37	2946	3380	0	3677	0	1	2910M
SRR6960549_k141_2910	SRR6960549_NODE_135_length_3930_cov_110.542909_g91_i0	6867	0.999	0.000E+00	4220	384	4221	2	3838	3930	4220	0	0	2	3837M
SRR7976300_k141_11822	SRR7976300_NODE_2010_length_3559_cov_6.583477_g1491_i0	6363	0.999	0.000E+00	0	3555	3556	3	3558	3559	0	3555	0	1	3556M
SRR7976310_k141_1371	SRR7976310_NODE_1169_length_3618_cov_22.977715_g841_i0	6473	1.00	0.000E+00	3611	0	3612	0	3611	3618	3611	0	0	1	3612M
SRR6960799_k141_26344	SRR6960799_NODE_1741_length_3341_cov_4.985006_g1163_i0	5972	0.999	0.000E+00	0	3334	3335	6	3340	3341	0	3334	0	1	3335M
SRR7976357_k141_80025	SRR7976356_NODE_2782_length_3852_cov_11.458058_g1619_i0	6889	0.999	0.000E+00	0	3851	3852	0	3851	3852	0	3851	0	1	3852M
SRR7976325_k141_26012	SRR6960799_NODE_949_length_4161_cov_11.586840_g615_i0	7065	0.996	0.000E+00	0	3974	4870	38	4012	4161	0	4869	0	1	3975M
SRR6960802_k141_1623	SRR7976323_NODE_2551_length_3779_cov_808.846735_g1854_i0	6535	0.998	0.000E+00	1089	4752	5929	11	3673	3779	0	5928	0	1	5M1I3658M
SRR5467139_k141_16924	SRR5467139_NODE_221_length_3677_cov_10.569090_g120_i0	6580	0.999	0.000E+00	0	3676	3677	0	3676	3677	0	3676	0	1	3677M
SRR5466338_k141_47000	SRR5466364_NODE_2724_length_3650_cov_23.304725_g1821_i0	6173	0.996	0.000E+00	3727	251	3740	0	3476	3650	3739	0	0	1	3477M
SRR5466338_k141_47000	SRR5467091_NODE_2673_length_2745_cov_28.108159_g1243_i1	4529	0.996	0.000E+00	1176	3727	3740	193	2744	2745	0	3739	0	1	2552M
SRR5466337_k141_33643	SRR5466337_NODE_1291_length_4089_cov_7.729582_g797_i0	7323	0.999	0.000E+00	4088	0	4089	0	4088	4089	4088	0	0	2	4089M
SRR5466727_k141_44786	SRR5466725_NODE_2151_length_4050_cov_10.431732_g1631_i0	7217	0.998	0.000E+00	4045	1	4046	0	4044	4050	4045	0	0	1	4045M
SRR5466727_k141_44786	SRR5466729_NODE_2181_length_3094_cov_7.666336_g1721_i0	5417	0.998	0.000E+00	1005	4041	4046	58	3093	3094	0	4045	0	1	10M1I3026M
SRR5467091_k141_20244	SRR5467091_NODE_1782_length_3313_cov_7.369753_g1393_i0	5934	1.00	0.000E+00	3310	0	3311	0	3310	3313	3310	0	0	2	3311M
SRR6255520_k141_46701	SRR6255520_NODE_619_length_4237_cov_4.506964_g514_i0	7559	0.998	0.000E+00	4230	0	4231	6	4236	4237	4230	0	0	1	4231M
SRR7976300_k141_7859	SRR7976300_NODE_1830_length_3711_cov_36.486806_g1353_i0	6647	1.00	0.000E+00	3716	8	3717	0	3708	3711	3716	0	0	301	3709M
SRR7976310_k141_43474	SRR7976301_NODE_831_length_3981_cov_500.191914_g664_i0	7113	0.999	0.000E+00	3979	8	3980	9	3980	3981	3979	0	0	1	3972M
SRR6960803_k141_36910	SRR6960803_NODE_4725_length_3556_cov_21.282802_g2655_i0	6355	0.998	0.000E+00	0	3555	3556	0	3555	3556	0	3555	0	1	3556M
SRR6960803_k141_36910	SRR7976356_NODE_3274_length_3533_cov_15.945954_g1946_i0	6223	0.998	0.000E+00	71	3555	3556	45	3529	3533	0	3555	0	1	3485M
SRR6960799_k141_5750	SRR6960799_NODE_1612_length_3452_cov_8.232317_g1077_i0	6166	0.999	0.000E+00	0	3447	3448	4	3451	3452	0	3447	0	2	3448M
SRR7976357_k141_15755	SRR6960803_NODE_4340_length_3734_cov_10.993718_g2406_i0	6661	0.999	0.000E+00	0	3721	3722	10	3731	3734	0	3721	0	1	3722M
SRR7976325_k141_55065	SRR6960799_NODE_1123_length_3908_cov_348.514472_g729_i0	6960	0.999	0.000E+00	34	3922	3923	7	3895	3908	0	3922	0	1	3889M
SRR7976325_k141_55065	SRR6960799_NODE_1259_length_3756_cov_279.453435_g729_i1	5244	0.999	0.000E+00	2965	35	3923	817	3747	3756	3922	0	0	1	2931M
SRR7976356_k141_47516	SRR7976357_NODE_3490_length_3680_cov_13.022734_g2089_i0	6530	0.996	0.000E+00	3673	0	3674	3	3676	3680	3673	0	0	2	3674M
SRR5467140_k141_1740	SRR5467140_NODE_92_length_4048_cov_26.580629_g35_i0	7205	0.997	0.000E+00	0	4047	4048	0	4047	4048	0	4047	0	1	4048M
SRR5466364_k141_96590	SRR5466366_NODE_2775_length_3804_cov_6.503082_g1892_i0	6579	0.999	0.000E+00	3673	0	3757	127	3800	3804	3756	0	0	1	3674M
SRR5466723_k141_9179	SRR5466725_NODE_2742_length_3581_cov_135.136260_g2108_i0	6372	0.998	0.000E+00	3571	0	3704	0	3572	3581	3703	0	0	1	99M1D3473M
SRR5466729_k141_74512	SRR5466725_NODE_2421_length_3817_cov_87.387821_g1854_i0	6825	0.999	0.000E+00	3819	9	3820	6	3816	3817	3819	0	0	1	3811M
SRR5467091_k141_11713	SRR5467091_NODE_1230_length_3912_cov_19.091170_g948_i0	6912	0.994	0.000E+00	0	3911	3912	0	3911	3912	0	3911	0	1	3912M
SRR6960551_k141_73607	SRR6960551_NODE_1005_length_3540_cov_16.559562_g708_i0	6277	0.995	0.000E+00	3539	0	3540	0	3539	3540	3539	0	0	1	3540M
SRR7976299_k141_5033	SRR7976299_NODE_106_length_3991_cov_5.451506_g85_i0	7132	0.998	0.000E+00	3989	0	3990	0	3989	3991	3989	0	0	1	3990M
SRR7976301_k141_19572	SRR7976301_NODE_826_length_4002_cov_9.076864_g659_i0	7139	1.00	0.000E+00	0	3983	3984	18	4001	4002	0	3983	0	1	3984M
SRR6960799_k141_15337	SRR6960799_NODE_1002_length_4096_cov_16.569724_g646_i0	7335	0.999	0.000E+00	4095	0	4096	0	4095	4096	4095	0	0	1	4096M
SRR6960509_k141_113775	SRR6960551_NODE_1067_length_3466_cov_208.753316_g754_i0	6172	0.998	0.000E+00	0	3453	3454	2	3455	3466	0	3453	0	1	3454M
SRR7976299_k141_20259	SRR7976299_NODE_89_length_4137_cov_19.502461_g72_i0	7288	1.00	0.000E+00	5242	1176	5243	1	4067	4137	5242	0	0	1	4067M
SRR7976301_k141_30412	SRR7976301_NODE_1069_length_3660_cov_45.180652_g850_i0	6557	1.00	0.000E+00	0	3658	3659	0	3658	3660	0	3658	0	1	3659M
SRR6960799_k141_15736	SRR6960799_NODE_1413_length_3621_cov_8.234498_g929_i0	6472	0.999	0.000E+00	3613	0	3614	7	3620	3621	3613	0	0	1	3614M
SRR7976324_k141_12864	SRR7976323_NODE_2882_length_3553_cov_63.308908_g2103_i0	6301	0.999	0.000E+00	77	3597	3598	32	3552	3553	0	3597	0	1	3521M
SRR7976324_k141_12864	SRR7976324_NODE_270_length_4758_cov_1151.593383_g193_i0	5481	0.998	0.000E+00	3148	78	3598	1661	4731	4758	3597	0	0	1	3071M
SRR7976326_k141_7835	SRR7976326_NODE_234_length_3760_cov_45.483049_g167_i0	6671	0.996	0.000E+00	0	3759	3760	0	3759	3760	0	3759	0	2	3760M
SRR7976326_k141_7835	SRR7976325_NODE_504_length_3756_cov_5.786044_g330_i0	6604	0.992	0.000E+00	3754	0	3760	0	3754	3756	3759	0	0	2	3755M
SRR7976325_k141_60758	SRR6960799_NODE_1282_length_3739_cov_6.624386_g840_i0	6614	0.997	0.000E+00	0	3710	3711	28	3738	3739	0	3710	0	2	3711M
SRR6960507_k141_52382	SRR6960507_NODE_1915_length_3690_cov_12.544097_g1507_i0	6572	0.997	0.000E+00	3689	0	3690	0	3689	3690	3689	0	0	1	3690M
SRR6960509_k141_122811	SRR6960797_NODE_456_length_4216_cov_274.845040_g353_i0	7319	0.999	0.000E+00	330	4423	4424	119	4214	4216	0	4423	0	1	1484M2D2610M
SRR6960551_k141_38427	SRR6960509_NODE_2997_length_3732_cov_3.876469_g1997_i0	6639	0.997	0.000E+00	11	3742	3743	0	3731	3732	0	3742	0	1	3732M
SRR7976299_k141_2435	SRR7976299_NODE_156_length_3683_cov_262.316066_g121_i0	6466	0.992	0.000E+00	3679	0	3680	0	3678	3683	3679	0	0	1	3562M1I117M
SRR7976310_k141_50396	SRR7976310_NODE_989_length_3871_cov_72.166667_g702_i0	6880	0.999	0.000E+00	332	4173	4174	29	3870	3871	0	4173	0	1	3842M
SRR7976310_k141_50396	SRR6960549_NODE_275_length_3169_cov_30.665052_g100_i1	4902	0.999	0.000E+00	3072	333	4174	402	3141	3169	4173	0	0	1	2740M
SRR6960799_k141_90704	SRR6960799_NODE_1347_length_3688_cov_5.159059_g882_i0	6546	0.996	0.000E+00	3687	0	3688	0	3687	3688	3687	0	0	2	3688M
SRR7976326_k141_13959	SRR7976326_NODE_197_length_3923_cov_7.543896_g142_i0	6982	0.999	0.000E+00	0	3898	3899	24	3922	3923	0	3898	0	1	3899M
SRR7976325_k141_15905	SRR7976325_NODE_463_length_3859_cov_7.722134_g302_i0	6860	0.999	0.000E+00	0	3832	3833	0	3832	3859	0	3832	0	1	3833M
SRR5208572_k141_14676	SRR5208572_NODE_69_length_4309_cov_39.160057_g31_i0	7699	0.998	0.000E+00	0	4308	4309	0	4308	4309	0	4308	0	1	4309M
SRR5466727_k141_58486	SRR5466727_NODE_1508_length_3678_cov_15.869348_g1304_i0	6578	0.999	0.000E+00	215	3890	3891	2	3677	3678	0	3890	0	1	3676M
SRR5466729_k141_66119	SRR5466729_NODE_1035_length_4244_cov_122.911053_g781_i0	7598	1.00	0.000E+00	0	4239	4240	4	4243	4244	0	4239	0	1	4240M
SRR5467091_k141_2372	SRR5466725_NODE_2492_length_3765_cov_23.373510_g1908_i0	6587	0.994	0.000E+00	0	3730	3731	21	3751	3765	0	3730	0	1	3731M
SRR6255402_k141_13499	SRR6253161_NODE_328_length_6744_cov_56.543697_g206_i0	7175	1.00	0.000E+00	0	4003	4779	14	4017	6744	0	4778	0	1	4004M
SRR6255402_k141_13499	SRR6253161_NODE_466_length_6005_cov_61.818948_g206_i1	7172	0.999	0.000E+00	4004	0	4779	1986	5990	6005	4778	0	0	1	4005M
SRR6960509_k141_77717	SRR6960509_NODE_3116_length_3669_cov_70.959956_g2077_i0	6561	0.999	0.000E+00	3672	4	3673	0	3668	3669	3672	0	0	2	3669M
SRR6960551_k141_39410	SRR6960551_NODE_1027_length_3515_cov_15.394829_g724_i0	6261	0.997	0.000E+00	3513	0	3523	0	3513	3515	3522	0	0	1	3514M
SRR7976299_k141_17787	SRR7976299_NODE_102_length_4061_cov_38.198094_g83_i0	7258	1.00	0.000E+00	4049	0	4050	1	4050	4061	4049	0	0	1	4050M
SRR7976310_k141_70985	SRR7976310_NODE_1386_length_3373_cov_7.806667_g993_i0	6029	0.999	0.000E+00	0	3371	3412	1	3372	3373	0	3411	0	1	3372M
SRR7976356_k141_960	SRR7976356_NODE_3479_length_3429_cov_5.150775_g2089_i0	6141	1.00	0.000E+00	3426	0	3434	0	3426	3429	3433	0	0	301	3427M
SRR5466364_k141_10329	SRR5466364_NODE_1753_length_4377_cov_9.851998_g1142_i0	7814	0.999	0.000E+00	4362	0	4363	0	4362	4377	4362	0	0	1	4363M
SRR5466723_k141_3288	SRR5466723_NODE_845_length_3710_cov_9.436624_g670_i0	6638	0.999	0.000E+00	0	3708	3709	1	3709	3710	0	3708	0	1	3709M
SRR5466727_k141_71588	SRR5466727_NODE_1359_length_3845_cov_128.811506_g1170_i0	6890	1.00	0.000E+00	0	3844	3845	0	3844	3845	0	3844	0	1	3845M
SRR5467090_k141_35687	SRR5467090_NODE_1034_length_3588_cov_16.478236_g827_i0	6395	0.997	0.000E+00	0	3589	3590	0	3587	3588	0	3589	0	1	132M2I3456M
SRR6255521_k141_23032	SRR6255521_NODE_648_length_3685_cov_39.119878_g483_i0	6542	0.997	0.000E+00	0	3681	3682	0	3679	3685	0	3681	0	1	3591M1I29M1I60M
SRR6255521_k141_23032	SRR5466338_NODE_3677_length_3418_cov_108.391629_g2451_i1	5971	0.999	0.000E+00	3681	345	3682	73	3409	3418	3681	0	0	1	3337M
SRR6255521_k141_23032	SRR5466337_NODE_2087_length_3409_cov_90.366906_g1338_i0	5969	0.999	0.000E+00	3680	345	3682	0	3335	3409	3681	0	0	1	3336M
SRR6255521_k141_23032	SRR5466365_NODE_2397_length_3377_cov_93.147397_g1550_i1	5932	0.997	0.000E+00	3681	345	3682	4	3339	3377	3681	0	0	1	88M1I3248M
SRR6255521_k141_23032	SRR6255520_NODE_1157_length_3280_cov_44.615529_g953_i0	5774	0.998	0.000E+00	3576	345	3682	42	3273	3280	3681	0	0	1	3232M
SRR6960549_k141_12052	SRR6960549_NODE_167_length_3709_cov_8.053905_g119_i0	6624	0.999	0.000E+00	0	3698	3699	8	3706	3709	0	3698	0	5	3699M
SRR6960551_k141_30063	SRR6960551_NODE_966_length_3589_cov_16.130546_g681_i0	6423	1.00	0.000E+00	3583	0	3584	0	3583	3589	3583	0	0	1	3584M
SRR5466365_k141_76870	SRR6253161_NODE_858_length_4779_cov_8.303230_g592_i0	8556	0.999	0.000E+00	4776	0	4777	0	4776	4779	4776	0	0	1	4777M
SRR5466725_k141_75388	SRR5466725_NODE_2438_length_3805_cov_22.780815_g1864_i0	6765	0.999	0.000E+00	0	3779	3780	25	3804	3805	0	3779	0	1	3780M
SRR5466725_k141_75388	SRR5466727_NODE_1311_length_3905_cov_18.136743_g1127_i0	6580	0.998	0.000E+00	0	3681	3780	33	3714	3905	0	3779	0	1	3682M
SRR5466729_k141_61523	SRR5466729_NODE_1444_length_3717_cov_604.616630_g822_i1	6634	1.00	0.000E+00	3864	163	3865	0	3701	3717	3864	0	0	2	3702M
SRR5466729_k141_61523	SRR5466729_NODE_1084_length_4162_cov_504.543898_g822_i0	5855	0.999	0.000E+00	593	3864	3865	890	4161	4162	0	3864	0	2	3272M
SRR5466729_k141_61523	SRR5466729_NODE_1883_length_3310_cov_511.451344_g822_i2	4995	0.999	0.000E+00	1073	3864	3865	518	3309	3310	0	3864	0	2	2792M
SRR5467091_k141_11050	SRR5467091_NODE_1516_length_3570_cov_61.196454_g1181_i0	6389	0.999	0.000E+00	0	3569	3570	0	3569	3570	0	3569	0	3	3570M
SRR6254351_k141_40121	SRR6254351_NODE_1065_length_4588_cov_22633.434109_g7_i28	6997	0.997	0.000E+00	0	3931	3932	29	3960	4588	0	3931	0	1	3932M
SRR6254351_k141_40121	SRR5466369_NODE_3486_length_3955_cov_38.058990_g2111_i0	6848	0.996	0.000E+00	0	3853	3932	27	3880	3955	0	3931	0	1	3854M
SRR6254351_k141_40121	SRR6253256_NODE_738_length_4483_cov_1256.322449_g576_i0	6839	0.996	0.000E+00	0	3853	3932	30	3883	4483	0	3931	0	1	3854M
SRR6255746_k141_46343	SRR5466729_NODE_1407_length_3747_cov_961.045182_g1088_i0	6581	0.992	0.000E+00	3744	0	3745	1	3745	3747	3744	0	0	3	3745M
SRR6960551_k141_63062	SRR6960551_NODE_938_length_3629_cov_832.107143_g661_i0	6374	0.997	0.000E+00	3613	32	3770	21	3602	3629	3769	0	0	1	3582M
SRR6960551_k141_63062	SRR6960551_NODE_1263_length_3223_cov_675.845397_g661_i1	4909	0.990	0.000E+00	2835	32	3770	393	3196	3223	3769	0	0	1	2804M
SRR7976299_k141_19879	SRR6960549_NODE_87_length_4269_cov_207.989276_g59_i0	7569	0.999	0.000E+00	4865	637	4866	11	4239	4269	4865	0	0	2	4229M
SRR7976301_k141_34515	SRR7976301_NODE_827_length_4001_cov_128.769348_g660_i0	7155	1.00	0.000E+00	0	3992	3993	6	3998	4001	0	3992	0	1	3993M
SRR5995670_k141_2989	SRR5995670_NODE_369_length_3476_cov_21.615568_g275_i0	5891	0.995	0.000E+00	294	3621	3622	145	3475	3476	0	3621	0	1	3270M1D40M2D18M
SRR5466369_k141_105454	SRR5466369_NODE_3486_length_3955_cov_38.058990_g2111_i0	7025	0.997	0.000E+00	3939	0	3940	0	3939	3955	3939	0	0	1	3940M
SRR5466369_k141_105454	SRR6254351_NODE_1065_length_4588_cov_22633.434109_g7_i28	6901	0.996	0.000E+00	3939	59	3940	2	3882	4588	3939	0	0	1	3881M
SRR5466369_k141_105454	SRR6253256_NODE_738_length_4483_cov_1256.322449_g576_i0	6896	0.996	0.000E+00	3939	57	3940	3	3885	4483	3939	0	0	1	3883M
SRR5466727_k141_25114	SRR6255746_NODE_881_length_3897_cov_191.428609_g671_i0	6685	0.997	0.000E+00	3844	87	3845	75	3832	3897	3844	0	0	3	3758M
SRR5466727_k141_25114	SRR5466727_NODE_1192_length_4069_cov_396.271772_g1019_i0	5967	0.997	0.000E+00	3433	87	3845	672	4018	4069	3844	0	0	3	3347M
SRR5467090_k141_19986	SRR5467090_NODE_958_length_3681_cov_13.525499_g762_i0	6549	0.998	0.000E+00	0	3666	3667	14	3680	3681	0	3666	0	2	3667M
SRR5467091_k141_46778	SRR5467091_NODE_1043_length_4194_cov_12.843242_g797_i0	7489	0.999	0.000E+00	0	4188	4189	0	4188	4194	0	4188	0	1	4189M
SRR6255513_k141_14127	SRR5466365_NODE_2397_length_3377_cov_93.147397_g1550_i1	5816	0.997	0.000E+00	3442	175	3443	6	3273	3377	3442	0	0	1	3268M
SRR6255513_k141_14127	SRR5466338_NODE_3677_length_3418_cov_108.391629_g2451_i1	5787	0.995	0.000E+00	3442	175	3443	75	3343	3418	3442	0	0	1	86M1D3182M
SRR6255513_k141_14127	SRR5466337_NODE_2087_length_3409_cov_90.366906_g1338_i0	5779	0.994	0.000E+00	3442	175	3443	1	3269	3409	3442	0	0	1	86M1D3182M
SRR6255513_k141_14127	SRR6255521_NODE_648_length_3685_cov_39.119878_g483_i0	5761	0.993	0.000E+00	174	3442	3443	410	3677	3685	0	3442	0	1	3210M1I58M
SRR6255513_k141_14127	SRR6255520_NODE_1157_length_3280_cov_44.615529_g953_i0	5615	0.995	0.000E+00	3340	175	3443	42	3207	3280	3442	0	0	1	3166M
SRR6960509_k141_55461	SRR6960509_NODE_3441_length_3508_cov_6.862882_g2292_i0	6277	0.999	0.000E+00	3507	0	3508	0	3507	3508	3507	0	0	5	3508M
SRR6960551_k141_80417	SRR6960551_NODE_645_length_4194_cov_22.135161_g468_i0	7390	0.993	0.000E+00	4193	0	4196	0	4193	4194	4195	0	0	1	4194M
SRR7976300_k141_45019	SRR7976300_NODE_1131_length_4513_cov_20.063514_g840_i0	8059	0.999	0.000E+00	4504	0	4505	8	4512	4513	4504	0	0	1	4505M
SRR6960799_k141_3351	SRR7976326_NODE_190_length_3973_cov_15.653846_g137_i0	7100	0.999	0.000E+00	24	3990	3993	6	3972	3973	0	3992	0	1	3967M
SRR5467091_k141_81572	SRR5466728_NODE_406_length_4555_cov_117.385542_g337_i0	6774	0.998	0.000E+00	60	3849	3853	761	4550	4555	0	3852	0	301	3790M
SRR6255521_k141_27572	SRR6255521_NODE_586_length_3798_cov_23.123758_g432_i0	6667	0.998	0.000E+00	0	3732	3842	65	3797	3798	0	3841	0	1	3733M
SRR6255521_k141_27572	SRR6253256_NODE_1015_length_3822_cov_23.247799_g789_i0	6616	0.996	0.000E+00	3733	7	3842	0	3726	3822	3841	0	0	1	3727M
SRR6960549_k141_16032	SRR6960549_NODE_172_length_3689_cov_4.960730_g124_i0	6552	0.999	0.000E+00	0	3660	3661	0	3660	3689	0	3660	0	2	3661M
SRR7976300_k141_2906	SRR7976300_NODE_1991_length_3575_cov_10.948315_g1477_i0	6406	1.00	0.000E+00	3574	0	3575	0	3574	3575	3574	0	0	1	3575M
SRR7976310_k141_58466	SRR7976301_NODE_728_length_4228_cov_17.291937_g574_i0	7539	1.00	0.000E+00	0	4206	4210	21	4227	4228	0	4209	0	1	4207M
SRR6960803_k141_70047	SRR7976356_NODE_2848_length_3811_cov_8.208935_g1658_i0	6695	0.992	0.000E+00	0	3805	3806	0	3805	3811	0	3805	0	1	3806M
SRR7976357_k141_62750	SRR7976357_NODE_3378_length_3736_cov_8.220857_g2023_i0	6670	0.999	0.000E+00	0	3726	3727	9	3735	3736	0	3726	0	1	3727M
SRR6960509_k141_107721	SRR6960551_NODE_715_length_4040_cov_487.785984_g514_i0	7141	0.996	0.000E+00	4035	16	4039	7	4026	4040	4038	0	0	1	4020M
SRR7976299_k141_23573	SRR6960549_NODE_61_length_4583_cov_14.931042_g42_i0	8044	0.996	0.000E+00	0	4528	4529	21	4549	4583	0	4528	0	1	4529M
SRR7976310_k141_55846	SRR7976310_NODE_961_length_3913_cov_79.273177_g679_i0	7007	1.00	0.000E+00	0	3909	3910	0	3909	3913	0	3909	0	1	3910M
SRR6960799_k141_98715	SRR6960799_NODE_1318_length_3711_cov_27.138538_g865_i0	6641	0.999	0.000E+00	0	3710	3711	0	3710	3711	0	3710	0	1	3711M
SRR7976357_k141_42088	SRR7976357_NODE_4041_length_3399_cov_111.751052_g2457_i0	6035	0.997	0.000E+00	0	3384	4898	0	3384	3399	0	4897	0	1	3385M
SRR7976326_k141_28523	SRR7976326_NODE_292_length_3559_cov_4.505450_g208_i0	6265	1.00	0.000E+00	3495	0	3496	5	3500	3559	3495	0	0	1	3496M
SRR7976325_k141_16397	SRR7976326_NODE_267_length_3648_cov_10.252867_g188_i0	6537	1.00	0.000E+00	3657	10	3660	0	3647	3648	3659	0	0	1	3648M
SRR7976325_k141_16397	SRR7976325_NODE_559_length_3627_cov_3191.310636_g193_i1	5740	0.999	0.000E+00	3208	0	3660	416	3625	3627	3659	0	0	1	817M1D2392M
SRR7976325_k141_16397	SRR7976325_NODE_315_length_4370_cov_1596.736328_g193_i0	5740	0.999	0.000E+00	3208	0	3660	1159	4368	4370	3659	0	0	1	817M1D2392M
SRR5208574_k141_11339	SRR6050738_NODE_144_length_4027_cov_24.704603_g96_i0	7060	0.992	0.000E+00	0	4019	4020	6	4025	4027	0	4019	0	3	4020M
SRR5208574_k141_11339	SRR6050698_NODE_237_length_4026_cov_24.008348_g129_i0	7043	0.991	0.000E+00	0	4019	4020	3	4022	4026	0	4019	0	3	4020M
SRR6960507_k141_19734	SRR6960507_NODE_1827_length_3757_cov_5.582790_g1442_i0	6678	0.999	0.000E+00	3733	0	3734	0	3733	3757	3733	0	0	2	3734M
SRR7976357_k141_36232	SRR7976357_NODE_3766_length_3533_cov_338.515896_g2269_i0	6257	0.999	0.000E+00	1149	4642	5447	6	3499	3533	0	5446	0	1	3494M
SRR7976325_k141_45508	SRR7976325_NODE_402_length_4026_cov_86.692386_g256_i0	7165	0.997	0.000E+00	0	4025	4027	0	4025	4026	0	4026	0	1	4026M
SRR6960802_k141_48935	SRR7976323_NODE_2467_length_3828_cov_35.215180_g1794_i0	6815	0.997	0.000E+00	3829	2	3830	0	3827	3828	3829	0	0	1	3828M
SRR5466369_k141_59350	SRR5466366_NODE_2775_length_3804_cov_6.503082_g1892_i0	6797	0.999	0.000E+00	3797	0	3801	0	3797	3804	3800	0	0	1	3798M
SRR5467090_k141_73429	SRR5467091_NODE_964_length_4316_cov_8.114777_g733_i0	7642	0.998	0.000E+00	4373	92	4401	27	4308	4316	4400	0	0	1	4282M
SRR5467091_k141_29926	SRR5467091_NODE_1101_length_4113_cov_55.262871_g844_i0	7353	0.999	0.000E+00	4110	0	4111	2	4112	4113	4110	0	0	1	4111M
SRR6255402_k141_888	SRR5466337_NODE_2087_length_3409_cov_90.366906_g1338_i0	5924	0.999	0.000E+00	3629	317	3630	1	3313	3409	3629	0	0	1	3313M
SRR6255402_k141_888	SRR5466338_NODE_3677_length_3418_cov_108.391629_g2451_i1	5924	0.999	0.000E+00	3629	317	3630	75	3387	3418	3629	0	0	1	3313M
SRR6255402_k141_888	SRR5466365_NODE_2397_length_3377_cov_93.147397_g1550_i1	5884	0.996	0.000E+00	3629	317	3630	6	3317	3377	3629	0	0	1	86M1I3226M
SRR6255402_k141_888	SRR6255521_NODE_648_length_3685_cov_39.119878_g483_i0	5873	0.996	0.000E+00	316	3629	3630	366	3677	3685	0	3629	0	1	3225M1I29M1I58M
SRR6255402_k141_888	SRR6255520_NODE_1157_length_3280_cov_44.615529_g953_i0	5730	0.998	0.000E+00	3526	317	3630	42	3251	3280	3629	0	0	1	3210M
SRR5466725_k141_81091	SRR5466725_NODE_2845_length_3510_cov_10.799244_g2175_i0	6288	1.00	0.000E+00	3508	0	3509	0	3508	3510	3508	0	0	301	3509M
SRR5466728_k141_58640	SRR5466728_NODE_580_length_3981_cov_14.908905_g486_i0	7129	0.999	0.000E+00	3980	0	3981	0	3980	3981	3980	0	0	1	3981M
SRR5467090_k141_17386	SRR5467090_NODE_802_length_3946_cov_10.177124_g627_i0	7025	0.999	0.000E+00	3927	0	3958	18	3945	3946	3957	0	0	1	3928M
SRR6253161_k141_72269	SRR5466365_NODE_2391_length_3380_cov_41.078016_g1550_i0	5893	0.993	0.000E+00	0	3341	3343	37	3379	3380	0	3342	0	1	3278M1D64M
SRR6253161_k141_72269	SRR5466338_NODE_3674_length_3421_cov_50.295102_g2451_i0	5880	0.993	0.000E+00	0	3337	3343	8	3347	3421	0	3342	0	1	3249M1D29M1D60M
SRR6255733_k141_1932	SRR5466725_NODE_2138_length_4061_cov_444.057422_g1621_i0	7213	1.00	0.000E+00	4105	81	4107	0	4024	4061	4106	0	0	2	4025M
SRR6960551_k141_62068	SRR6960551_NODE_715_length_4040_cov_487.785984_g514_i0	7219	0.999	0.000E+00	0	4035	4036	0	4035	4040	0	4035	0	1	4036M
SRR7976299_k141_1552	SRR7976299_NODE_39_length_5103_cov_1100.892247_g29_i1	7512	1.00	0.000E+00	4191	0	4192	1	4192	5103	4191	0	0	1	4192M
SRR7976310_k141_64724	SRR7976310_NODE_1077_length_3740_cov_7.153259_g770_i0	6684	0.998	0.000E+00	0	3739	3740	0	3739	3740	0	3739	0	1	3740M
SRR7976301_k141_11503	SRR7976310_NODE_964_length_3904_cov_686.200731_g681_i0	6652	0.998	0.000E+00	4550	829	4551	4	3725	3904	4550	0	0	1	3722M
SRR7976301_k141_11503	SRR5467090_NODE_891_length_3776_cov_51.700783_g706_i0	6478	0.990	0.000E+00	828	4529	4551	75	3775	3776	0	4550	0	1	3322M1I379M
SRR7687334_k141_31193	SRR7687334_NODE_2731_length_3524_cov_807.215879_g1223_i1	6315	1.00	0.000E+00	0	3523	3524	0	3523	3524	0	3523	0	2	3524M
SRR6960803_k141_94777	SRR7976356_NODE_3066_length_3659_cov_20.447295_g1800_i0	6539	0.998	0.000E+00	0	3658	3659	0	3658	3659	0	3658	0	1	3659M
SRR6960799_k141_12910	SRR7976325_NODE_593_length_3558_cov_52.923386_g394_i0	6317	0.996	0.000E+00	3554	0	3555	0	3554	3558	3554	0	0	1	3555M
SRR7976357_k141_58452	SRR7976357_NODE_3393_length_3727_cov_6.461959_g2033_i0	6660	0.999	0.000E+00	0	3723	3724	0	3723	3727	0	3723	0	1	3724M
SRR7976325_k141_27138	SRR6960799_NODE_1040_length_4049_cov_30.205231_g671_i0	7254	1.00	0.000E+00	4047	0	4048	1	4048	4049	4047	0	0	1	4048M
SRR6960507_k141_14189	SRR6960507_NODE_2022_length_3617_cov_19.962754_g1597_i0	6438	0.998	0.000E+00	60	3664	3665	11	3615	3617	0	3664	0	1	3605M
SRR5466725_k141_67257	SRR5466725_NODE_2219_length_3976_cov_42.033564_g1691_i0	7096	0.998	0.000E+00	3974	0	3975	1	3975	3976	3974	0	0	1	3975M
SRR6960540_k141_616	SRR7976299_NODE_110_length_3960_cov_99.669925_g87_i0	6916	0.993	0.000E+00	0	3926	4573	15	3941	3960	0	4572	0	1	3927M
SRR6960551_k141_40029	SRR6960551_NODE_869_length_3737_cov_5.927948_g611_i0	6634	0.996	0.000E+00	3736	0	3737	0	3736	3737	3736	0	0	1	3737M
SRR7976310_k141_56246	SRR7976310_NODE_894_length_4038_cov_94.782346_g622_i0	7202	0.999	0.000E+00	4065	37	4066	8	4036	4038	4065	0	0	1	4029M
SRR6960799_k141_100848	SRR6960799_NODE_984_length_4118_cov_14.845983_g637_i0	7370	0.999	0.000E+00	0	4117	4118	0	4117	4118	0	4117	0	1	4118M
SRR7976357_k141_18718	SRR7976357_NODE_3338_length_3762_cov_5.206289_g1997_i0	6716	0.999	0.000E+00	3754	0	3755	4	3758	3762	3754	0	0	1	3755M
SRR7976325_k141_54772	SRR7976325_NODE_481_length_3801_cov_9.524946_g316_i0	6776	0.998	0.000E+00	0	3795	3796	5	3800	3801	0	3795	0	1	3796M
SRR6960802_k141_80032	SRR7976323_NODE_2632_length_3718_cov_13.627435_g1909_i0	6485	0.992	0.000E+00	0	3685	3686	0	3684	3718	0	3685	0	1	87M1I3598M
SRR5467137_k141_286	SRR5467137_NODE_122_length_3557_cov_19.882893_g59_i0	6273	0.999	0.000E+00	0	3507	3508	0	3507	3557	0	3507	0	1	3508M
SRR5466338_k141_74943	SRR5466338_NODE_3309_length_3654_cov_25.390114_g2192_i0	6508	0.997	0.000E+00	0	3653	3680	0	3653	3654	0	3679	0	1	3654M
SRR7976357_k141_64047	SRR7976357_NODE_3558_length_3641_cov_147.143498_g2135_i0	6455	1.00	0.000E+00	3705	104	3706	31	3632	3641	3705	0	0	301	3602M
SRR7976357_k141_64047	SRR7976356_NODE_2681_length_3919_cov_75.134165_g1558_i0	6111	0.998	0.000E+00	3523	104	3706	487	3906	3919	3705	0	0	301	3420M
SRR7976325_k141_62922	SRR7976325_NODE_255_length_4616_cov_16.486022_g161_i0	8222	0.998	0.000E+00	0	4605	4606	10	4615	4616	0	4605	0	2	4606M
SRR6050716_k141_3189	SRR6050698_NODE_263_length_3906_cov_197.885729_g141_i0	6728	0.991	0.000E+00	4	3835	3861	0	3831	3906	0	3860	0	1	3832M
SRR6050716_k141_3189	SRR7473382_NODE_287_length_4150_cov_434.008339_g165_i0	3853	0.994	0.000E+00	2176	0	3861	1969	4145	4150	3860	0	0	1	2177M
SRR5466365_k141_56011	SRR5466337_NODE_1127_length_4329_cov_24180.961936_g682_i0	7072	0.999	0.000E+00	3981	33	4158	366	4314	4329	4157	0	0	2	3949M
SRR5466365_k141_56011	SRR5466369_NODE_2861_length_4446_cov_1470.139035_g1702_i0	7072	0.999	0.000E+00	3981	33	4158	477	4425	4446	4157	0	0	2	3949M
SRR5466725_k141_108433	SRR5466725_NODE_2010_length_4188_cov_52.172783_g1528_i0	7460	0.999	0.000E+00	0	4169	4170	19	4187	4188	0	4169	0	2	22M1I4147M
SRR5466728_k141_50028	SRR5466728_NODE_406_length_4555_cov_117.385542_g337_i0	8145	0.999	0.000E+00	0	4547	4548	3	4550	4555	0	4547	0	1	4548M
SRR5467090_k141_56235	SRR5467090_NODE_830_length_3890_cov_275.384595_g653_i0	6767	0.998	0.000E+00	168	3954	4201	38	3825	3890	0	4200	0	1	3718M1D69M
SRR6255733_k141_1727	SRR6255746_NODE_799_length_4095_cov_70.988563_g597_i0	7332	0.999	0.000E+00	4093	0	4094	0	4093	4095	4093	0	0	1	4094M
SRR6255733_k141_1727	SRR5466729_NODE_797_length_4672_cov_47.613177_g598_i0	2056	0.997	0.000E+00	1154	1	4094	3518	4671	4672	4093	0	0	1	1154M
SRR6960801_k141_3744	SRR6960801_NODE_6389_length_3730_cov_24.380913_g3349_i0	6684	1.00	0.000E+00	3729	0	3730	0	3729	3730	3729	0	0	2	3730M
SRR6960799_k141_73076	SRR6960799_NODE_1333_length_3698_cov_6.720828_g872_i0	6603	0.999	0.000E+00	3686	0	3687	11	3697	3698	3686	0	0	1	3687M
SRR7976325_k141_44492	SRR6960799_NODE_1201_length_3819_cov_5.295515_g787_i0	6742	0.999	0.000E+00	3766	0	3772	45	3811	3819	3771	0	0	1	3767M
SRR6050738_k141_29123	SRR6050738_NODE_146_length_4008_cov_21.759593_g98_i0	7173	1.00	0.000E+00	4002	0	4003	0	4002	4008	4002	0	0	1	4003M
SRR6960507_k141_82630	SRR6960507_NODE_1509_length_4052_cov_16.067354_g1180_i0	7248	0.999	0.000E+00	4051	0	4060	0	4051	4052	4059	0	0	1	4052M
SRR5466365_k141_73140	SRR5466338_NODE_2544_length_4247_cov_27.804025_g1650_i0	7565	0.999	0.000E+00	209	4432	4433	19	4242	4247	0	4432	0	1	4224M
SRR5466725_k141_61370	SRR6255746_NODE_881_length_3897_cov_191.428609_g671_i0	6839	0.996	0.000E+00	1149	4994	4995	38	3885	3897	0	4994	0	1	35M2D3811M
SRR5466725_k141_61370	SRR5466727_NODE_1192_length_4069_cov_396.271772_g1019_i0	6052	0.997	0.000E+00	1595	4991	4995	672	4068	4069	0	4994	0	1	3397M
SRR5466729_k141_28787	SRR5466729_NODE_1499_length_3663_cov_5.452925_g1159_i0	6536	0.999	0.000E+00	0	3649	3650	12	3661	3663	0	3649	0	2	3650M
SRR5467091_k141_77603	SRR5467091_NODE_758_length_4797_cov_10803.204488_g559_i0	7424	1.00	0.000E+00	4142	0	4143	654	4796	4797	4142	0	0	1	4143M
SRR5467091_k141_77603	SRR5467090_NODE_1538_length_3039_cov_3442.431895_g1249_i0	5220	0.999	0.000E+00	1210	4124	4143	123	3037	3039	0	4142	0	1	2915M
SRR6960551_k141_73613	SRR6960551_NODE_803_length_3853_cov_5.607937_g570_i0	6905	1.00	0.000E+00	0	3852	3915	0	3852	3853	0	3914	0	2	3853M
SRR7976299_k141_3810	SRR7976299_NODE_100_length_4073_cov_7.638750_g81_i0	7240	0.999	0.000E+00	0	4042	4043	30	4072	4073	0	4042	0	1	4043M
SRR5995670_k141_7373	SRR5995670_NODE_333_length_3651_cov_18.809240_g246_i0	6510	1.00	0.000E+00	3632	0	3633	0	3632	3651	3632	0	0	1	3633M
SRR6960799_k141_97462	SRR6960799_NODE_1466_length_3567_cov_19.108758_g969_i0	6372	0.999	0.000E+00	3560	0	3561	1	3561	3567	3560	0	0	1	3561M
SRR6960799_k141_74099	SRR6960799_NODE_1269_length_3750_cov_9.888496_g828_i0	6707	0.999	0.000E+00	3744	0	3745	1	3745	3750	3744	0	0	1	3745M
SRR7976323_k141_84413	SRR6960802_NODE_2308_length_3509_cov_36.163271_g1499_i0	6281	1.00	0.000E+00	0	3504	3505	0	3504	3509	0	3504	0	1	3505M
SRR6050738_k141_1958	SRR5208575_NODE_156_length_3605_cov_8.187712_g84_i0	6398	0.998	0.000E+00	3582	0	3592	0	3582	3605	3591	0	0	1	3583M
SRR6960507_k141_64340	SRR6960507_NODE_1981_length_3642_cov_24.923228_g1564_i0	6504	0.998	0.000E+00	3641	0	3663	0	3641	3642	3662	0	0	1	3642M
SRR5466366_k141_40490	SRR6253161_NODE_328_length_6744_cov_56.543697_g206_i0	7170	1.00	0.000E+00	0	4000	4080	14	4014	6744	0	4079	0	1	4001M
SRR5466366_k141_40490	SRR6253161_NODE_466_length_6005_cov_61.818948_g206_i1	7167	0.999	0.000E+00	4001	0	4080	1989	5990	6005	4079	0	0	1	4002M
SRR5466725_k141_105146	SRR5466725_NODE_1797_length_4422_cov_865.404231_g1357_i0	7911	0.999	0.000E+00	4422	1	6270	0	4421	4422	6269	0	0	2	4422M
SRR5466725_k141_105146	SRR5466723_NODE_548_length_4460_cov_288.780260_g431_i0	7727	0.997	0.000E+00	4343	2	6270	55	4396	4460	6269	0	0	2	4342M
SRR5466729_k141_35615	SRR5466725_NODE_2511_length_3746_cov_1161.997277_g1922_i1	6578	0.992	0.000E+00	3796	54	3797	1	3743	3746	3796	0	0	2	3743M
SRR6254353_k141_18183	SRR5466338_NODE_2399_length_4402_cov_68.999769_g1546_i0	7641	0.999	0.000E+00	54	4322	4325	19	4287	4402	0	4324	0	1	4269M
SRR6254353_k141_18183	SRR6255402_NODE_633_length_4509_cov_56434.147205_g497_i0	7637	0.999	0.000E+00	54	4320	4325	30	4296	4509	0	4324	0	1	4267M
SRR6254353_k141_18183	SRR5466337_NODE_877_length_4774_cov_43.443735_g518_i0	7634	0.999	0.000E+00	54	4318	4325	33	4297	4774	0	4324	0	1	4265M
SRR6254353_k141_18183	SRR6254353_NODE_1179_length_4289_cov_35.143501_g749_i0	7549	0.999	0.000E+00	105	4324	4325	69	4288	4289	0	4324	0	1	4220M
SRR6254353_k141_18183	SRR5466366_NODE_1605_length_4914_cov_33.818219_g1059_i0	7545	0.999	0.000E+00	108	4320	4325	701	4913	4914	0	4324	0	1	4213M
SRR6960509_k141_80646	SRR6960509_NODE_2488_length_4074_cov_18.612597_g1657_i0	7258	0.998	0.000E+00	0	4064	4065	8	4072	4074	0	4064	0	5	4065M
SRR6960551_k141_6601	SRR6960551_NODE_805_length_3851_cov_9.898624_g571_i0	6886	0.999	0.000E+00	0	3849	3850	1	3850	3851	0	3849	0	1	3850M
SRR7976299_k141_2374	SRR7976299_NODE_146_length_3750_cov_21.581996_g112_i0	6560	0.999	0.000E+00	4063	396	4064	0	3667	3750	4063	0	0	1	3668M
SRR7976301_k141_84605	SRR7976310_NODE_664_length_4535_cov_13.759301_g453_i0	8055	0.998	0.000E+00	4509	0	4510	2	4511	4535	4509	0	0	1	4510M
SRR6960803_k141_61611	SRR7976356_NODE_2927_length_3765_cov_6.407638_g1713_i0	6673	0.997	0.000E+00	0	3750	3761	14	3764	3765	0	3760	0	301	3751M
SRR7976325_k141_38016	SRR7976326_NODE_121_length_4626_cov_137.360422_g82_i0	8218	0.997	0.000E+00	4610	0	4611	12	4622	4626	4610	0	0	1	4611M
SRR6960802_k141_39625	SRR7976323_NODE_2882_length_3553_cov_63.308908_g2103_i0	6261	1.00	0.000E+00	0	3493	3633	11	3504	3553	0	3632	0	1	3494M
SRR6960802_k141_39625	SRR7976324_NODE_270_length_4758_cov_1151.593383_g193_i0	5525	0.998	0.000E+00	3092	0	3633	1661	4753	4758	3632	0	0	1	3093M
SRR5467139_k141_26187	SRR5467139_NODE_220_length_3679_cov_10.275652_g119_i0	6570	0.998	0.000E+00	0	3678	3679	0	3678	3679	0	3678	0	2	3679M
SRR5466338_k141_55708	SRR5466338_NODE_2399_length_4402_cov_68.999769_g1546_i0	7810	0.999	0.000E+00	4531	166	4532	0	4365	4402	4531	0	0	1	4366M
SRR5466338_k141_55708	SRR6255402_NODE_633_length_4509_cov_56434.147205_g497_i0	7676	0.999	0.000E+00	4531	246	4532	11	4296	4509	4531	0	0	1	4286M
SRR5466338_k141_55708	SRR5466337_NODE_877_length_4774_cov_43.443735_g518_i0	7672	0.999	0.000E+00	4531	248	4532	14	4297	4774	4531	0	0	1	4284M
SRR5466338_k141_55708	SRR6254353_NODE_1179_length_4289_cov_35.143501_g749_i0	7545	0.999	0.000E+00	4461	244	4532	69	4286	4289	4531	0	0	1	4218M
SRR5466338_k141_55708	SRR5466366_NODE_1605_length_4914_cov_33.818219_g1059_i0	7545	0.999	0.000E+00	4458	246	4532	701	4913	4914	4531	0	0	1	4213M
SRR5466723_k141_33629	SRR5466729_NODE_1444_length_3717_cov_604.616630_g822_i1	6533	0.999	0.000E+00	163	3810	4014	68	3715	3717	0	4013	0	5	3648M
SRR5466723_k141_33629	SRR5466729_NODE_1084_length_4162_cov_504.543898_g822_i0	5731	0.999	0.000E+00	3366	164	4014	890	4092	4162	4013	0	0	5	3203M
SRR5466723_k141_33629	SRR5466729_NODE_1883_length_3310_cov_511.451344_g822_i2	4871	0.999	0.000E+00	2886	164	4014	518	3240	3310	4013	0	0	5	2723M
SRR5466727_k141_51196	SRR5466727_NODE_1056_length_4303_cov_11.469504_g903_i0	7670	0.998	0.000E+00	0	4297	4298	0	4297	4303	0	4297	0	3	4298M
SRR5466727_k141_51196	SRR5466729_NODE_2350_length_2998_cov_10.704274_g1856_i0	5263	0.997	0.000E+00	4297	1343	4298	5	2960	2998	4297	0	0	3	2498M1D457M
SRR5467090_k141_49933	SRR5467090_NODE_614_length_4327_cov_5.597085_g477_i0	7726	0.999	0.000E+00	0	4318	4319	0	4318	4327	0	4318	0	2	4319M
SRR5467091_k141_67650	SRR5467091_NODE_1278_length_3846_cov_13.857143_g986_i0	6888	0.999	0.000E+00	0	3845	3846	0	3845	3846	0	3845	0	1	3846M
SRR6254893_k141_22990	SRR6255402_NODE_633_length_4509_cov_56434.147205_g497_i0	7646	0.999	0.000E+00	0	4273	4341	30	4302	4509	0	4340	0	1	4267M1I6M
SRR6254893_k141_22990	SRR5466338_NODE_2399_length_4402_cov_68.999769_g1546_i0	7642	0.999	0.000E+00	0	4266	4341	19	4285	4402	0	4340	0	1	4267M
SRR6254893_k141_22990	SRR5466337_NODE_877_length_4774_cov_43.443735_g518_i0	7638	0.999	0.000E+00	0	4264	4341	33	4297	4774	0	4340	0	1	4265M
SRR6254893_k141_22990	SRR5466366_NODE_1605_length_4914_cov_33.818219_g1059_i0	7541	0.999	0.000E+00	54	4266	4341	701	4913	4914	0	4340	0	1	4213M
SRR6254893_k141_22990	SRR6254353_NODE_1179_length_4289_cov_35.143501_g749_i0	7537	0.999	0.000E+00	51	4266	4341	69	4284	4289	0	4340	0	1	4216M
SRR6960509_k141_51815	SRR6960797_NODE_645_length_3730_cov_291.604047_g505_i0	6620	0.996	0.000E+00	2	3725	3937	1	3724	3730	0	3936	0	5	3724M
SRR7976299_k141_8599	SRR7976299_NODE_142_length_3766_cov_136.021121_g108_i0	6749	1.00	0.000E+00	0	3765	3766	0	3765	3766	0	3765	0	1	3766M
SRR6960799_k141_15981	SRR6960799_NODE_1439_length_3595_cov_7.280806_g948_i0	6411	0.998	0.000E+00	3594	0	3595	0	3594	3595	3594	0	0	1	3595M
SRR5466337_k141_23779	SRR6253256_NODE_738_length_4483_cov_1256.322449_g576_i0	6856	0.995	0.000E+00	0	3867	4136	29	3895	4483	0	4135	0	1	3858M1I9M
SRR5466337_k141_23779	SRR5466369_NODE_3486_length_3955_cov_38.058990_g2111_i0	6845	0.996	0.000E+00	0	3854	4136	26	3880	3955	0	4135	0	1	3855M
SRR5466337_k141_23779	SRR6254351_NODE_1065_length_4588_cov_22633.434109_g7_i28	6836	0.995	0.000E+00	0	3854	4136	28	3882	4588	0	4135	0	1	3855M
SRR5467090_k141_1032	SRR5466728_NODE_367_length_4789_cov_22.142070_g299_i0	8429	0.993	0.000E+00	3	4786	4816	0	4783	4789	0	4815	0	3	4784M
SRR5467091_k141_65071	SRR5467091_NODE_1007_length_4256_cov_11.297394_g767_i0	7616	0.999	0.000E+00	0	4254	4397	1	4255	4256	0	4396	0	1	4255M
SRR6255520_k141_37683	SRR6255520_NODE_661_length_4110_cov_7.606143_g554_i0	7365	1.00	0.000E+00	0	4109	4110	0	4109	4110	0	4109	0	1	4110M
SRR6255520_k141_37683	SRR6253161_NODE_1290_length_4139_cov_11.646581_g904_i0	7275	1.00	0.000E+00	0	4059	4110	79	4138	4139	0	4109	0	1	4060M
SRR6960549_k141_4692	SRR6960549_NODE_215_length_3481_cov_57.326878_g153_i0	6202	1.00	0.000E+00	560	4020	4022	0	3460	3481	0	4021	0	2	3461M
SRR7976300_k141_30321	SRR7976300_NODE_1775_length_3749_cov_43.196681_g1315_i0	6580	0.997	0.000E+00	137	3829	3830	0	3693	3749	0	3829	0	1	12M1D3681M
SRR7976300_k141_30321	SRR6960507_NODE_1860_length_3730_cov_5.320208_g1468_i0	6435	0.996	0.000E+00	3829	209	3830	51	3671	3730	3829	0	0	1	3621M
SRR7976310_k141_57211	SRR7976301_NODE_740_length_4201_cov_921.132025_g584_i0	7341	0.997	0.000E+00	4160	37	4473	31	4154	4201	4472	0	0	2	4124M
SRR7976357_k141_32901	SRR7976357_NODE_3810_length_3509_cov_33.324214_g2297_i0	6277	1.00	0.000E+00	3502	0	3503	6	3508	3509	3502	0	0	301	3503M
SRR7976325_k141_34495	SRR7976325_NODE_516_length_3724_cov_18.876746_g337_i0	6642	0.998	0.000E+00	0	3723	3724	0	3723	3724	0	3723	0	1	3724M
SRR7976356_k141_65663	SRR7976357_NODE_3766_length_3533_cov_338.515896_g2269_i0	6270	0.999	0.000E+00	3503	0	3614	3	3506	3533	3613	0	0	1	3504M
SRR6050482_k141_6209	SRR6050482_NODE_27_length_4315_cov_8.529231_g12_i0	7728	0.999	0.000E+00	4314	0	4315	0	4314	4315	4314	0	0	1	4315M
SRR5466723_k141_22001	SRR5466723_NODE_548_length_4460_cov_288.780260_g431_i0	7928	0.997	0.000E+00	4453	0	4454	0	4453	4460	4453	0	0	1	4454M
SRR5466723_k141_22001	SRR5466725_NODE_1797_length_4422_cov_865.404231_g1357_i0	7767	0.999	0.000E+00	4398	57	4454	79	4420	4422	4453	0	0	1	4342M
SRR5467090_k141_21498	SRR5467090_NODE_1027_length_3596_cov_29.071530_g823_i0	6390	0.996	0.000E+00	3623	28	3624	0	3595	3596	3623	0	0	2	3596M
SRR5467090_k141_21498	SRR5466728_NODE_437_length_4446_cov_20681.534416_g363_i0	6277	0.993	0.000E+00	3613	56	3624	0	3557	4446	3623	0	0	2	3558M
SRR5467091_k141_5373	SRR5467091_NODE_1170_length_4002_cov_18.212777_g901_i0	7172	1.00	0.000E+00	4001	0	4002	0	4001	4002	4001	0	0	2	4002M
SRR6255733_k141_14949	SRR5466729_NODE_1444_length_3717_cov_604.616630_g822_i1	6468	0.999	0.000E+00	3746	135	3989	90	3701	3717	3988	0	0	1	3612M
SRR6255733_k141_14949	SRR5466729_NODE_1084_length_4162_cov_504.543898_g822_i0	5692	0.999	0.000E+00	565	3745	3989	890	4070	4162	0	3988	0	1	3181M
SRR6255733_k141_14949	SRR5466729_NODE_1883_length_3310_cov_511.451344_g822_i2	4832	0.999	0.000E+00	1045	3745	3989	518	3218	3310	0	3988	0	1	2701M
SRR6960799_k141_44674	SRR6960799_NODE_1158_length_3876_cov_5.912175_g753_i0	6909	0.998	0.000E+00	3867	0	3868	0	3867	3876	3867	0	0	3	3868M
SRR7976326_k141_23424	SRR7976326_NODE_196_length_3933_cov_10.570466_g141_i0	7040	0.999	0.000E+00	0	3930	3931	2	3932	3933	0	3930	0	1	3931M
SRR6050738_k141_19708	SRR6050738_NODE_144_length_4027_cov_24.704603_g96_i0	7082	0.995	0.000E+00	3991	0	3992	0	3991	4027	3991	0	0	1	3992M
SRR6960507_k141_71808	SRR7976300_NODE_1985_length_3579_cov_7.797490_g1473_i0	6346	0.999	0.000E+00	3545	0	3547	0	3545	3579	3546	0	0	1	3546M
SRR5466725_k141_105491	SRR5466725_NODE_2385_length_3845_cov_13.143160_g1825_i0	6859	0.998	0.000E+00	2	3846	3871	0	3844	3845	0	3870	0	1	3845M
SRR5466729_k141_24804	SRR5466725_NODE_1862_length_4359_cov_56.050630_g1409_i0	7715	0.999	0.000E+00	0	4307	4453	50	4357	4359	0	4452	0	1	4308M
SRR5467091_k141_7043	SRR6960509_NODE_2497_length_4064_cov_302.062892_g1663_i0	7101	0.990	0.000E+00	4060	0	4061	2	4063	4064	4060	0	0	1	3766M1D295M
SRR5467091_k141_7043	SRR6960797_NODE_569_length_3896_cov_304.172116_g396_i1	6591	0.992	0.000E+00	313	4060	4061	146	3893	3896	0	4060	0	1	3748M
SRR6254353_k141_70744	SRR6254353_NODE_1344_length_4047_cov_7.966281_g856_i0	7252	1.00	0.000E+00	4046	0	4047	0	4046	4047	4046	0	0	2	4047M
SRR6253161_k141_35232	SRR6254353_NODE_1782_length_3615_cov_14.477979_g1135_i0	6463	0.999	0.000E+00	0	3608	3609	6	3614	3615	0	3608	0	301	3609M
SRR6255733_k141_23526	SRR6255733_NODE_502_length_4866_cov_141.684957_g392_i1	8719	1.00	0.000E+00	69	4934	4935	0	4865	4866	0	4934	0	1	4866M
SRR6255733_k141_23526	SRR5466729_NODE_547_length_5328_cov_305.738915_g399_i0	7834	0.999	0.000E+00	137	4518	4935	2	4383	5328	0	4934	0	1	4382M
SRR6960549_k141_15383	SRR6960549_NODE_165_length_3724_cov_49.790742_g118_i0	6636	1.00	0.000E+00	3723	21	3724	0	3702	3724	3723	0	0	2	3703M
SRR6960797_k141_50452	SRR6960797_NODE_467_length_4185_cov_73.812257_g362_i0	7429	1.00	0.000E+00	0	4145	4146	0	4145	4185	0	4145	0	1	4146M
SRR7976300_k141_42415	SRR6960507_NODE_2364_length_3404_cov_38.146803_g1877_i0	6079	0.999	0.000E+00	5	3401	3402	1	3397	3404	0	3401	0	1	3397M
SRR7976310_k141_63865	SRR7976310_NODE_1299_length_3451_cov_205.095027_g935_i0	6166	0.998	0.000E+00	3450	0	3454	0	3450	3451	3453	0	0	1	3451M
SRR6960803_k141_51535	SRR6960803_NODE_3048_length_4547_cov_4.196021_g1614_i0	8010	0.994	0.000E+00	4531	0	4532	16	4546	4547	4531	0	0	1	4441M1I90M
SRR6960799_k141_58921	SRR6960799_NODE_1816_length_3294_cov_5.136604_g1214_i0	5901	1.00	0.000E+00	3292	0	3293	0	3292	3294	3292	0	0	1	3293M
SRR7976357_k141_22506	SRR7976357_NODE_3491_length_3680_cov_10.830607_g2089_i1	6518	0.995	0.000E+00	0	3679	3680	0	3679	3680	0	3679	0	1	3680M
SRR7976325_k141_42843	SRR7976325_NODE_479_length_3809_cov_16.738490_g314_i0	6793	0.998	0.000E+00	3800	0	3801	8	3808	3809	3800	0	0	1	3801M
SRR7976325_k141_56120	SRR6960799_NODE_1190_length_3825_cov_17.156983_g777_i0	6824	0.998	0.000E+00	0	3817	3818	1	3818	3825	0	3817	0	1	3818M
SRR6960507_k141_82453	SRR6960507_NODE_2130_length_3547_cov_19.761658_g1685_i0	6294	0.996	0.000E+00	3546	0	3547	0	3546	3547	3546	0	0	1	3547M
SRR5466365_k141_76517	SRR5466365_NODE_1070_length_4712_cov_16786.365812_g653_i0	7116	0.999	0.000E+00	3975	0	3976	726	4701	4712	3975	0	0	1	3976M
SRR5466725_k141_46128	SRR6255733_NODE_842_length_3856_cov_12953.289717_g681_i0	6718	1.00	0.000E+00	2	3750	3969	0	3748	3856	0	3968	0	1	3749M
SRR5467091_k141_71505	SRR5467091_NODE_1431_length_3668_cov_8.430320_g1106_i0	6473	0.997	0.000E+00	3631	0	3632	36	3667	3668	3631	0	0	1	3632M
SRR6253579_k141_39380	SRR5467090_NODE_830_length_3890_cov_275.384595_g653_i0	6850	0.999	0.000E+00	0	3829	3969	0	3829	3890	0	3968	0	1	3830M
SRR6255746_k141_1205	SRR6255746_NODE_848_length_3989_cov_12.108529_g639_i0	7023	0.992	0.000E+00	3988	0	3989	0	3988	3989	3988	0	0	1	3989M
SRR6255746_k141_1205	SRR6255733_NODE_781_length_3990_cov_10.112586_g629_i0	6978	0.990	0.000E+00	0	3988	3989	1	3989	3990	0	3988	0	1	3989M
SRR6960509_k141_62682	SRR6960551_NODE_774_length_3910_cov_16.076883_g552_i0	6974	0.999	0.000E+00	3898	0	3899	10	3908	3910	3898	0	0	2	3899M
SRR7976300_k141_61723	SRR7976300_NODE_1180_length_4434_cov_8214.211878_g872_i0	6329	0.999	0.000E+00	0	3533	3534	166	3699	4434	0	3533	0	1	3534M
SRR7976310_k141_20899	SRR7976301_NODE_936_length_3826_cov_334.284572_g753_i0	6587	0.999	0.000E+00	102	3779	4113	3	3680	3826	0	4112	0	1	3678M
SRR7976310_k141_20899	SRR7976301_NODE_1091_length_3623_cov_330.203099_g753_i1	5033	0.999	0.000E+00	2913	103	4113	808	3618	3623	4112	0	0	1	2811M
SRR7976325_k141_4451	SRR6960799_NODE_1720_length_3359_cov_4.211808_g1152_i0	5942	0.998	0.000E+00	3325	0	3328	0	3325	3359	3327	0	0	2	3326M
SRR6960802_k141_19206	SRR6960802_NODE_1552_length_4164_cov_13.392080_g991_i0	7371	0.995	0.000E+00	67	4224	4321	0	4156	4164	0	4320	0	1	4148M1I9M
SRR6960802_k141_19206	SRR7976324_NODE_407_length_4161_cov_6.173190_g288_i0	7338	0.994	0.000E+00	4225	67	4321	4	4160	4161	4320	0	0	1	9M1I1533M1I2615M
SRR5208575_k141_13103	SRR5467139_NODE_200_length_3819_cov_8.258409_g106_i0	6808	0.998	0.000E+00	25	3840	3841	0	3817	3819	0	3840	0	2	3747M2D69M
SRR6960803_k141_37834	SRR7976357_NODE_4041_length_3399_cov_111.751052_g2457_i0	6026	0.997	0.000E+00	3387	8	4592	2	3381	3399	4591	0	0	301	3380M
SRR6960799_k141_12111	SRR6960799_NODE_1053_length_4034_cov_166.325423_g683_i0	7194	0.999	0.000E+00	4016	0	4148	17	4033	4034	4147	0	0	1	4017M
SRR7976325_k141_34576	SRR7976325_NODE_622_length_3512_cov_6.355336_g412_i0	6289	0.999	0.000E+00	0	3511	3545	0	3511	3512	0	3544	0	1	3512M
SRR7976356_k141_38415	SRR7976357_NODE_3356_length_3753_cov_180.988043_g2006_i0	6702	0.999	0.000E+00	3744	0	3885	5	3749	3753	3884	0	0	1	3745M
SRR5466364_k141_57323	SRR5466364_NODE_2724_length_3650_cov_23.304725_g1821_i0	6518	0.998	0.000E+00	0	3649	3650	0	3649	3650	0	3649	0	1	3650M
SRR5466364_k141_57323	SRR5467091_NODE_2673_length_2745_cov_28.108159_g1243_i1	4529	0.996	0.000E+00	2551	0	3650	193	2744	2745	3649	0	0	1	2552M
SRR5467090_k141_2299	SRR5466728_NODE_688_length_3752_cov_24.997825_g579_i0	6582	1.00	0.000E+00	0	3672	3673	6	3678	3752	0	3672	0	2	3673M
SRR7976301_k141_24209	SRR7976310_NODE_1046_length_3796_cov_60.238786_g747_i0	6801	1.00	0.000E+00	0	3794	3795	1	3795	3796	0	3794	0	1	3795M
SRR6960799_k141_37579	SRR6960799_NODE_860_length_4323_cov_12.634118_g561_i0	7745	1.00	0.000E+00	0	4321	4322	0	4321	4323	0	4321	0	1	4322M
SRR6960799_k141_104198	SRR6960799_NODE_1336_length_3697_cov_3.903422_g874_i0	6510	0.993	0.000E+00	90	3782	3783	0	3692	3697	0	3782	0	1	3693M
SRR7976323_k141_51982	SRR7976323_NODE_1670_length_4508_cov_3.975874_g1233_i0	8057	1.00	0.000E+00	4495	0	4496	8	4503	4508	4495	0	0	1	4496M
SRR6050738_k141_35772	SRR6050738_NODE_157_length_3912_cov_13.555092_g105_i0	6991	0.998	0.000E+00	3910	0	3914	0	3910	3912	3913	0	0	1	3911M
SRR6960507_k141_90808	SRR7976300_NODE_1776_length_3749_cov_30.760337_g1316_i0	6698	0.999	0.000E+00	3750	11	3829	9	3748	3749	3828	0	0	1	3740M
SRR6960507_k141_90808	SRR6960507_NODE_1791_length_3785_cov_384.543912_g1412_i0	6403	0.999	0.000E+00	3577	0	3829	207	3784	3785	3828	0	0	1	3578M
SRR5466366_k141_50431	SRR5466365_NODE_2141_length_3549_cov_7.415420_g1382_i0	6311	0.997	0.000E+00	3588	45	3589	5	3548	3549	3588	0	0	2	3544M
SRR5466725_k141_32958	SRR5466727_NODE_1024_length_4355_cov_10.849136_g876_i0	7735	0.997	0.000E+00	4348	0	4349	2	4350	4355	4348	0	0	1	4349M
SRR5466728_k141_34192	SRR5466728_NODE_437_length_4446_cov_20681.534416_g363_i0	6448	0.995	0.000E+00	3642	0	3828	37	3679	4446	3827	0	0	301	3643M
SRR5466728_k141_34192	SRR5467090_NODE_1027_length_3596_cov_29.071530_g823_i0	6225	0.994	0.000E+00	3642	122	3828	47	3567	3596	3827	0	0	301	3521M
SRR5467090_k141_42193	SRR5467090_NODE_816_length_3912_cov_35.259703_g641_i0	6998	0.999	0.000E+00	0	3909	3910	2	3911	3912	0	3909	0	2	3910M
SRR6253161_k141_64253	SRR6253161_NODE_1290_length_4139_cov_11.646581_g904_i0	7417	1.00	0.000E+00	31	4169	4170	0	4138	4139	0	4169	0	1	4139M
SRR6253161_k141_64253	SRR6255520_NODE_661_length_4110_cov_7.606143_g554_i0	7275	1.00	0.000E+00	110	4169	4170	0	4059	4110	0	4169	0	1	4060M
SRR6255733_k141_18943	SRR5466723_NODE_548_length_4460_cov_288.780260_g431_i0	7791	0.997	0.000E+00	2	4376	4592	2	4376	4460	0	4591	0	2	4375M
SRR6255733_k141_18943	SRR5466725_NODE_1797_length_4422_cov_865.404231_g1357_i0	7722	0.998	0.000E+00	55	4376	4592	79	4400	4422	0	4591	0	2	4322M
SRR6960551_k141_56577	SRR6960509_NODE_3542_length_3460_cov_66.075288_g2361_i0	6097	0.993	0.000E+00	0	3456	3457	1	3457	3460	0	3456	0	2	3457M
SRR7976295_k141_9071	SRR7976300_NODE_1776_length_3749_cov_30.760337_g1316_i0	6639	1.00	0.000E+00	0	3704	3788	0	3704	3749	0	3787	0	1	3705M
SRR7976295_k141_9071	SRR6960507_NODE_1791_length_3785_cov_384.543912_g1412_i0	6304	0.999	0.000E+00	182	3704	3788	207	3729	3785	0	3787	0	1	3523M
SRR7976300_k141_43130	SRR7976300_NODE_2234_length_3394_cov_9.397471_g1650_i0	6078	0.999	0.000E+00	3393	0	3394	0	3393	3394	3393	0	0	2	3394M
SRR7976310_k141_68958	SRR7976310_NODE_841_length_4155_cov_12.395394_g585_i0	7412	0.999	0.000E+00	4140	0	4141	12	4152	4155	4140	0	0	1	4141M
SRR6960803_k141_11595	SRR6960803_NODE_3221_length_4423_cov_13.007586_g1715_i0	7917	1.00	0.000E+00	4417	0	4418	5	4422	4423	4417	0	0	1	4418M
SRR6960799_k141_59247	SRR7976325_NODE_351_length_4216_cov_4.072170_g217_i0	7528	1.00	0.000E+00	0	4200	4206	15	4215	4216	0	4205	0	1	4201M
SRR6960803_k141_25808	SRR7976357_NODE_2605_length_4259_cov_23.213569_g1531_i0	7605	0.998	0.000E+00	4258	0	4269	0	4258	4259	4268	0	0	1	4259M
SRR6960799_k141_7030	SRR7976325_NODE_603_length_3540_cov_8.134122_g400_i0	6270	0.995	0.000E+00	7	3545	3546	0	3538	3540	0	3545	0	1	3539M
SRR7976357_k141_77023	SRR7976357_NODE_2595_length_4266_cov_9.045075_g1524_i0	7614	0.998	0.000E+00	0	4263	4264	0	4263	4266	0	4263	0	1	4264M
SRR7976356_k141_39722	SRR7976356_NODE_2682_length_3919_cov_34.766511_g1559_i0	7012	0.999	0.000E+00	0	3917	3918	0	3917	3919	0	3917	0	1	3918M
SRR6960507_k141_27064	SRR6960507_NODE_1520_length_4040_cov_7.488782_g1190_i0	7218	1.00	0.000E+00	4027	0	4028	9	4036	4040	4027	0	0	1	4028M
SRR5466365_k141_38362	SRR5467090_NODE_1034_length_3588_cov_16.478236_g827_i0	6139	0.992	0.000E+00	0	3491	3586	5	3494	3588	0	3585	0	1	127M2I3363M
SRR5466725_k141_88082	SRR5466725_NODE_2763_length_3569_cov_16.596110_g2118_i0	6373	0.998	0.000E+00	3568	0	3569	0	3568	3569	3568	0	0	1	3569M
SRR5466728_k141_7134	SRR5467091_NODE_1073_length_4144_cov_78.790224_g821_i0	7252	0.999	0.000E+00	4436	385	4437	38	4089	4144	4436	0	0	1	4052M
SRR5467090_k141_17794	SRR5467090_NODE_599_length_4402_cov_5.148302_g464_i0	7817	0.999	0.000E+00	0	4364	4365	7	4371	4402	0	4364	0	1	4365M
SRR6253161_k141_39154	SRR6253161_NODE_328_length_6744_cov_56.543697_g206_i0	12084	1.00	0.000E+00	0	6743	8334	0	6743	6744	0	8333	0	1	6744M
SRR6255733_k141_29569	SRR5466727_NODE_1092_length_4229_cov_49.944658_g933_i0	7515	0.999	0.000E+00	4250	55	4251	2	4197	4229	4250	0	0	1	4196M
SRR6960551_k141_36771	SRR6960797_NODE_456_length_4216_cov_274.845040_g353_i0	7523	0.999	0.000E+00	4207	2	4208	7	4215	4216	4207	0	0	1	1596M3D2610M
SRR7976299_k141_22376	SRR7976299_NODE_176_length_3503_cov_7.795918_g138_i0	6237	0.999	0.000E+00	3487	0	3488	0	3487	3503	3487	0	0	1	3488M
SRR7976301_k141_53930	SRR7976310_NODE_788_length_4253_cov_111.767464_g541_i0	7575	0.998	0.000E+00	0	4241	4242	10	4251	4253	0	4241	0	1	4242M
SRR7976310_k141_69626	SRR7976310_NODE_1146_length_3650_cov_15.239307_g822_i0	6528	0.999	0.000E+00	0	3647	3648	2	3649	3650	0	3647	0	1	3648M
SRR6960803_k141_105588	SRR7976357_NODE_3766_length_3533_cov_338.515896_g2269_i0	6243	0.998	0.000E+00	3498	0	3584	24	3522	3533	3583	0	0	1	3499M
SRR6960799_k141_96870	SRR6960799_NODE_1384_length_3647_cov_4.419978_g907_i0	6458	0.995	0.000E+00	0	3645	3646	0	3645	3647	0	3645	0	1	3646M
SRR7976357_k141_34318	SRR7976356_NODE_2682_length_3919_cov_34.766511_g1559_i0	6842	0.998	0.000E+00	169	3996	3997	17	3844	3919	0	3996	0	1	3828M
SRR7976325_k141_13953	SRR7976325_NODE_554_length_3646_cov_13.761825_g368_i0	6515	0.999	0.000E+00	3642	0	3643	3	3645	3646	3642	0	0	1	3643M
SRR5466729_k141_155	SRR5466729_NODE_1079_length_4166_cov_7.762277_g817_i0	7440	0.999	0.000E+00	4163	0	4164	0	4165	4166	4163	0	0	1	80M1D1663M1D2421M
SRR5467090_k141_4116	SRR5466728_NODE_678_length_3780_cov_9.094955_g571_i0	6769	0.999	0.000E+00	3779	0	3824	0	3779	3780	3823	0	0	1	3780M
SRR6253161_k141_41474	SRR6253161_NODE_1304_length_4115_cov_12.671697_g914_i0	7365	1.00	0.000E+00	4109	0	4110	3	4112	4115	4109	0	0	1	4110M
SRR6255746_k141_1054	SRR5466729_NODE_1338_length_3826_cov_17.914202_g1029_i0	6771	0.999	0.000E+00	3785	0	3786	38	3823	3826	3785	0	0	1	3786M
SRR6255746_k141_1054	SRR5466727_NODE_359_length_6671_cov_21.191725_g292_i0	6386	0.999	0.000E+00	0	3570	3786	2	3572	6671	0	3785	0	1	3571M
SRR6960551_k141_21578	SRR6960509_NODE_2834_length_3831_cov_373.794838_g1887_i0	6847	1.00	0.000E+00	4395	575	4398	0	3820	3831	4397	0	0	2	3821M
SRR7976299_k141_4679	SRR7976299_NODE_55_length_4645_cov_7.537839_g43_i0	8309	0.999	0.000E+00	0	4641	4642	3	4644	4645	0	4641	0	1	4642M
SRR7976301_k141_33928	SRR7976301_NODE_936_length_3826_cov_334.284572_g753_i0	6834	0.999	0.000E+00	4	3819	3820	0	3815	3826	0	3819	0	1	3816M
SRR7976301_k141_33928	SRR7976301_NODE_1091_length_3623_cov_330.203099_g753_i1	5036	0.999	0.000E+00	2818	4	3820	808	3622	3623	3819	0	0	1	2815M
SRR7687308_k141_117758	SRR7687308_NODE_3158_length_3771_cov_5.600865_g1813_i0	6733	0.999	0.000E+00	3764	0	3765	0	3764	3771	3764	0	0	2	3765M
SRR6960803_k141_108340	SRR6960803_NODE_4856_length_3506_cov_6.414798_g2745_i0	6272	0.999	0.000E+00	0	3506	3575	0	3505	3506	0	3574	0	1	3157M1I349M
SRR6960803_k141_108340	SRR7976357_NODE_3834_length_3500_cov_6.870149_g2312_i0	6236	0.997	0.000E+00	3567	68	3575	0	3499	3500	3574	0	0	1	3500M
SRR6960799_k141_65355	SRR7976325_NODE_440_length_3927_cov_32.243124_g284_i0	7024	0.999	0.000E+00	3926	0	3927	0	3926	3927	3926	0	0	2	3927M
SRR7976324_k141_44601	SRR7976323_NODE_2551_length_3779_cov_808.846735_g1854_i0	6657	0.998	0.000E+00	0	3724	3815	7	3731	3779	0	3814	0	1	3725M
SRR7976326_k141_37967	SRR7976326_NODE_254_length_3694_cov_8.250483_g180_i0	6616	1.00	0.000E+00	3691	0	3692	0	3691	3694	3691	0	0	1	3692M
SRR7976325_k141_15967	SRR7976325_NODE_642_length_3486_cov_10.255787_g425_i0	6233	0.999	0.000E+00	0	3483	3484	0	3484	3486	0	3483	0	1	199M1D3285M
SRR5208574_k141_12989	SRR5208570_NODE_171_length_4204_cov_5.975309_g92_i0	7467	0.996	0.000E+00	0	4201	4202	2	4203	4204	0	4201	0	1	4202M
SRR6960507_k141_60564	SRR6960507_NODE_1782_length_3798_cov_49.430604_g1404_i0	6793	1.00	0.000E+00	3790	0	3791	6	3796	3798	3790	0	0	1	3791M
SRR5466369_k141_87890	SRR5466369_NODE_3825_length_3725_cov_7.903888_g2352_i0	6670	1.00	0.000E+00	0	3721	3722	3	3724	3725	0	3721	0	1	3722M
SRR5466369_k141_87890	SRR6253161_NODE_1674_length_3787_cov_2615.847065_g1145_i2	5032	0.999	0.000E+00	0	2812	3722	0	2812	3787	0	3721	0	1	2813M
SRR5466369_k141_87890	SRR6253161_NODE_1634_length_3824_cov_2590.228472_g1145_i1	5030	0.998	0.000E+00	2813	0	3722	1010	3823	3824	3721	0	0	1	2814M
SRR5466369_k141_87890	SRR6253161_NODE_1622_length_3828_cov_2589.314780_g1145_i0	5030	0.998	0.000E+00	2813	0	3722	1014	3827	3828	3721	0	0	1	2814M
SRR5466729_k141_37226	SRR5466725_NODE_3079_length_3364_cov_15.234579_g2369_i0	6024	0.999	0.000E+00	0	3363	3366	0	3363	3364	0	3365	0	4	3364M
SRR5467091_k141_79724	SRR5467090_NODE_830_length_3890_cov_275.384595_g653_i0	6781	0.998	0.000E+00	102	3895	3896	34	3827	3890	0	3895	0	1	3794M
SRR6255402_k141_28300	SRR5466369_NODE_3486_length_3955_cov_38.058990_g2111_i0	6854	0.996	0.000E+00	0	3859	3903	22	3881	3955	0	3902	0	1	3860M
SRR6255402_k141_28300	SRR6253256_NODE_738_length_4483_cov_1256.322449_g576_i0	6845	0.995	0.000E+00	0	3859	3903	25	3884	4483	0	3902	0	1	3860M
SRR6255402_k141_28300	SRR6254351_NODE_1065_length_4588_cov_22633.434109_g7_i28	6844	0.995	0.000E+00	0	3858	3903	24	3882	4588	0	3902	0	1	3859M
SRR6960549_k141_7975	SRR6960549_NODE_106_length_4139_cov_5.126168_g73_i0	7332	0.995	0.000E+00	4153	15	4154	0	4138	4139	4153	0	0	301	4139M
SRR7976300_k141_20868	SRR6960507_NODE_1248_length_4376_cov_20.232164_g964_i0	7737	0.994	0.000E+00	0	4374	4375	0	4374	4376	0	4374	0	1	4375M
SRR7976310_k141_9036	SRR7976310_NODE_620_length_4679_cov_7.394703_g421_i0	8287	0.999	0.000E+00	0	4626	4627	0	4626	4679	0	4626	0	1	4627M
SRR6960799_k141_20589	SRR6960799_NODE_1063_length_4013_cov_8.797462_g689_i0	7173	1.00	0.000E+00	4002	0	4003	9	4011	4013	4002	0	0	1	4003M
SRR7976357_k141_39612	SRR7976356_NODE_3274_length_3533_cov_15.945954_g1946_i0	6172	0.998	0.000E+00	0	3453	3632	43	3496	3533	0	3631	0	1	3454M
SRR7976357_k141_39612	SRR6960803_NODE_4725_length_3556_cov_21.282802_g2655_i0	6164	0.998	0.000E+00	2	3453	3632	71	3522	3556	0	3631	0	1	3452M
SRR7976325_k141_38180	SRR7976326_NODE_190_length_3973_cov_15.653846_g137_i0	7029	0.999	0.000E+00	4072	148	4073	1	3925	3973	4072	0	0	2	3925M
SRR7976356_k141_60829	SRR7976356_NODE_3274_length_3533_cov_15.945954_g1946_i0	6263	1.00	0.000E+00	0	3494	3558	29	3523	3533	0	3557	0	1	3495M
SRR7976356_k141_60829	SRR6960803_NODE_4725_length_3556_cov_21.282802_g2655_i0	6221	0.999	0.000E+00	16	3494	3558	71	3549	3556	0	3557	0	1	3479M
SRR6050483_k141_1213	SRR5208570_NODE_314_length_3509_cov_9.280268_g152_i0	6274	0.999	0.000E+00	5	3510	3511	0	3505	3509	0	3510	0	2	3506M
SRR6960551_k141_6196	SRR6960551_NODE_853_length_3760_cov_23.985083_g602_i0	6718	0.999	0.000E+00	3753	0	3755	0	3753	3760	3754	0	0	1	3754M
SRR7976299_k141_21044	SRR6960549_NODE_135_length_3930_cov_110.542909_g91_i0	7017	0.999	0.000E+00	3924	2	3925	6	3928	3930	3924	0	0	1	3923M
SRR7976301_k141_77021	SRR5466727_NODE_1126_length_4166_cov_10.953335_g962_i0	7296	0.991	0.000E+00	4166	3	4169	2	4165	4166	4168	0	0	1	4164M
SRR6960799_k141_29341	SRR6960799_NODE_1162_length_3873_cov_14.280789_g756_i0	6936	0.999	0.000E+00	3872	0	3873	0	3872	3873	3872	0	0	1	3873M
SRR7976323_k141_37060	SRR7976323_NODE_2359_length_3905_cov_7.466336_g1719_i0	6996	1.00	0.000E+00	3903	0	3904	0	3903	3905	3903	0	0	1	3904M
SRR7976325_k141_56614	SRR7976325_NODE_405_length_4025_cov_22.995951_g258_i0	7174	0.998	0.000E+00	4020	0	4021	4	4024	4025	4020	0	0	1	4021M
SRR6960507_k141_102737	SRR6960507_NODE_1518_length_4043_cov_4.819899_g1189_i0	6736	0.991	0.000E+00	0	3847	3848	197	4042	4043	0	3847	0	1	107M1I66M1I3673M
SRR5466369_k141_49057	SRR6253161_NODE_328_length_6744_cov_56.543697_g206_i0	7184	1.00	0.000E+00	0	4008	4066	7	4015	6744	0	4065	0	1	4009M
SRR5466369_k141_49057	SRR6253161_NODE_466_length_6005_cov_61.818948_g206_i1	7181	0.999	0.000E+00	4009	0	4066	1988	5997	6005	4065	0	0	1	4010M
SRR5466725_k141_71409	SRR5466725_NODE_2228_length_3970_cov_10.853734_g1697_i0	7114	1.00	0.000E+00	3969	0	3970	0	3969	3970	3969	0	0	2	3970M
SRR5466729_k141_70893	SRR5466729_NODE_583_length_5220_cov_636.168836_g429_i0	7603	1.00	0.000E+00	0	4242	5007	23	4265	5220	0	5006	0	1	4243M
SRR5467091_k141_79590	SRR5466337_NODE_877_length_4774_cov_43.443735_g518_i0	7625	0.999	0.000E+00	4356	97	4357	0	4259	4774	4356	0	0	1	4260M
SRR5467091_k141_79590	SRR6255402_NODE_633_length_4509_cov_56434.147205_g497_i0	7619	0.999	0.000E+00	4353	97	4357	0	4256	4509	4356	0	0	1	4257M
SRR5467091_k141_79590	SRR5466338_NODE_2399_length_4402_cov_68.999769_g1546_i0	7595	0.999	0.000E+00	4342	97	4357	0	4245	4402	4356	0	0	1	4246M
SRR5467091_k141_79590	SRR5466366_NODE_1605_length_4914_cov_33.818219_g1059_i0	7464	0.999	0.000E+00	4269	97	4357	701	4873	4914	4356	0	0	1	4173M
SRR5467091_k141_79590	SRR6254353_NODE_1179_length_4289_cov_35.143501_g749_i0	7461	0.998	0.000E+00	4272	97	4357	69	4244	4289	4356	0	0	1	4176M
SRR6254984_k141_50328	SRR6254984_NODE_952_length_3969_cov_98.579312_g745_i0	7112	1.00	0.000E+00	4222	254	4223	0	3968	3969	4222	0	0	5	3969M
SRR6254984_k141_50328	SRR6253579_NODE_578_length_6307_cov_62.539942_g371_i0	6489	0.999	0.000E+00	4222	597	4223	0	3625	6307	4222	0	0	5	3626M
SRR6960509_k141_45420	SRR6960509_NODE_2300_length_4222_cov_42.183659_g1524_i0	7560	1.00	0.000E+00	4218	0	4219	3	4221	4222	4218	0	0	2	4219M
SRR6960551_k141_33688	SRR6960509_NODE_2497_length_4064_cov_302.062892_g1663_i0	7204	0.996	0.000E+00	12	4066	4150	5	4059	4064	0	4149	0	1	4055M
SRR6960551_k141_33688	SRR6960797_NODE_569_length_3896_cov_304.172116_g396_i1	6660	0.997	0.000E+00	3756	13	4150	146	3889	3896	4149	0	0	1	3744M
SRR7976299_k141_21962	SRR7976299_NODE_109_length_3966_cov_11.522219_g86_i0	7103	0.999	0.000E+00	3965	0	3966	0	3965	3966	3965	0	0	2	3966M
SRR7976310_k141_15385	SRR6255746_NODE_799_length_4095_cov_70.988563_g597_i0	7163	0.997	0.000E+00	4812	786	4814	0	4026	4095	4813	0	0	1	4027M
SRR7976310_k141_15385	SRR5466729_NODE_797_length_4672_cov_47.613177_g598_i0	1924	0.994	0.000E+00	1873	786	4814	3518	4605	4672	4813	0	0	1	1088M
SRR6960799_k141_106116	SRR6960799_NODE_1503_length_3535_cov_14.919988_g995_i0	6324	0.999	0.000E+00	3533	0	3534	1	3534	3535	3533	0	0	2	3534M
SRR6960551_k141_15714	SRR6960797_NODE_744_length_3575_cov_215.795545_g577_i1	6313	0.994	0.000E+00	0	3572	3574	2	3574	3575	0	3573	0	301	3573M
SRR7976299_k141_14857	SRR7976299_NODE_136_length_3819_cov_6.122531_g105_i0	6800	0.999	0.000E+00	3796	0	3797	2	3798	3819	3796	0	0	1	3797M
SRR7976310_k141_68980	SRR7976310_NODE_1029_length_3822_cov_17.284342_g732_i0	6836	0.999	0.000E+00	0	3821	3822	0	3821	3822	0	3821	0	1	3822M
SRR6960803_k141_17377	SRR7976356_NODE_3509_length_3417_cov_18.290969_g2108_i0	6070	0.996	0.000E+00	3417	1	3418	0	3416	3417	3417	0	0	1	3417M
SRR6960799_k141_118211	SRR6960799_NODE_1313_length_3716_cov_6.175405_g861_i0	6596	0.998	0.000E+00	3690	0	3691	0	3690	3716	3690	0	0	1	3691M
SRR7976357_k141_70866	SRR7976357_NODE_3836_length_3499_cov_8.502919_g2314_i0	6231	0.997	0.000E+00	0	3498	3499	1	3498	3499	0	3498	0	1	55M1I3443M
SRR7976325_k141_22650	SRR7976325_NODE_496_length_3763_cov_7.673171_g326_i0	6743	1.00	0.000E+00	3762	0	3763	0	3762	3763	3762	0	0	1	3763M
SRR7976356_k141_21660	SRR7976357_NODE_3677_length_3577_cov_75.889555_g2212_i0	6406	1.00	0.000E+00	3574	0	3592	0	3574	3577	3591	0	0	1	3575M
SRR7976323_k141_17376	SRR7976323_NODE_3165_length_3386_cov_12.853909_g2294_i0	5958	0.996	0.000E+00	0	3356	3357	8	3364	3386	0	3356	0	1	3357M
SRR7976325_k141_2311	SRR7976325_NODE_493_length_3766_cov_5.842405_g324_i0	6686	0.996	0.000E+00	3765	0	3766	0	3765	3766	3765	0	0	1	3766M
SRR6050738_k141_7191	SRR6050738_NODE_207_length_3545_cov_4.497408_g140_i0	6326	0.998	0.000E+00	0	3544	3545	0	3544	3545	0	3544	0	1	3545M
SRR6960507_k141_38097	SRR6960507_NODE_1261_length_4350_cov_8.692775_g975_i0	7786	0.999	0.000E+00	0	4349	4350	0	4349	4350	0	4349	0	1	4350M
SRR5466725_k141_104948	SRR5466725_NODE_2322_length_3892_cov_27.326002_g1773_i0	6968	0.999	0.000E+00	0	3890	3891	1	3891	3892	0	3890	0	1	3891M
SRR5466729_k141_46725	SRR5466729_NODE_1290_length_3885_cov_23.866474_g988_i0	6944	0.998	0.000E+00	3884	0	3885	0	3884	3885	3884	0	0	1	3885M
SRR5467091_k141_11888	SRR5467091_NODE_1394_length_3708_cov_10.342779_g1075_i0	6631	0.999	0.000E+00	0	3707	3708	0	3707	3708	0	3707	0	1	3708M
SRR6255746_k141_8289	SRR6255746_NODE_1076_length_3546_cov_4.549669_g820_i0	6342	0.999	0.000E+00	3543	0	3544	2	3545	3546	3543	0	0	1	3544M
SRR6960549_k141_11616	SRR7976299_NODE_145_length_3757_cov_371.253257_g111_i0	6639	0.998	0.000E+00	3721	0	3846	31	3752	3757	3845	0	0	1	3722M
SRR6960551_k141_8869	SRR6960797_NODE_682_length_3667_cov_126.231775_g531_i0	6512	0.998	0.000E+00	3736	88	3737	14	3662	3667	3736	0	0	1	3649M
SRR7976300_k141_1325	SRR7976300_NODE_2418_length_3271_cov_5.336148_g1793_i0	5857	0.999	0.000E+00	0	3270	3284	0	3270	3271	0	3283	0	1	3271M
SRR7976310_k141_41231	SRR7976310_NODE_788_length_4253_cov_111.767464_g541_i0	7464	0.998	0.000E+00	107	4286	4322	47	4226	4253	0	4321	0	1	4180M
SRR6960799_k141_94633	SRR6960799_NODE_1065_length_4012_cov_5.383854_g691_i0	7152	0.998	0.000E+00	0	4010	4012	0	4010	4012	0	4011	0	1	4011M
SRR7976357_k141_56411	SRR7976357_NODE_2878_length_4061_cov_9.719910_g1690_i0	7266	0.999	0.000E+00	4059	0	4060	1	4060	4061	4059	0	0	1	4060M
SRR6960802_k141_20594	SRR6960802_NODE_1936_length_3800_cov_16.524282_g1246_i0	6725	1.00	0.000E+00	0	3752	3753	0	3752	3800	0	3752	0	1	3753M
SRR5467139_k141_26183	SRR5467139_NODE_204_length_3784_cov_14.983562_g109_i0	6763	0.998	0.000E+00	0	3783	3784	0	3783	3784	0	3783	0	1	3784M
SRR5466338_k141_3607	SRR6253161_NODE_328_length_6744_cov_56.543697_g206_i0	7175	1.00	0.000E+00	0	4003	4124	14	4017	6744	0	4123	0	1	4004M
SRR5466338_k141_3607	SRR6253161_NODE_466_length_6005_cov_61.818948_g206_i1	7172	0.999	0.000E+00	4004	0	4124	1986	5990	6005	4123	0	0	1	4005M
