SRR6960803_Contig_10357_flow_33.2344_cc_471	SRR6960803_21069	6782	0.994	0.000E+00	3836	0	3837	9	3845	3846	3836	0	0	301	3837M
SRR6960803_Contig_10357_flow_33.2344_cc_471	SRR6960803_1217	6768	0.993	0.000E+00	3836	0	3837	9	3845	3846	3836	0	0	301	3837M
SRR6050738_Contig_49532_flow_26.8085_cc_7285	SRR6050738_1217	6943	0.996	0.000E+00	3911	0	3912	3	3914	3915	3911	0	0	2	3912M
SRR5466727_Contig_11174_flow_109.937_cc_3481	SRR5466727_13751	6757	0.997	0.000E+00	3792	0	3793	0	3792	3824	3792	0	0	1	3793M
SRR5466727_Contig_11174_flow_109.937_cc_3481	SRR5466729_37359	6640	0.995	0.000E+00	3747	0	3793	273	4020	4053	3792	0	0	1	3748M
SRR5466727_Contig_11174_flow_109.937_cc_3481	SRR6255733_27459	5381	0.997	0.000E+00	3019	0	3793	250	3269	3293	3792	0	0	1	3020M
SRR6960551_Contig_1584_flow_333.304_cc_4	SRR6960509_406	6432	0.997	0.000E+00	3614	0	3615	286	3901	3933	3614	0	0	3	62M1D3553M
SRR6960551_Contig_1584_flow_333.304_cc_4	SRR6960509_5300	5238	0.995	0.000E+00	2952	0	3615	718	3670	3702	3614	0	0	3	2953M
SRR6960803_Contig_26665_flow_8.57934_cc_19871	SRR6960803_21575	7490	0.995	0.000E+00	0	4229	4230	37	4266	4267	0	4229	0	2	4230M
SRR6050738_Contig_56137_flow_28.818_cc_26218	SRR6050738_2734	7008	0.994	0.000E+00	3965	0	3966	7	3972	4010	3965	0	0	1	3966M
SRR5466727_Contig_12178_flow_16.2623_cc_4663	SRR5466725_18267	7075	0.998	0.000E+00	0	3957	3958	0	3957	3970	0	3957	0	1	3958M
SRR6960551_Contig_3247_flow_271.264_cc_4	SRR6960551_8874	6021	0.996	0.000E+00	3390	0	3391	27	3418	3467	3390	0	0	1	1301M1D2090M
SRR6960551_Contig_3247_flow_271.264_cc_4	SRR6960551_16410	5613	0.996	0.000E+00	3162	0	3391	1688	4851	4900	3390	0	0	1	1073M1D2090M
SRR6960551_Contig_3247_flow_271.264_cc_4	SRR6960509_44469	3866	0.993	0.000E+00	3390	1198	3391	17	2210	2318	3390	0	0	1	1301M1D892M
SRR6960801_Contig_27450_flow_35.4275_cc_6970	SRR6960801_7959	6561	0.996	0.000E+00	3690	0	3691	0	3690	3731	3690	0	0	3	3691M
SRR5208570_Contig_64288_flow_12.4393_cc_1079	SRR5208570_4885	6221	0.997	0.000E+00	3488	0	3489	0	3488	3509	3488	0	0	1	3489M
SRR6255746_Contig_13079_flow_20.3298_cc_7760	SRR5466725_4802	6892	0.995	0.000E+00	3890	0	3891	1	3891	3892	3890	0	0	301	3891M
SRR7976300_Contig_26435_flow_11.6168_cc_18884	SRR7976300_3740	6028	0.996	0.000E+00	0	3393	3394	0	3393	3394	0	3393	0	1	3394M
SRR7976357_Contig_42347_flow_14.1498_cc_38179	SRR6960803_33052	6636	0.997	0.000E+00	3	3726	3727	0	3724	3735	0	3726	0	1	2059M1D1665M
SRR5466337_Contig_14180_flow_12.143_cc_4223	SRR6253161_17765	7257	0.998	0.000E+00	0	4066	4076	149	4215	4216	0	4075	0	1	4067M
SRR5466337_Contig_14180_flow_12.143_cc_4223	SRR6254353_454	7246	0.996	0.000E+00	0	4075	4076	102	4177	4179	0	4075	0	1	4076M
SRR5466337_Contig_14180_flow_12.143_cc_4223	SRR6255513_419	7230	0.997	0.000E+00	2	4058	4076	56	4112	4114	0	4075	0	1	4057M
SRR5466337_Contig_14180_flow_12.143_cc_4223	SRR6049586_27816	7121	0.997	0.000E+00	0	3993	4076	0	3993	4376	0	4075	0	1	3994M
SRR5466337_Contig_14180_flow_12.143_cc_4223	SRR6253256_44195	6085	0.998	0.000E+00	3	3410	4076	0	3407	5432	0	4075	0	1	3408M
SRR5466337_Contig_14180_flow_12.143_cc_4223	SRR6253256_31052	6069	0.997	0.000E+00	3411	3	4076	2703	6111	6112	4075	0	0	1	3409M
SRR5466337_Contig_14180_flow_12.143_cc_4223	SRR6255520_1701	5275	0.998	0.000E+00	7	2962	4076	0	2955	3195	0	4075	0	1	2956M
SRR5466337_Contig_14180_flow_12.143_cc_4223	SRR5466338_51480	4128	0.994	0.000E+00	0	2333	4076	0	2333	3300	0	4075	0	1	530M2D11M2I1791M
SRR5466337_Contig_14180_flow_12.143_cc_4223	SRR5466338_38512	4123	0.994	0.000E+00	0	2333	4076	0	2333	2699	0	4075	0	1	530M2D11M2I1791M
SRR6255746_Contig_16802_flow_10.6028_cc_12549	SRR6255733_3403	7293	0.995	0.000E+00	0	4116	4120	12	4127	4128	0	4119	0	9	20M1I4096M
SRR7976301_Contig_3223_flow_1152.11_cc_0	SRR7976310_6260	6475	0.998	0.000E+00	3631	0	3632	21	3653	3748	3631	0	0	1	3593M1D39M
SRR7976301_Contig_3223_flow_1152.11_cc_0	SRR5466729_79390	6388	0.992	0.000E+00	3631	0	3632	4	3635	3728	3631	0	0	1	3632M
SRR7976301_Contig_3223_flow_1152.11_cc_0	SRR5466729_569	6383	0.992	0.000E+00	3631	0	3632	4	3635	3728	3631	0	0	1	3632M
SRR7976301_Contig_3223_flow_1152.11_cc_0	SRR5467090_17317	6374	0.992	0.000E+00	3631	0	3632	1239	4869	4939	3631	0	0	1	3321M1I285M1I15M1D9M
SRR7976301_Contig_3223_flow_1152.11_cc_0	SRR5466728_30309	6246	0.994	0.000E+00	3631	94	3632	3	3540	3798	3631	0	0	1	3538M
SRR7976301_Contig_3223_flow_1152.11_cc_0	SRR6254353_138631	5676	0.993	0.000E+00	0	3221	3632	94	3315	3462	0	3631	0	1	3222M
SRR7976301_Contig_3223_flow_1152.11_cc_0	SRR5466723_46502	4686	0.992	0.000E+00	929	3595	3632	1779	4445	4446	0	3631	0	1	2667M
SRR7976357_Contig_62441_flow_9.54255_cc_76202	SRR7976357_54137	6187	0.995	0.000E+00	3494	0	3495	0	3494	3499	3494	0	0	7	3495M
SRR7976357_Contig_62441_flow_9.54255_cc_76202	SRR7976356_53745	6155	0.993	0.000E+00	3492	0	3495	0	3489	3494	3494	0	0	7	20M1I6M2I3464M
SRR7976357_Contig_62441_flow_9.54255_cc_76202	SRR6960803_52938	6035	0.995	0.000E+00	3412	3	3495	147	3556	3557	3494	0	0	7	3410M
SRR7976357_Contig_62441_flow_9.54255_cc_76202	SRR6960803_55383	5018	0.993	0.000E+00	3494	650	3495	0	2844	3185	3494	0	0	7	2845M
SRR5466725_Contig_621_flow_459.667_cc_18	SRR5466729_34920	7125	0.998	0.000E+00	3985	0	3986	1643	5628	5689	3985	0	0	4	3986M
SRR5466725_Contig_621_flow_459.667_cc_18	SRR5466723_43176	6495	0.996	0.000E+00	0	3651	3986	46	3697	6675	0	3985	0	4	3652M
SRR5466725_Contig_621_flow_459.667_cc_18	SRR5466727_46246	6258	0.997	0.000E+00	3518	0	3986	1297	4814	4878	3985	0	0	4	1148M1I2370M
SRR5466725_Contig_621_flow_459.667_cc_18	SRR7976295_7402	5192	0.996	0.000E+00	2921	0	3986	115	3036	3054	3985	0	0	4	2922M
SRR6255746_Contig_19271_flow_57.2813_cc_15836	SRR5466727_46344	6709	0.995	0.000E+00	3788	0	3789	1	3789	3845	3788	0	0	4	3789M
SRR6255746_Contig_19271_flow_57.2813_cc_15836	SRR5466729_78426	5908	0.996	0.000E+00	84	3409	3789	0	3324	3752	0	3788	0	4	225M1I3100M
SRR6255746_Contig_19271_flow_57.2813_cc_15836	SRR5466729_97289	4686	0.993	0.000E+00	1132	3788	3789	67	2723	2725	0	3788	0	4	2657M
SRR6255746_Contig_19271_flow_57.2813_cc_15836	SRR5466723_49036	4135	0.997	0.000E+00	1467	3788	3789	263	2584	2588	0	3788	0	4	2322M
SRR6255746_Contig_19271_flow_57.2813_cc_15836	SRR5466725_58599	4069	0.995	0.000E+00	1491	3788	3789	33	2330	2332	0	3788	0	4	2298M
SRR7976301_Contig_23148_flow_11.8085_cc_6543	SRR7976301_7252	7103	0.997	0.000E+00	0	3983	3984	0	3983	4002	0	3983	0	5	3984M
SRR6253161_Contig_43319_flow_42.7654_cc_38360	SRR6254353_3430	6418	0.996	0.000E+00	3608	0	3609	6	3614	3615	3608	0	0	301	3609M
SRR6253161_Contig_43319_flow_42.7654_cc_38360	SRR6255513_584	6166	0.997	0.000E+00	3466	6	3609	793	4253	4254	3608	0	0	301	3461M
SRR6253161_Contig_43319_flow_42.7654_cc_38360	SRR6255513_12088	6149	0.996	0.000E+00	3466	6	3609	553	4013	4014	3608	0	0	301	3461M
SRR6253161_Contig_43319_flow_42.7654_cc_38360	SRR5466369_2367	4987	0.996	0.000E+00	3588	784	3609	0	2804	2994	3608	0	0	301	2805M
SRR6253161_Contig_43319_flow_42.7654_cc_38360	SRR6254984_61753	4855	0.995	0.000E+00	2744	6	3609	144	2882	2883	3608	0	0	301	2739M
SRR6253161_Contig_43319_flow_42.7654_cc_38360	SRR5466337_123908	4427	0.997	0.000E+00	3608	1124	3609	6	2490	2847	3608	0	0	301	2485M
SRR6960797_Contig_32509_flow_20.4842_cc_2737	SRR6960509_18804	6817	0.997	0.000E+00	0	3823	3824	3	3826	3827	0	3823	0	6	3824M
SRR6960799_Contig_34872_flow_67.1986_cc_12767	SRR6960799_16015	6261	0.997	0.000E+00	3518	0	3519	0	3518	3560	3518	0	0	1	3519M
SRR6960799_Contig_34872_flow_67.1986_cc_12767	SRR6960799_105943	6234	0.995	0.000E+00	0	3518	3519	41	3559	3560	0	3518	0	1	3519M
SRR6960799_Contig_34872_flow_67.1986_cc_12767	SRR6960799_110564	6167	0.991	0.000E+00	3518	0	3519	0	3518	3560	3518	0	0	1	3519M
SRR6960799_Contig_34872_flow_67.1986_cc_12767	SRR7976326_34235	5271	0.997	0.000E+00	3513	558	3519	0	2955	3623	3518	0	0	1	2956M
SRR5466338_Contig_56479_flow_6.84616_cc_106112	SRR5466365_29949	8418	0.999	0.000E+00	4704	0	4705	0	4704	4790	4704	0	0	4	4705M
SRR5466338_Contig_56479_flow_6.84616_cc_106112	SRR5466365_20039	7197	1.00	0.000E+00	4704	689	4705	0	4015	4837	4704	0	0	4	4016M
SRR5466338_Contig_56479_flow_6.84616_cc_106112	SRR5466365_89745	7185	0.999	0.000E+00	688	4704	4705	3152	7168	7169	0	4704	0	4	4017M
SRR6254893_Contig_10804_flow_10.6941_cc_4348	SRR5466337_122823	7226	0.996	0.000E+00	4075	10	4076	9	4075	4090	4075	0	0	3	2560M1D1506M
SRR6254893_Contig_10804_flow_10.6941_cc_4348	SRR6254984_15616	7174	0.993	0.000E+00	4075	10	4076	6	4071	4072	4075	0	0	3	4066M
SRR6254893_Contig_10804_flow_10.6941_cc_4348	SRR5466338_107184	4484	0.999	0.000E+00	4075	1569	4076	6	2512	3746	4075	0	0	3	2507M
SRR6960797_Contig_37671_flow_19.7559_cc_5084	SRR6960797_9810	6468	0.996	0.000E+00	0	3636	3637	0	3636	3637	0	3636	0	3	3637M
SRR6960799_Contig_38573_flow_17.6483_cc_18487	SRR6960799_46425	6810	0.997	0.000E+00	3824	0	3825	0	3824	3825	3824	0	0	1	3825M
SRR5466364_Contig_20257_flow_22.3001_cc_8880	SRR6254353_47026	7150	0.999	0.000E+00	3999	0	4001	0	3999	4047	4000	0	0	1	4000M
SRR5466364_Contig_20257_flow_22.3001_cc_8880	SRR5466366_36057	6796	0.998	0.000E+00	3877	68	4001	1762	5571	5572	4000	0	0	1	3810M
SRR5466364_Contig_20257_flow_22.3001_cc_8880	SRR5467090_73887	6272	0.998	0.000E+00	4000	486	4001	0	3514	3748	4000	0	0	1	3515M
SRR5466364_Contig_20257_flow_22.3001_cc_8880	SRR6255402_19394	5876	0.996	0.000E+00	3351	43	4001	7950	11258	11259	4000	0	0	1	3309M
SRR5466364_Contig_20257_flow_22.3001_cc_8880	SRR6253161_18205	5399	0.998	0.000E+00	4000	976	4001	0	3024	3077	4000	0	0	1	3025M
SRR6255521_Contig_12420_flow_62.6365_cc_9633	SRR5466337_16732	5891	0.994	0.000E+00	3333	0	3340	0	3335	3870	3339	0	0	5	57M1D29M1D3248M
SRR6255521_Contig_12420_flow_62.6365_cc_9633	SRR6255513_2407	5682	0.995	0.000E+00	3224	17	3340	49	3256	3258	3339	0	0	5	3208M
SRR6255521_Contig_12420_flow_62.6365_cc_9633	SRR5466369_149769	5212	0.993	0.000E+00	3332	376	3340	0	2957	3265	3339	0	0	5	56M1D2901M
SRR6255521_Contig_12420_flow_62.6365_cc_9633	SRR5466365_53362	5170	0.997	0.000E+00	2904	0	3340	431	3335	3337	3339	0	0	5	2905M
SRR6255521_Contig_12420_flow_62.6365_cc_9633	SRR6255520_39666	4852	0.996	0.000E+00	0	2729	3340	6	2735	3594	0	3339	0	5	2730M
SRR6255521_Contig_12420_flow_62.6365_cc_9633	SRR5466365_8620	4797	0.995	0.000E+00	2703	0	3340	814	3517	3519	3339	0	0	5	2704M
SRR6255521_Contig_12420_flow_62.6365_cc_9633	SRR6254351_9283	4705	0.997	0.000E+00	2642	0	3340	51	2693	2700	3339	0	0	5	2643M
SRR6255521_Contig_12420_flow_62.6365_cc_9633	SRR6253579_53359	4543	0.994	0.000E+00	2569	0	3340	110	2679	2680	3339	0	0	5	2570M
SRR6255521_Contig_12420_flow_62.6365_cc_9633	SRR5466338_2400	4326	0.993	0.000E+00	878	3334	3340	3108	5565	5566	0	3339	0	5	2397M1D60M
SRR6255521_Contig_12420_flow_62.6365_cc_9633	SRR5466365_107720	3744	0.990	0.000E+00	3332	1192	3340	0	2142	2185	3339	0	0	5	56M1D29M1D2056M
SRR6255521_Contig_12420_flow_62.6365_cc_9633	SRR5466369_85790	3578	0.993	0.000E+00	3332	1301	3340	0	2032	2069	3339	0	0	5	56M1D1976M
SRR6255521_Contig_12420_flow_62.6365_cc_9633	SRR5466337_167768	3357	0.992	0.000E+00	1425	3333	3340	284	2193	2194	0	3339	0	5	1850M1D59M
SRR5466727_Contig_14957_flow_19.4836_cc_7615	SRR5466725_1417	6644	0.996	0.000E+00	0	3739	3740	25	3764	3765	0	3739	0	301	3740M
SRR5466727_Contig_14957_flow_19.4836_cc_7615	SRR5467091_7569	6535	0.991	0.000E+00	0	3726	3740	4	3730	3731	0	3739	0	301	3727M
SRR5466727_Contig_14957_flow_19.4836_cc_7615	SRR5466723_15886	6503	0.996	0.000E+00	3706	48	3740	367	4025	4026	3739	0	0	301	3659M
SRR6960551_Contig_4462_flow_931.254_cc_4	SRR6960551_105002	6498	0.995	0.000E+00	0	3667	3668	34	3700	3704	0	3667	0	3	3406M1I261M
SRR6960551_Contig_4462_flow_931.254_cc_4	SRR6960509_2388	6492	0.995	0.000E+00	3667	0	3668	4	3671	3710	3667	0	0	3	3668M
SRR6960551_Contig_4462_flow_931.254_cc_4	SRR6960509_43685	6475	0.994	0.000E+00	3667	0	3668	4	3671	3710	3667	0	0	3	3668M
SRR6960551_Contig_4462_flow_931.254_cc_4	SRR6960509_178499	6383	0.992	0.000E+00	0	3626	3668	38	3664	3729	0	3667	0	3	3627M
SRR6960551_Contig_4462_flow_931.254_cc_4	SRR6960797_54748	6075	0.994	0.000E+00	3667	228	3668	3	3442	6106	3667	0	0	3	3440M
SRR6960799_Contig_842_flow_375.948_cc_3	SRR6960799_91912	8201	0.997	0.000E+00	4608	0	4609	33	4641	4700	4608	0	0	5	4609M
SRR6960799_Contig_842_flow_375.948_cc_3	SRR6960799_108349	8080	0.991	0.000E+00	4608	0	4609	33	4641	4700	4608	0	0	5	4609M
SRR6960799_Contig_842_flow_375.948_cc_3	SRR7976326_31434	6755	0.997	0.000E+00	4608	812	4609	10	3806	7316	4608	0	0	5	3797M
SRR6960799_Contig_842_flow_375.948_cc_3	SRR7976326_22466	6733	0.995	0.000E+00	4608	812	4609	10	3806	7500	4608	0	0	5	3797M
SRR6960799_Contig_842_flow_375.948_cc_3	SRR7976326_46491	6441	0.996	0.000E+00	0	3623	4609	7	3630	3777	0	4608	0	5	3624M
SRR6960799_Contig_842_flow_375.948_cc_3	SRR7976326_37097	4846	0.996	0.000E+00	895	3623	4609	1316	4044	4191	0	4608	0	5	2729M
SRR5208570_Contig_66939_flow_76.6449_cc_4258	SRR5208570_12878	7017	0.994	0.000E+00	3970	0	3971	85	4055	4058	3970	0	0	6	3971M
SRR5208570_Contig_66939_flow_76.6449_cc_4258	SRR5208570_32911	6991	0.992	0.000E+00	3970	0	3971	85	4055	4058	3970	0	0	6	3971M
SRR5208570_Contig_66939_flow_76.6449_cc_4258	SRR5208570_30097	6977	0.992	0.000E+00	3970	0	3971	85	4055	4058	3970	0	0	6	3971M
SRR5208570_Contig_66939_flow_76.6449_cc_4258	SRR5208570_37439	6977	0.992	0.000E+00	3970	0	3971	85	4055	4058	3970	0	0	6	3971M
SRR5208570_Contig_66939_flow_76.6449_cc_4258	SRR5208570_20774	6964	0.991	0.000E+00	3970	0	3971	85	4055	4058	3970	0	0	6	3971M
SRR5208570_Contig_66939_flow_76.6449_cc_4258	SRR5467137_43068	6933	0.994	0.000E+00	1	3919	3971	0	3918	3919	0	3970	0	6	3919M
SRR5208570_Contig_66939_flow_76.6449_cc_4258	SRR6050483_5841	6917	0.994	0.000E+00	3914	0	3971	0	3914	3925	3970	0	0	6	3915M
SRR5208570_Contig_66939_flow_76.6449_cc_4258	SRR5208575_32478	6905	0.993	0.000E+00	0	3912	3971	12	3924	3925	0	3970	0	6	3913M
SRR5208570_Contig_66939_flow_76.6449_cc_4258	SRR5208575_2846	6888	0.992	0.000E+00	3913	0	3971	0	3913	3926	3970	0	0	6	3914M
SRR5208570_Contig_66939_flow_76.6449_cc_4258	SRR6050528_16443	6877	0.991	0.000E+00	3920	1	3971	0	3919	3920	3970	0	0	6	3920M
SRR5208570_Contig_66939_flow_76.6449_cc_4258	SRR5208573_6713	6876	0.991	0.000E+00	3917	1	3971	0	3916	3917	3970	0	0	6	3917M
SRR5208570_Contig_66939_flow_76.6449_cc_4258	SRR5467139_6095	6683	0.990	0.000E+00	3920	103	3971	0	3818	3819	3970	0	0	6	3787M1D31M
SRR5466727_Contig_15566_flow_42.6319_cc_8189	SRR5466725_99877	6882	0.996	0.000E+00	0	3872	3873	13	3885	3892	0	3872	0	12	3873M
SRR6960551_Contig_41441_flow_24.4798_cc_7650	SRR6960551_1478	6213	0.998	0.000E+00	3481	0	3482	0	3481	3482	3481	0	0	1	3482M
SRR6960799_Contig_2261_flow_494.71_cc_3	SRR6960799_17157	6864	0.995	0.000E+00	3873	0	3874	9	3883	3913	3873	0	0	1	1774M1D2100M
SRR5208570_Contig_69035_flow_28.5729_cc_6946	SRR6050716_17450	6103	0.995	0.000E+00	3448	0	3449	0	3449	3507	3448	0	0	1	1230M1D2219M
SRR5466727_Contig_18069_flow_200.651_cc_11251	SRR6255733_999	6669	0.998	0.000E+00	3738	0	3744	82	3820	3833	3743	0	0	1	3739M
SRR5466727_Contig_18069_flow_200.651_cc_11251	SRR5466723_8628	5703	0.995	0.000E+00	3742	528	3744	0	3214	3273	3743	0	0	1	3215M
SRR6960551_Contig_54720_flow_40.6655_cc_28388	SRR6960551_4850	6409	0.998	0.000E+00	3588	0	3589	0	3588	3589	3588	0	0	2	3589M
SRR7976323_Contig_427_flow_758.863_cc_2	SRR7976323_10464	6654	0.995	0.000E+00	3757	0	3758	7	3764	3852	3757	0	0	301	3758M
SRR7976323_Contig_427_flow_758.863_cc_2	SRR7976323_111819	6630	0.997	0.000E+00	3720	0	3758	697	4418	4506	3757	0	0	301	7M1D3714M
SRR7976323_Contig_427_flow_758.863_cc_2	SRR7976323_39718	4475	0.995	0.000E+00	3720	1193	3758	697	3225	3416	3757	0	0	301	7M1D2521M
SRR5466725_Contig_20715_flow_69.2444_cc_14841	SRR5466727_57360	6066	0.996	0.000E+00	3414	0	3415	0	3414	3445	3414	0	0	3	3415M
SRR5466725_Contig_20715_flow_69.2444_cc_14841	SRR5466727_9585	5999	0.992	0.000E+00	3414	0	3415	0	3414	3445	3414	0	0	3	3415M
SRR5466725_Contig_20715_flow_69.2444_cc_14841	SRR6255733_37880	3687	0.995	0.000E+00	3414	1333	3415	0	2081	5065	3414	0	0	3	2082M
SRR6255746_Contig_19573_flow_18.0348_cc_16289	SRR5466364_3141	7809	0.998	0.000E+00	0	4372	4373	1	4373	4377	0	4372	0	3	4373M
SRR6255746_Contig_19573_flow_18.0348_cc_16289	SRR5466366_26413	7049	0.998	0.000E+00	4300	355	4373	0	3945	4037	4372	0	0	3	3946M
SRR6255746_Contig_19573_flow_18.0348_cc_16289	SRR5466366_92531	6126	0.996	0.000E+00	354	3799	4373	408	3853	3854	0	4372	0	3	3446M
SRR6255746_Contig_19573_flow_18.0348_cc_16289	SRR6255733_40334	5945	0.996	0.000E+00	1011	4356	4373	118	3464	3465	0	4372	0	3	2566M1D780M
SRR6255746_Contig_19573_flow_18.0348_cc_16289	SRR5466364_9729	5590	0.997	0.000E+00	1231	4372	4373	416	3557	3561	0	4372	0	3	3142M
SRR6255746_Contig_19573_flow_18.0348_cc_16289	SRR6253161_95603	5384	0.995	0.000E+00	424	3460	4373	271	3307	3311	0	4372	0	3	3037M
SRR6255746_Contig_19573_flow_18.0348_cc_16289	SRR5466338_36649	5194	0.998	0.000E+00	1461	4368	4373	84	2991	2992	0	4372	0	3	2908M
SRR7976310_Contig_502_flow_818.514_cc_8	SRR7976310_54696	5946	0.997	0.000E+00	4172	830	4173	4	3346	3465	4172	0	0	7	3343M
SRR7976323_Contig_812_flow_286.642_cc_2	SRR7976324_64106	6956	0.996	0.000E+00	3990	75	3991	11	3925	5491	3990	0	0	1	1538M1I2377M
SRR5466725_Contig_20959_flow_94.8114_cc_15053	SRR5466725_1335	7789	0.998	0.000E+00	4358	0	4359	0	4358	4359	4358	0	0	1	4359M
SRR5466725_Contig_20959_flow_94.8114_cc_15053	SRR5466729_24838	7653	0.996	0.000E+00	4358	50	4359	1810	6118	6119	4358	0	0	1	2769M1I16M1D1523M
SRR6255746_Contig_22366_flow_18.4767_cc_20317	SRR5467091_5693	7179	0.996	0.000E+00	4040	0	4041	0	4040	4113	4040	0	0	2	4041M
SRR6255746_Contig_22366_flow_18.4767_cc_20317	SRR5466723_11500	6476	0.996	0.000E+00	4040	397	4041	1	3644	4953	4040	0	0	2	3644M
SRR6255746_Contig_22366_flow_18.4767_cc_20317	SRR5466725_131019	4980	0.997	0.000E+00	0	2798	4041	67	2865	3312	0	4040	0	2	2799M
SRR7976310_Contig_1999_flow_262.912_cc_8	SRR5466725_26461	7148	0.995	0.000E+00	4038	0	4039	6	4044	4095	4038	0	0	3	4039M
SRR7976310_Contig_1999_flow_262.912_cc_8	SRR7976310_27580	7146	0.996	0.000E+00	4038	19	4039	6	4025	4122	4038	0	0	3	4020M
SRR7976310_Contig_1999_flow_262.912_cc_8	SRR5466725_61062	7144	0.994	0.000E+00	4038	0	4039	6	4044	4095	4038	0	0	3	4039M
SRR7976310_Contig_1999_flow_262.912_cc_8	SRR5466729_86292	7105	0.992	0.000E+00	4038	0	4039	5	4041	4084	4038	0	0	3	1509M2I2528M
SRR7976310_Contig_1999_flow_262.912_cc_8	SRR5466727_25224	6965	0.993	0.000E+00	3953	0	4039	108	4061	4112	4038	0	0	3	3954M
SRR7976310_Contig_1999_flow_262.912_cc_8	SRR5466729_121629	5354	0.992	0.000E+00	994	4038	4039	2194	5238	5244	0	4038	0	3	3045M
SRR7976310_Contig_1999_flow_262.912_cc_8	SRR5466723_24831	4776	0.991	0.000E+00	4038	1314	4039	5	2729	2961	4038	0	0	3	2725M
SRR7976310_Contig_1999_flow_262.912_cc_8	SRR5466729_107208	4736	0.993	0.000E+00	1350	4038	4039	95	2781	2787	0	4038	0	3	1176M2I1511M
SRR7976310_Contig_1999_flow_262.912_cc_8	SRR6255733_36021	4640	0.991	0.000E+00	4038	1392	4039	6	2652	7773	4038	0	0	3	532M1D7M1I2107M
SRR7976310_Contig_1999_flow_262.912_cc_8	SRR5466723_32223	4450	0.994	0.000E+00	3469	950	4039	272	2790	2791	4038	0	0	3	2487M1I32M
SRR7976326_Contig_23726_flow_13.4146_cc_1514	SRR7976325_4896	7138	0.996	0.000E+00	0	4015	4016	2	4017	4026	0	4015	0	10	4016M
SRR7976326_Contig_23726_flow_13.4146_cc_1514	SRR7976325_58044	6621	0.996	0.000E+00	0	3726	4016	2	3728	5589	0	4015	0	10	3727M
SRR7976326_Contig_23726_flow_13.4146_cc_1514	SRR7976325_97259	5235	0.995	0.000E+00	2955	0	4016	525	3480	3483	4015	0	0	10	2956M
SRR5466725_Contig_27483_flow_67.0361_cc_22540	SRR5466727_29990	7534	0.997	0.000E+00	4227	0	4228	88	4316	4318	4227	0	0	3	560M1D3668M
SRR5466725_Contig_27483_flow_67.0361_cc_22540	SRR6255733_55410	7449	0.996	0.000E+00	29	4225	4228	54	4250	4251	0	4227	0	3	4197M
SRR6050738_Contig_45043_flow_34.967_cc_1427	SRR7473382_9107	7156	0.995	0.000E+00	3	4038	4039	0	4035	4042	0	4038	0	301	4036M
SRR6050738_Contig_45043_flow_34.967_cc_1427	SRR5467140_9663	7146	0.995	0.000E+00	3	4037	4039	0	4034	4048	0	4038	0	301	4035M
SRR6050738_Contig_45043_flow_34.967_cc_1427	SRR5467139_1648	7131	0.994	0.000E+00	2	4038	4039	0	4036	4038	0	4038	0	301	4037M
SRR6050738_Contig_45043_flow_34.967_cc_1427	SRR6050738_9178	7117	0.993	0.000E+00	0	4038	4039	0	4038	4040	0	4038	0	301	4039M
SRR6050738_Contig_45043_flow_34.967_cc_1427	SRR6050738_7288	7072	0.990	0.000E+00	0	4038	4039	0	4038	4040	0	4038	0	301	4039M
SRR6050738_Contig_45043_flow_34.967_cc_1427	SRR5208575_11995	7043	0.992	0.000E+00	3	4012	4039	0	4009	4010	0	4038	0	301	4010M
SRR6050738_Contig_45043_flow_34.967_cc_1427	SRR5467139_15471	5980	0.991	0.000E+00	2	3408	4039	0	3401	3402	0	4038	0	301	2540M5I862M
SRR5466727_Contig_762_flow_746.157_cc_10	SRR6255746_9038	8447	0.998	0.000E+00	4728	0	4729	7	4735	4807	4728	0	0	7	4729M
SRR5466727_Contig_762_flow_746.157_cc_10	SRR6255733_43295	8060	0.998	0.000E+00	4517	0	4729	865	5382	5448	4728	0	0	7	4518M
SRR5466727_Contig_762_flow_746.157_cc_10	SRR6255733_7043	8042	0.997	0.000E+00	4517	0	4729	5288	9805	9871	4728	0	0	7	4518M
SRR5466727_Contig_762_flow_746.157_cc_10	SRR5466729_82370	7862	0.997	0.000E+00	4409	0	4729	4744	9153	9221	4728	0	0	7	4410M
SRR5466727_Contig_762_flow_746.157_cc_10	SRR5466723_2413	7790	0.997	0.000E+00	4728	352	4729	7	4383	5034	4728	0	0	7	4377M
SRR6960550_Contig_6123_flow_91.6773_cc_689	SRR7976310_69604	6779	0.997	0.000E+00	3817	10	3818	1621	5428	5441	3817	0	0	5	3808M
SRR6960550_Contig_6123_flow_91.6773_cc_689	SRR7976310_12039	6770	0.996	0.000E+00	3817	10	3818	1843	5650	5663	3817	0	0	5	3808M
SRR6960550_Contig_6123_flow_91.6773_cc_689	SRR7976310_73064	6770	0.996	0.000E+00	3817	10	3818	3882	7689	7702	3817	0	0	5	3808M
SRR6960550_Contig_6123_flow_91.6773_cc_689	SRR7976310_46044	6766	0.996	0.000E+00	3817	10	3818	483	4290	4303	3817	0	0	5	3808M
SRR6960550_Contig_6123_flow_91.6773_cc_689	SRR7976310_76125	6766	0.996	0.000E+00	3817	10	3818	723	4530	4543	3817	0	0	5	3808M
SRR6960550_Contig_6123_flow_91.6773_cc_689	SRR7976310_55662	6757	0.996	0.000E+00	3817	10	3818	760	4567	4580	3817	0	0	5	3808M
SRR6960550_Contig_6123_flow_91.6773_cc_689	SRR7976301_102122	5341	0.996	0.000E+00	810	3817	3818	770	3777	3786	0	3817	0	5	3008M
SRR7976357_Contig_1262_flow_437.773_cc_3	SRR7976357_28195	6122	0.995	0.000E+00	3459	0	3460	9	3469	3534	3459	0	0	301	1902M1D9M1I1343M1D205M
SRR7976357_Contig_1262_flow_437.773_cc_3	SRR7976356_155838	5233	0.994	0.000E+00	0	2959	3460	60	3019	4285	0	3459	0	301	2960M
SRR5466366_Contig_29677_flow_33.2729_cc_39509	SRR6253256_20785	6812	0.994	0.000E+00	3853	0	3854	6248	10101	10133	3853	0	0	2	3854M
SRR5466366_Contig_29677_flow_33.2729_cc_39509	SRR6254893_6179	6808	0.994	0.000E+00	3853	0	3854	110	3963	3966	3853	0	0	2	3854M
SRR5466366_Contig_29677_flow_33.2729_cc_39509	SRR6253256_32088	6808	0.994	0.000E+00	3853	0	3854	209	4062	4094	3853	0	0	2	3854M
SRR5466366_Contig_29677_flow_33.2729_cc_39509	SRR5466369_46303	6803	0.994	0.000E+00	3853	0	3854	609	4462	4491	3853	0	0	2	3854M
SRR5466366_Contig_29677_flow_33.2729_cc_39509	SRR5466369_18562	6803	0.994	0.000E+00	3853	0	3854	1485	5338	5367	3853	0	0	2	3854M
SRR5466366_Contig_29677_flow_33.2729_cc_39509	SRR6254351_18855	6785	0.994	0.000E+00	3843	0	3854	676	4519	4550	3853	0	0	2	3844M
SRR5466366_Contig_29677_flow_33.2729_cc_39509	SRR6254353_12286	6781	0.992	0.000E+00	3853	0	3854	26	3879	3900	3853	0	0	2	3854M
SRR5466366_Contig_29677_flow_33.2729_cc_39509	SRR6255402_39932	6772	0.992	0.000E+00	3853	0	3854	43	3896	3928	3853	0	0	2	3854M
SRR5466366_Contig_29677_flow_33.2729_cc_39509	SRR5466369_56017	6763	0.992	0.000E+00	3843	0	3854	151	3994	4023	3853	0	0	2	3844M
SRR5466366_Contig_29677_flow_33.2729_cc_39509	SRR5466369_199727	6748	0.991	0.000E+00	0	3842	3854	28	3870	6916	0	3853	0	2	3843M
SRR5466366_Contig_29677_flow_33.2729_cc_39509	SRR5466365_29924	6639	0.991	0.000E+00	3789	0	3854	47	3836	3868	3853	0	0	2	3790M
SRR5466366_Contig_29677_flow_33.2729_cc_39509	SRR5466366_95078	6510	0.994	0.000E+00	3687	0	3854	70	3757	3791	3853	0	0	2	3688M
SRR5466366_Contig_29677_flow_33.2729_cc_39509	SRR6254353_106411	6486	0.993	0.000E+00	3681	0	3854	8531	12212	12233	3853	0	0	2	3682M
SRR5466366_Contig_29677_flow_33.2729_cc_39509	SRR6254353_87994	6474	0.992	0.000E+00	3681	0	3854	2852	6532	6548	3853	0	0	2	2956M1I725M
SRR5466366_Contig_29677_flow_33.2729_cc_39509	SRR5466365_133192	6447	0.991	0.000E+00	3853	179	3854	2	3676	4137	3853	0	0	2	3675M
SRR5466366_Contig_29677_flow_33.2729_cc_39509	SRR5466365_60563	6337	0.991	0.000E+00	3789	179	3854	47	3657	4118	3853	0	0	2	3611M
SRR5466366_Contig_29677_flow_33.2729_cc_39509	SRR5466365_110030	5621	0.993	0.000E+00	3853	665	3854	2	3190	3509	3853	0	0	2	3189M
SRR5466366_Contig_29677_flow_33.2729_cc_39509	SRR5466337_83468	5521	0.995	0.000E+00	736	3853	3854	3015	6132	6137	0	3853	0	2	3118M
SRR5466366_Contig_29677_flow_33.2729_cc_39509	SRR5466365_130185	5511	0.993	0.000E+00	3789	665	3854	47	3171	3787	3853	0	0	2	3125M
SRR5466366_Contig_29677_flow_33.2729_cc_39509	SRR5466337_32218	5507	0.994	0.000E+00	736	3853	3854	2773	5890	6032	0	3853	0	2	3118M
SRR5466366_Contig_29677_flow_33.2729_cc_39509	SRR5466337_23749	5501	0.993	0.000E+00	3853	737	3854	4	3120	4986	3853	0	0	2	3117M
SRR5466366_Contig_29677_flow_33.2729_cc_39509	SRR5466364_57142	5340	0.993	0.000E+00	3853	827	3854	4	3030	3557	3853	0	0	2	3027M
SRR5466366_Contig_29677_flow_33.2729_cc_39509	SRR5466365_83059	4678	0.993	0.000E+00	3853	1204	3854	2	2651	2835	3853	0	0	2	2650M
SRR6255521_Contig_21550_flow_18.1775_cc_27012	SRR6254893_8480	7594	0.998	0.000E+00	4252	0	4253	380	4632	4665	4252	0	0	23	4253M
SRR6255521_Contig_21550_flow_18.1775_cc_27012	SRR6254893_3141	7585	0.998	0.000E+00	4252	0	4253	3132	7384	7417	4252	0	0	23	4253M
SRR6255521_Contig_21550_flow_18.1775_cc_27012	SRR6255402_8509	7575	0.997	0.000E+00	4252	0	4253	283	4536	4582	4252	0	0	23	2354M1D1899M
SRR6255521_Contig_21550_flow_18.1775_cc_27012	SRR5466338_136552	7561	0.996	0.000E+00	0	4252	4253	34	4287	4474	0	4252	0	23	388M1D3865M
SRR6255521_Contig_21550_flow_18.1775_cc_27012	SRR5466338_52360	7552	0.996	0.000E+00	4252	0	4253	117	4370	4405	4252	0	0	23	3859M1D394M
SRR6255521_Contig_21550_flow_18.1775_cc_27012	SRR5467091_71856	7358	0.997	0.000E+00	4252	117	4253	3	4138	4831	4252	0	0	23	4136M
SRR6255521_Contig_21550_flow_18.1775_cc_27012	SRR5466338_58672	7249	0.997	0.000E+00	4252	183	4253	114	4183	7103	4252	0	0	23	4070M
SRR6255521_Contig_21550_flow_18.1775_cc_27012	SRR5466338_97512	7249	0.997	0.000E+00	4252	183	4253	186	4255	7175	4252	0	0	23	4070M
SRR6255521_Contig_21550_flow_18.1775_cc_27012	SRR5467090_82971	7135	0.995	0.000E+00	4023	0	4253	1990	6013	6073	4252	0	0	23	4024M
SRR6255521_Contig_21550_flow_18.1775_cc_27012	SRR6049586_62904	6917	0.997	0.000E+00	3879	0	4253	611	4490	4525	4252	0	0	23	3880M
SRR6255521_Contig_21550_flow_18.1775_cc_27012	SRR5466369_10266	6604	0.995	0.000E+00	3722	0	4253	245	3967	3983	4252	0	0	23	3723M
SRR6255521_Contig_21550_flow_18.1775_cc_27012	SRR6254353_46245	6187	0.997	0.000E+00	4252	783	4253	3	3472	4224	4252	0	0	23	3470M
SRR6255521_Contig_21550_flow_18.1775_cc_27012	SRR5466365_117087	5472	0.997	0.000E+00	4252	1182	4253	2	3072	3122	4252	0	0	23	3071M
SRR6960797_Contig_48008_flow_49.5806_cc_12298	SRR6960551_7492	6186	0.993	0.000E+00	0	3511	3512	0	3511	3526	0	3511	0	13	3512M
SRR6960797_Contig_48008_flow_49.5806_cc_12298	SRR6960551_4572	6177	0.992	0.000E+00	0	3511	3512	0	3511	3526	0	3511	0	13	3512M
SRR6960797_Contig_48008_flow_49.5806_cc_12298	SRR6960551_114641	6155	0.991	0.000E+00	3511	0	3512	14	3525	3526	3511	0	0	13	3512M
SRR7976357_Contig_2127_flow_231.782_cc_3	SRR7976356_21509	6608	0.998	0.000E+00	3704	0	3705	69	3773	3807	3704	0	0	3	3705M
SRR5466369_Contig_38096_flow_20.8604_cc_58040	SRR5466365_20927	6110	0.996	0.000E+00	3436	0	3437	3	3439	3504	3436	0	0	1	3437M
SRR5466369_Contig_38096_flow_20.8604_cc_58040	SRR5466338_5718	6086	0.996	0.000E+00	3436	11	3437	329	3754	4103	3436	0	0	1	3426M
SRR5466369_Contig_38096_flow_20.8604_cc_58040	SRR5466338_17239	6044	0.993	0.000E+00	3436	12	3437	5	3429	3895	3436	0	0	1	3425M
SRR5466369_Contig_38096_flow_20.8604_cc_58040	SRR5466338_180032	4587	0.994	0.000E+00	845	3436	3437	364	2955	2961	0	3436	0	1	2592M
SRR5466369_Contig_38096_flow_20.8604_cc_58040	SRR6049586_96321	3808	0.998	0.000E+00	1305	3436	3437	1115	3246	3257	0	3436	0	1	2132M
SRR6255746_Contig_6173_flow_43.9739_cc_671	SRR5466729_2100	6355	0.996	0.000E+00	3579	0	3580	1	3581	3582	3579	0	0	5	1333M1D2247M
SRR6255746_Contig_6173_flow_43.9739_cc_671	SRR5466727_99084	6214	0.996	0.000E+00	1	3500	3580	0	3499	3569	0	3579	0	5	3500M
SRR7976299_Contig_291_flow_509.069_cc_0	SRR7976299_21482	6625	0.997	0.000E+00	3716	0	3717	0	3716	3757	3716	0	0	2	3717M
SRR7976299_Contig_291_flow_509.069_cc_0	SRR7976299_1058	6621	0.997	0.000E+00	3716	0	3717	0	3716	4006	3716	0	0	2	3717M
SRR7976299_Contig_291_flow_509.069_cc_0	SRR6960540_2834	5177	0.998	0.000E+00	3712	815	3717	0	2899	4005	3716	0	0	2	2889M2D9M
SRR7976299_Contig_291_flow_509.069_cc_0	SRR7976299_25160	4455	0.998	0.000E+00	3716	1221	3717	0	2495	4097	3716	0	0	2	2496M
SRR7976357_Contig_21124_flow_19.6455_cc_7787	SRR7976356_4444	6845	0.997	0.000E+00	3841	0	3842	10	3851	3852	3841	0	0	4	3842M
SRR7976357_Contig_21124_flow_19.6455_cc_7787	SRR7976356_68840	5069	0.998	0.000E+00	1001	3841	3842	504	3344	3355	0	3841	0	4	2841M
SRR7976357_Contig_21124_flow_19.6455_cc_7787	SRR7976356_164210	5060	0.997	0.000E+00	1001	3841	3842	2471	5311	5322	0	3841	0	4	2841M
SRR7976357_Contig_21124_flow_19.6455_cc_7787	SRR7976356_65500	5054	0.997	0.000E+00	3841	1002	3842	10	2849	3395	3841	0	0	4	2840M
SRR7976357_Contig_21124_flow_19.6455_cc_7787	SRR7976356_183930	5042	0.996	0.000E+00	1001	3841	3842	1101	3941	3952	0	3841	0	4	2841M
SRR5466369_Contig_66784_flow_12.6268_cc_128792	SRR5466369_8308	6662	0.999	0.000E+00	3724	0	3725	0	3724	3725	3724	0	0	5	3725M
SRR5466369_Contig_66784_flow_12.6268_cc_128792	SRR5466364_10037	5563	0.999	0.000E+00	3723	615	3725	0	3108	4258	3724	0	0	5	3109M
SRR5466369_Contig_66784_flow_12.6268_cc_128792	SRR6255513_35057	3685	0.997	0.000E+00	3721	1648	3725	0	2073	2378	3724	0	0	5	422M1D8M1I1643M
SRR7976325_Contig_30427_flow_18.9611_cc_15859	SRR6960799_12995	7695	0.998	0.000E+00	4309	1	4310	1	4309	4334	4309	0	0	301	4309M
SRR7976325_Contig_30427_flow_18.9611_cc_15859	SRR6960799_91366	6411	0.998	0.000E+00	4309	720	4310	1	3590	3743	4309	0	0	301	3590M
SRR5466725_Contig_76382_flow_24.1241_cc_127573	SRR5466725_24718	6104	0.998	0.000E+00	3420	0	3421	4	3424	3509	3420	0	0	2	3421M
SRR6960509_Contig_28978_flow_32.347_cc_12517	SRR6960509_597	6563	0.994	0.000E+00	3709	0	3710	0	3709	3710	3709	0	0	1	3710M
SRR7687334_Contig_0_flow_222270_cc_0	SRR7963800_163538	6594	0.994	0.000E+00	0	3735	3736	57	3790	3943	0	3735	0	1	697M2I3037M
SRR7687334_Contig_0_flow_222270_cc_0	SRR7687334_26875	6592	0.993	0.000E+00	0	3735	3736	24	3759	3935	0	3735	0	1	3736M
SRR7687334_Contig_0_flow_222270_cc_0	SRR7963800_18137	6584	0.993	0.000E+00	3735	0	3736	300	4034	4072	3735	0	0	1	3610M1I125M
SRR7687334_Contig_0_flow_222270_cc_0	SRR7687334_127832	6578	0.994	0.000E+00	3	3723	3736	0	3720	3847	0	3735	0	1	3721M
SRR7687334_Contig_0_flow_222270_cc_0	SRR7687334_116709	6555	0.994	0.000E+00	10	3723	3736	2051	5761	5787	0	3735	0	1	128M1I2268M2I1315M
SRR7687334_Contig_0_flow_222270_cc_0	SRR7963800_37284	6360	0.991	0.000E+00	112	3735	3736	138	3756	4057	0	3735	0	1	8M3I85M2I3526M
SRR7687334_Contig_0_flow_222270_cc_0	SRR7963800_121117	6289	0.993	0.000E+00	158	3735	3736	0	3573	3874	0	3735	0	1	79M1D64M1I1523M1I1253M3I654M
SRR7687334_Contig_0_flow_222270_cc_0	SRR7963800_207813	6204	0.991	0.000E+00	199	3735	3736	800	4336	4637	0	3735	0	1	3537M
SRR7687334_Contig_0_flow_222270_cc_0	SRR7963800_1838	6053	0.992	0.000E+00	3471	23	3736	26	3472	3473	3735	0	0	1	302M1I3043M1I102M
SRR7687334_Contig_0_flow_222270_cc_0	SRR7687334_56446	6011	0.995	0.000E+00	342	3735	3736	2293	5685	5751	0	3735	0	1	1569M1I1824M
SRR7687334_Contig_0_flow_222270_cc_0	SRR7687334_145485	5932	0.994	0.000E+00	369	3725	3736	721	4075	12319	0	3735	0	1	2041M2I636M1I373M1D304M
SRR7687334_Contig_0_flow_222270_cc_0	SRR7687334_69440	5744	0.993	0.000E+00	3725	462	3736	0	3256	7261	3735	0	0	1	531M2I987M1I286M1I780M2I24M1I649M
SRR7687334_Contig_0_flow_222270_cc_0	SRR7687334_84962	5681	0.995	0.000E+00	3209	0	3736	0	3209	3234	3735	0	0	1	3210M
SRR7687334_Contig_0_flow_222270_cc_0	SRR7687334_7610	5241	0.995	0.000E+00	3627	669	3736	364	3321	4361	3735	0	0	1	1896M1I1062M
SRR7687334_Contig_0_flow_222270_cc_0	SRR7687334_222250	5117	0.995	0.000E+00	660	3549	3736	131	3019	3020	0	3735	0	1	2562M1I327M
SRR7687334_Contig_0_flow_222270_cc_0	SRR7963800_7610	4615	0.991	0.000E+00	3735	1102	3736	152	2783	3799	3735	0	0	1	1530M1I249M1I853M
SRR7687334_Contig_0_flow_222270_cc_0	SRR7687334_99037	4466	0.994	0.000E+00	3726	1197	3736	2506	5031	7736	3735	0	0	1	96M2I2196M2I234M
SRR7687334_Contig_0_flow_222270_cc_0	SRR7963800_134936	4231	0.992	0.000E+00	3735	1328	3736	165	2571	2572	3735	0	0	1	2364M1I43M
SRR7687334_Contig_0_flow_222270_cc_0	SRR7963800_72590	3979	0.993	0.000E+00	1480	3735	3736	0	2256	2413	0	3735	0	1	57M1D2199M
SRR7687334_Contig_0_flow_222270_cc_0	SRR7963800_88895	2968	0.992	0.000E+00	3735	2045	3736	1209	2899	2900	3735	0	0	1	734M1I916M1D40M
SRR7976325_Contig_30796_flow_10.4895_cc_16504	SRR7976325_1698	6707	0.997	0.000E+00	0	3762	3763	0	3762	3763	0	3762	0	20	3763M
SRR5466727_Contig_292_flow_1149.32_cc_10	SRR5466729_103941	6483	0.997	0.000E+00	0	3640	3641	76	3717	3718	0	3640	0	1	2372M1D1269M
SRR5466727_Contig_292_flow_1149.32_cc_10	SRR5466729_21895	6236	0.997	0.000E+00	3499	0	3641	678	4177	4671	3640	0	0	1	3500M
SRR5466727_Contig_292_flow_1149.32_cc_10	SRR5466723_37558	6233	0.996	0.000E+00	0	3507	3641	14	3521	3875	0	3640	0	1	3508M
SRR5466727_Contig_292_flow_1149.32_cc_10	SRR5466723_31239	6199	0.994	0.000E+00	3508	0	3641	352	3860	3875	3640	0	0	1	3509M
SRR5466727_Contig_292_flow_1149.32_cc_10	SRR5466729_88505	5624	0.998	0.000E+00	3499	349	3641	678	3828	5203	3640	0	0	1	3151M
SRR5466727_Contig_292_flow_1149.32_cc_10	SRR5466729_52625	5077	0.997	0.000E+00	2847	0	3641	862	3709	4203	3640	0	0	1	2848M
SRR5466727_Contig_292_flow_1149.32_cc_10	SRR5466729_52625	834	0.993	1.752E-241	3169	3640	3641	3731	4202	4203	0	3640	0	1	472M
SRR5466727_Contig_292_flow_1149.32_cc_10	SRR5466729_21895	834	0.993	1.752E-241	3169	3640	3641	4199	4670	4671	0	3640	0	1	472M
SRR7963800_Contig_20814_flow_39.1436_cc_7025	SRR7963800_39271	6130	0.990	0.000E+00	3502	0	3503	0	3502	3522	3502	0	0	8	3503M
SRR6960802_Contig_195_flow_978.873_cc_5	SRR7976323_89096	6609	0.996	0.000E+00	3719	0	3720	134	3852	3869	3719	0	0	1	1922M1I1797M
SRR6960802_Contig_195_flow_978.873_cc_5	SRR7976324_46013	5545	0.995	0.000E+00	3129	0	3720	484	3614	3627	3719	0	0	1	5M1D3125M
SRR6960802_Contig_195_flow_978.873_cc_5	SRR7976323_65652	5067	0.997	0.000E+00	875	3719	3720	1848	4692	4827	0	3719	0	1	2845M
SRR6960802_Contig_195_flow_978.873_cc_5	SRR6960802_123290	4283	0.995	0.000E+00	960	3381	3720	0	2420	3238	0	3719	0	1	61M1I2360M
SRR5466727_Contig_335_flow_1252.5_cc_10	SRR6255746_7209	7740	0.997	0.000E+00	4341	0	4342	9	4350	4404	4341	0	0	4	4342M
SRR5466727_Contig_335_flow_1252.5_cc_10	SRR6255746_51341	7633	0.992	0.000E+00	0	4341	4342	53	4394	4404	0	4341	0	4	4342M
SRR5466727_Contig_335_flow_1252.5_cc_10	SRR5466725_95969	7612	0.994	0.000E+00	4307	0	4342	2283	6590	6641	4341	0	0	4	4308M
SRR5466727_Contig_335_flow_1252.5_cc_10	SRR5466723_7812	7436	0.995	0.000E+00	4341	139	4342	10	4212	7303	4341	0	0	4	328M2D9M1I6M1I3858M
SRR5466727_Contig_335_flow_1252.5_cc_10	SRR5466729_33963	7232	0.995	0.000E+00	4077	0	4342	287	4364	4415	4341	0	0	4	4078M
SRR5466727_Contig_335_flow_1252.5_cc_10	SRR5466723_43377	6423	0.997	0.000E+00	4341	738	4342	10	3613	4535	4341	0	0	4	3604M
SRR5466727_Contig_335_flow_1252.5_cc_10	SRR6255733_23897	5537	0.993	0.000E+00	4341	1205	4342	9	3145	3304	4341	0	0	4	3137M
SRR7976310_Contig_2670_flow_2117.24_cc_8	SRR7976310_94894	6035	0.996	0.000E+00	0	3396	3397	21	3419	3434	0	3396	0	301	11M2D3386M
SRR7976310_Contig_2670_flow_2117.24_cc_8	SRR6960549_4369	6020	0.995	0.000E+00	3396	0	3397	1499	4895	4905	3396	0	0	301	3397M
SRR7976310_Contig_2670_flow_2117.24_cc_8	SRR6960549_4423	6012	0.994	0.000E+00	3396	0	3397	1490	4888	4896	3396	0	0	301	3382M2D15M
SRR7976310_Contig_2670_flow_2117.24_cc_8	SRR7976310_31319	5979	0.993	0.000E+00	3396	0	3397	14	3410	3431	3396	0	0	301	1258M1I961M1D1177M
SRR7976310_Contig_2670_flow_2117.24_cc_8	SRR7976310_114919	4189	0.996	0.000E+00	1036	3396	3397	237	2598	2613	0	3396	0	301	135M1D2226M
SRR7976326_Contig_24878_flow_11.8362_cc_2671	SRR7976326_5891	7012	0.997	0.000E+00	3932	0	3933	0	3932	3933	3932	0	0	5	3933M
SRR5466725_Contig_46827_flow_11.5645_cc_53936	SRR5466725_47077	6480	0.996	0.000E+00	3650	0	3651	46	3696	3697	3650	0	0	1	3651M
SRR6255746_Contig_59176_flow_15.5206_cc_102227	SRR6255746_58554	6601	0.998	0.000E+00	0	3700	3701	0	3700	3701	0	3700	0	1	3701M
SRR7976310_Contig_25107_flow_11.5754_cc_14876	SRR7976301_38849	6375	0.996	0.000E+00	3584	0	3585	0	3584	3660	3584	0	0	1	3585M
SRR7976325_Contig_29947_flow_9.73001_cc_14932	SRR6960799_17965	6597	0.998	0.000E+00	3693	0	3694	10	3703	3711	3693	0	0	1	3694M
SRR5466725_Contig_49595_flow_19.8537_cc_59378	SRR5466727_71778	7678	0.995	0.000E+00	1	4332	4333	0	4331	4335	0	4332	0	1	4332M
SRR5466725_Contig_49595_flow_19.8537_cc_59378	SRR5466727_68295	7619	0.992	0.000E+00	1	4332	4333	0	4331	4335	0	4332	0	1	4332M
SRR6960509_Contig_914_flow_411.9_cc_11	SRR6960551_7677	6688	0.997	0.000E+00	3756	0	3763	299	4055	4128	3762	0	0	2	3757M
SRR6960509_Contig_914_flow_411.9_cc_11	SRR6960509_124293	6670	0.995	0.000E+00	3762	0	3763	0	3762	6291	3762	0	0	2	72M2D14M2I3675M
SRR6960509_Contig_914_flow_411.9_cc_11	SRR6960551_14878	3939	0.996	0.000E+00	1541	3755	3763	2272	4486	4487	0	3762	0	2	2215M
SRR7976310_Contig_25805_flow_7.76048_cc_16518	SRR7976310_387	8160	0.998	0.000E+00	0	4575	4576	53	4628	4681	0	4575	0	3	4576M
SRR6960509_Contig_52585_flow_23.6237_cc_42383	SRR6960509_11412	7031	0.996	0.000E+00	3960	0	3961	4	3964	3965	3960	0	0	301	3961M
SRR6960802_Contig_29421_flow_9.79827_cc_35183	SRR6960802_7637	7111	0.998	0.000E+00	3980	0	3981	0	3980	3981	3980	0	0	1	3981M
SRR5466727_Contig_590_flow_415.963_cc_10	SRR6255733_34956	6024	0.995	0.000E+00	3403	0	3404	23	3426	3542	3403	0	0	1	3404M
SRR5466727_Contig_590_flow_415.963_cc_10	SRR5466727_100527	6002	0.993	0.000E+00	0	3403	3404	59	3462	3487	0	3403	0	1	3404M
SRR5466727_Contig_590_flow_415.963_cc_10	SRR5466723_43851	5651	0.994	0.000E+00	64	3259	3404	216	3411	3907	0	3403	0	1	3196M
SRR5466727_Contig_590_flow_415.963_cc_10	SRR5466729_22790	5519	0.997	0.000E+00	3403	307	3404	23	3119	11760	3403	0	0	1	3097M
SRR5466727_Contig_590_flow_415.963_cc_10	SRR5466729_81846	5510	0.997	0.000E+00	3403	307	3404	23	3119	5127	3403	0	0	1	3097M
SRR5466727_Contig_590_flow_415.963_cc_10	SRR6255733_41232	5072	0.995	0.000E+00	2864	0	3404	74	2938	3054	3403	0	0	1	2865M
SRR6960540_Contig_5964_flow_7.59681_cc_9026	SRR7976299_8223	7165	0.998	0.000E+00	4015	0	4020	0	4015	4640	4019	0	0	6	4016M
SRR6960540_Contig_5964_flow_7.59681_cc_9026	SRR7976299_6507	7161	0.998	0.000E+00	4015	0	4020	0	4015	4530	4019	0	0	6	4016M
SRR6960540_Contig_5964_flow_7.59681_cc_9026	SRR7976299_19072	7156	0.997	0.000E+00	4015	0	4020	0	4015	4836	4019	0	0	6	4016M
SRR6960540_Contig_5964_flow_7.59681_cc_9026	SRR6960549_6950	7000	0.997	0.000E+00	3925	0	4020	116	4041	4047	4019	0	0	6	3926M
SRR7473382_Contig_78219_flow_23.5467_cc_2626	SRR5467137_759	6040	0.997	0.000E+00	4	3391	3392	0	3387	3508	0	3391	0	4	3388M
SRR5466727_Contig_601_flow_714.879_cc_10	SRR6255746_19612	6714	0.996	0.000E+00	3778	0	3779	51	3829	3896	3778	0	0	1	3779M
SRR5466727_Contig_601_flow_714.879_cc_10	SRR6255746_36913	6705	0.996	0.000E+00	3778	0	3779	51	3829	3896	3778	0	0	1	3779M
SRR5466727_Contig_601_flow_714.879_cc_10	SRR6255733_54148	6696	0.995	0.000E+00	0	3778	3779	66	3844	3886	0	3778	0	1	3779M
SRR5466727_Contig_601_flow_714.879_cc_10	SRR5466727_45288	6691	0.995	0.000E+00	0	3778	3779	52	3830	3853	0	3778	0	1	3779M
SRR5466727_Contig_601_flow_714.879_cc_10	SRR6255746_1229	6691	0.995	0.000E+00	3778	0	3779	51	3829	3896	3778	0	0	1	3779M
SRR5466727_Contig_601_flow_714.879_cc_10	SRR6255733_23619	6687	0.994	0.000E+00	3778	0	3779	41	3819	3886	3778	0	0	1	3779M
SRR5466727_Contig_601_flow_714.879_cc_10	SRR5466729_29088	6682	0.994	0.000E+00	3778	0	3779	50	3828	3884	3778	0	0	1	3779M
SRR5466727_Contig_601_flow_714.879_cc_10	SRR5466725_48438	6682	0.994	0.000E+00	3778	0	3779	52	3830	3886	3778	0	0	1	3779M
SRR5466727_Contig_601_flow_714.879_cc_10	SRR6255746_1844	6682	0.994	0.000E+00	3778	0	3779	51	3829	3896	3778	0	0	1	3779M
SRR5466727_Contig_601_flow_714.879_cc_10	SRR6255733_40579	6678	0.994	0.000E+00	3778	0	3779	41	3819	3886	3778	0	0	1	3779M
SRR5466727_Contig_601_flow_714.879_cc_10	SRR5466729_82300	6674	0.994	0.000E+00	3778	0	3779	21	3798	3854	3778	0	0	1	22M1I3756M
SRR5466727_Contig_601_flow_714.879_cc_10	SRR5466725_140203	6669	0.993	0.000E+00	0	3778	3779	55	3833	3886	0	3778	0	1	3779M
SRR5466727_Contig_601_flow_714.879_cc_10	SRR5466723_26707	6660	0.993	0.000E+00	3778	0	3779	43	3821	3877	3778	0	0	1	3779M
SRR5466727_Contig_601_flow_714.879_cc_10	SRR5466725_114522	6656	0.993	0.000E+00	3778	0	3779	52	3830	3886	3778	0	0	1	3779M
SRR5466727_Contig_601_flow_714.879_cc_10	SRR5466727_45289	6647	0.992	0.000E+00	3778	0	3779	24	3801	3854	3778	0	0	1	22M1I3756M
SRR5466727_Contig_601_flow_714.879_cc_10	SRR5466725_75207	6634	0.992	0.000E+00	3778	0	3779	52	3829	3885	3778	0	0	1	2084M1I1694M
SRR5466727_Contig_601_flow_714.879_cc_10	SRR5466727_9885	6625	0.991	0.000E+00	3778	0	3779	22	3802	3855	3778	0	0	1	23M2D3756M
SRR5466727_Contig_601_flow_714.879_cc_10	SRR5466727_79545	6615	0.990	0.000E+00	0	3778	3779	52	3830	3853	0	3778	0	1	3779M
SRR5466727_Contig_601_flow_714.879_cc_10	SRR5466725_112680	6566	0.992	0.000E+00	3778	45	3779	52	3785	3786	3778	0	0	1	3734M
SRR5466727_Contig_601_flow_714.879_cc_10	SRR5466723_59591	6396	0.991	0.000E+00	131	3778	3779	0	3645	3689	0	3778	0	1	255M2I3391M
SRR5466727_Contig_601_flow_714.879_cc_10	SRR5466725_5051	5323	0.994	0.000E+00	0	3012	3779	55	3067	10960	0	3778	0	1	3013M
SRR5466727_Contig_601_flow_714.879_cc_10	SRR5466727_94589	4778	0.991	0.000E+00	1051	3778	3779	0	2726	2749	0	3778	0	1	304M1I2423M
SRR5466727_Contig_601_flow_714.879_cc_10	SRR5466727_50254	4696	0.993	0.000E+00	3778	1114	3779	38	2702	2795	3778	0	0	1	2665M
SRR5466727_Contig_601_flow_714.879_cc_10	SRR6255733_47961	4406	0.991	0.000E+00	624	3134	3779	0	2510	2602	0	3778	0	1	2511M
SRR5466727_Contig_601_flow_714.879_cc_10	SRR5466727_83698	4100	0.990	0.000E+00	1282	3630	3779	0	2346	2885	0	3778	0	1	73M1I2131M1I143M
SRR5466727_Contig_601_flow_714.879_cc_10	SRR6255733_54544	4087	0.991	0.000E+00	1449	3778	3779	201	2529	2570	0	3778	0	1	2307M1I22M
SRR6050738_Contig_44547_flow_363.337_cc_1257	SRR5208574_5969	6792	0.996	0.000E+00	0	3819	3820	0	3819	3850	0	3819	0	26	3820M
SRR6050738_Contig_44547_flow_363.337_cc_1257	SRR7473382_32617	6756	0.994	0.000E+00	0	3819	3820	5	3824	3862	0	3819	0	26	3820M
SRR6050738_Contig_44547_flow_363.337_cc_1257	SRR5208572_5915	6742	0.993	0.000E+00	0	3819	3820	0	3819	3828	0	3819	0	26	3820M
SRR6050738_Contig_44547_flow_363.337_cc_1257	SRR7473382_919	6733	0.993	0.000E+00	0	3819	3820	5	3824	3861	0	3819	0	26	3820M
SRR6050738_Contig_44547_flow_363.337_cc_1257	SRR7473382_51581	6729	0.993	0.000E+00	0	3819	3820	5	3824	3862	0	3819	0	26	3820M
SRR6050738_Contig_44547_flow_363.337_cc_1257	SRR7473382_49227	6725	0.992	0.000E+00	0	3819	3820	5	3824	3859	0	3819	0	26	3820M
SRR6050738_Contig_44547_flow_363.337_cc_1257	SRR7473382_57372	6725	0.992	0.000E+00	0	3819	3820	5	3824	3862	0	3819	0	26	3820M
SRR6050738_Contig_44547_flow_363.337_cc_1257	SRR7473382_27385	6720	0.992	0.000E+00	0	3819	3820	5	3824	3861	0	3819	0	26	3820M
SRR6050738_Contig_44547_flow_363.337_cc_1257	SRR6050738_286	6716	0.992	0.000E+00	0	3819	3820	0	3819	3852	0	3819	0	26	3820M
SRR6050738_Contig_44547_flow_363.337_cc_1257	SRR7473382_7458	6716	0.992	0.000E+00	0	3819	3820	5	3824	3861	0	3819	0	26	3820M
SRR6050738_Contig_44547_flow_363.337_cc_1257	SRR7473382_31069	6716	0.992	0.000E+00	0	3819	3820	5	3824	3862	0	3819	0	26	3820M
SRR6050738_Contig_44547_flow_363.337_cc_1257	SRR5208572_10116	6711	0.992	0.000E+00	0	3819	3820	0	3819	3828	0	3819	0	26	3820M
SRR6050738_Contig_44547_flow_363.337_cc_1257	SRR6050698_3350	6711	0.992	0.000E+00	3819	0	3820	31	3850	3851	3819	0	0	26	3820M
SRR6050738_Contig_44547_flow_363.337_cc_1257	SRR7473382_121695	6707	0.991	0.000E+00	3819	0	3820	34	3853	3859	3819	0	0	26	3820M
SRR6050738_Contig_44547_flow_363.337_cc_1257	SRR6050716_3560	6707	0.991	0.000E+00	0	3819	3820	1	3820	3861	0	3819	0	26	3820M
SRR6050738_Contig_44547_flow_363.337_cc_1257	SRR5467139_7735	6702	0.991	0.000E+00	0	3819	3820	0	3819	3851	0	3819	0	26	3820M
SRR6050738_Contig_44547_flow_363.337_cc_1257	SRR7473382_472	6702	0.991	0.000E+00	0	3819	3820	5	3824	3862	0	3819	0	26	3820M
SRR6050738_Contig_44547_flow_363.337_cc_1257	SRR6050643_17351	6698	0.991	0.000E+00	3819	0	3820	2	3821	3825	3819	0	0	26	3820M
SRR6050738_Contig_44547_flow_363.337_cc_1257	SRR6050698_2694	6693	0.991	0.000E+00	0	3819	3820	0	3819	3851	0	3819	0	26	3820M
SRR6050738_Contig_44547_flow_363.337_cc_1257	SRR6050716_6	6693	0.991	0.000E+00	0	3819	3820	1	3820	3861	0	3819	0	26	3820M
SRR6050738_Contig_44547_flow_363.337_cc_1257	SRR6050482_551	6692	0.991	0.000E+00	2	3818	3820	0	3816	3817	0	3819	0	26	3817M
SRR6050738_Contig_44547_flow_363.337_cc_1257	SRR5208573_23330	6687	0.990	0.000E+00	0	3819	3820	0	3816	3825	0	3819	0	26	1895M3I1922M
SRR6050738_Contig_44547_flow_363.337_cc_1257	SRR6050738_26688	6684	0.990	0.000E+00	0	3819	3820	0	3819	3852	0	3819	0	26	3820M
SRR6050738_Contig_44547_flow_363.337_cc_1257	SRR6050716_13772	6680	0.990	0.000E+00	0	3819	3820	1	3820	3861	0	3819	0	26	3820M
SRR6050738_Contig_44547_flow_363.337_cc_1257	SRR6050716_12094	6679	0.991	0.000E+00	0	3806	3820	1	3807	3808	0	3819	0	26	3807M
SRR6050738_Contig_44547_flow_363.337_cc_1257	SRR6050482_775	6679	0.990	0.000E+00	2	3818	3820	0	3816	3817	0	3819	0	26	3817M
SRR6050738_Contig_44547_flow_363.337_cc_1257	SRR6050716_682	6675	0.990	0.000E+00	0	3819	3820	1	3820	3861	0	3819	0	26	3820M
SRR6050738_Contig_44547_flow_363.337_cc_1257	SRR6050738_11870	6674	0.991	0.000E+00	18	3819	3820	59	3860	3893	0	3819	0	26	3802M
SRR6050738_Contig_44547_flow_363.337_cc_1257	SRR6050483_1219	6618	0.992	0.000E+00	0	3767	3820	0	3767	3768	0	3819	0	26	3768M
SRR6050738_Contig_44547_flow_363.337_cc_1257	SRR6050738_25789	6121	0.992	0.000E+00	0	3479	3820	0	3478	3479	0	3819	0	26	2123M1I1356M
SRR6050738_Contig_44547_flow_363.337_cc_1257	SRR5467139_7880	4100	0.991	0.000E+00	0	2334	3820	0	2334	2335	0	3819	0	26	2335M
SRR5466727_Contig_711_flow_1550.38_cc_10	SRR6255733_16126	6567	0.994	0.000E+00	3716	0	3717	4	3720	3745	3716	0	0	31	3717M
SRR5466727_Contig_711_flow_1550.38_cc_10	SRR5466729_22922	6553	0.993	0.000E+00	0	3716	3717	71	3787	4007	0	3716	0	31	3717M
SRR5466727_Contig_711_flow_1550.38_cc_10	SRR5466723_29391	6541	0.993	0.000E+00	3716	0	3717	5	3720	3745	3716	0	0	31	1547M1I2169M
SRR5466727_Contig_711_flow_1550.38_cc_10	SRR6255746_39972	6522	0.991	0.000E+00	3716	0	3717	4	3720	3747	3716	0	0	31	3717M
SRR5466727_Contig_711_flow_1550.38_cc_10	SRR6255746_23917	6509	0.990	0.000E+00	3716	0	3717	4	3720	3747	3716	0	0	31	3717M
SRR5466727_Contig_711_flow_1550.38_cc_10	SRR5466723_21874	6500	0.990	0.000E+00	0	3716	3717	24	3740	3746	0	3716	0	31	3717M
SRR5466727_Contig_711_flow_1550.38_cc_10	SRR6255746_39436	6500	0.990	0.000E+00	3716	0	3717	4	3720	3747	3716	0	0	31	3717M
SRR5466727_Contig_711_flow_1550.38_cc_10	SRR6255746_41472	6500	0.990	0.000E+00	3716	0	3717	4	3720	3747	3716	0	0	31	3717M
SRR5466727_Contig_711_flow_1550.38_cc_10	SRR6255746_12430	6495	0.990	0.000E+00	3716	0	3717	4	3720	3747	3716	0	0	31	3717M
SRR5466727_Contig_711_flow_1550.38_cc_10	SRR5466725_111130	5991	0.991	0.000E+00	0	3412	3717	25	3437	3438	0	3716	0	31	3413M
SRR5466727_Contig_711_flow_1550.38_cc_10	SRR5466723_39135	5923	0.992	0.000E+00	3369	0	3717	2046	5415	5440	3716	0	0	31	3370M
SRR5466727_Contig_711_flow_1550.38_cc_10	SRR5466723_42631	4789	0.994	0.000E+00	1003	3716	3717	0	2712	2718	0	3716	0	31	42M1I2671M
SRR5466727_Contig_711_flow_1550.38_cc_10	SRR5466727_72853	4732	0.993	0.000E+00	3716	1034	3717	191	2873	3735	3716	0	0	31	2683M
SRR6960549_Contig_7938_flow_12.334_cc_5247	SRR7976299_1458	7179	0.997	0.000E+00	4030	0	4031	11	4041	4061	4030	0	0	13	4031M
SRR6960797_Contig_1591_flow_266.128_cc_7	SRR6960551_18400	6190	0.994	0.000E+00	3498	0	3499	30	3528	3587	3498	0	0	301	3499M
SRR6960797_Contig_1591_flow_266.128_cc_7	SRR6960797_84355	6131	0.991	0.000E+00	0	3498	3499	60	3558	3579	0	3498	0	301	3499M
SRR6960799_Contig_27595_flow_20.5008_cc_3247	SRR6960799_14538	7321	0.996	0.000E+00	0	4117	4118	0	4117	4118	0	4117	0	2	4118M
SRR6050698_Contig_64085_flow_109.725_cc_9636	SRR5208572_22927	6304	0.994	0.000E+00	3566	1	3567	3	3568	3569	3566	0	0	1	134M1I2017M1D1414M
SRR6050698_Contig_64085_flow_109.725_cc_9636	SRR6050738_10305	6286	0.994	0.000E+00	3566	11	3567	1	3557	3559	3566	0	0	1	95M1D3461M
SRR5467091_Contig_3387_flow_710.03_cc_0	SRR5467091_53875	6161	0.995	0.000E+00	3477	0	3478	2013	5490	5549	3477	0	0	2	3478M
SRR5467091_Contig_3387_flow_710.03_cc_0	SRR5467091_100608	6098	0.991	0.000E+00	0	3477	3478	58	3535	3807	0	3477	0	2	3478M
SRR6960797_Contig_1678_flow_351.862_cc_7	SRR6960551_69221	7017	0.993	0.000E+00	3982	0	3983	18	4000	4084	3982	0	0	2	3983M
SRR6960797_Contig_1678_flow_351.862_cc_7	SRR6960551_89327	7008	0.992	0.000E+00	0	3982	3983	83	4065	4084	0	3982	0	2	3983M
SRR6960797_Contig_1678_flow_351.862_cc_7	SRR6960797_78971	6999	0.992	0.000E+00	0	3982	3983	76	4058	4063	0	3982	0	2	3983M
SRR6960797_Contig_1678_flow_351.862_cc_7	SRR6960551_30470	6988	0.991	0.000E+00	3982	0	3983	18	4001	4085	3982	0	0	2	291M1D3692M
SRR6960797_Contig_1678_flow_351.862_cc_7	SRR6960551_54043	6988	0.991	0.000E+00	3982	0	3983	18	4001	4085	3982	0	0	2	290M1D3693M
SRR6960797_Contig_1678_flow_351.862_cc_7	SRR6960551_28448	6983	0.991	0.000E+00	3982	0	3983	18	4001	4085	3982	0	0	2	290M1D3693M
SRR6960797_Contig_1678_flow_351.862_cc_7	SRR6960797_73453	6979	0.991	0.000E+00	0	3982	3983	76	4059	4064	0	3982	0	2	3692M1D291M
SRR6960797_Contig_1678_flow_351.862_cc_7	SRR6960551_3812	6965	0.990	0.000E+00	3982	0	3983	18	4001	4085	3982	0	0	2	291M1D3692M
SRR6960797_Contig_1678_flow_351.862_cc_7	SRR6960509_76346	4761	0.993	0.000E+00	3982	1284	3983	4	2702	2735	3982	0	0	2	2699M
SRR6960797_Contig_1678_flow_351.862_cc_7	SRR6960509_49166	4750	0.992	0.000E+00	3982	1284	3983	4	2703	2736	3982	0	0	2	290M1D2409M
SRR6960799_Contig_27837_flow_34.8682_cc_3591	SRR7976325_12215	6463	0.998	0.000E+00	3619	0	3620	0	3620	3663	3619	0	0	10	1268M1D2352M
SRR6960799_Contig_27837_flow_34.8682_cc_3591	SRR7976325_83859	3651	0.998	0.000E+00	1572	3619	3620	483	2531	2532	0	3619	0	10	774M1D1274M
SRR6050698_Contig_72583_flow_26.0653_cc_25002	SRR6050738_11650	6981	0.990	0.000E+00	3987	0	3988	3	3990	4027	3987	0	0	2	3988M
SRR5467091_Contig_9358_flow_20.7811_cc_903	SRR5467091_844	7136	0.998	0.000E+00	0	4001	4002	0	4001	4002	0	4001	0	1	4002M
SRR6960797_Contig_3427_flow_333.724_cc_7	SRR6960797_39479	7336	0.996	0.000E+00	4129	0	4130	7	4137	4215	4129	0	0	1	1612M1D2518M
SRR6960797_Contig_3427_flow_333.724_cc_7	SRR6960551_95913	7323	0.995	0.000E+00	0	4129	4130	79	4209	4212	0	4129	0	1	2529M1D1601M
SRR6960797_Contig_3427_flow_333.724_cc_7	SRR6960509_9075	7151	0.997	0.000E+00	4017	0	4130	330	4347	4424	4129	0	0	1	4018M
SRR6960799_Contig_30187_flow_21.6025_cc_6460	SRR6960799_8529	6356	0.997	0.000E+00	3566	0	3567	0	3566	3567	3566	0	0	301	3567M
SRR5466399_Contig_25044_flow_32.5156_cc_24282	SRR5466369_98462	7083	0.998	0.000E+00	3965	0	3966	1411	5377	5392	3965	0	0	1	2545M1D1421M
SRR5466399_Contig_25044_flow_32.5156_cc_24282	SRR5466337_9426	7069	0.997	0.000E+00	3965	0	3966	92	4058	4067	3965	0	0	1	1495M1D2471M
SRR5466399_Contig_25044_flow_32.5156_cc_24282	SRR6253579_14482	6983	0.997	0.000E+00	3965	49	3966	1	3917	4491	3965	0	0	1	3917M
SRR5466399_Contig_25044_flow_32.5156_cc_24282	SRR6253579_32007	6304	0.998	0.000E+00	3965	435	3966	1	3531	3909	3965	0	0	1	1494M1D18M1I2018M
SRR5466399_Contig_25044_flow_32.5156_cc_24282	SRR6254351_60814	5950	0.998	0.000E+00	3334	0	3966	306	3640	3645	3965	0	0	1	3335M
SRR5466399_Contig_25044_flow_32.5156_cc_24282	SRR6254353_44883	5767	0.993	0.000E+00	3275	0	3966	1600	4872	4877	3965	0	0	1	954M2I78M1I2192M1D3M3D13M4I29M
SRR5466399_Contig_25044_flow_32.5156_cc_24282	SRR6254893_45433	5645	0.997	0.000E+00	3172	2	3966	96	3267	3284	3965	0	0	1	702M1D2469M
SRR5466399_Contig_25044_flow_32.5156_cc_24282	SRR6254351_91435	5175	0.998	0.000E+00	1071	3965	3966	1343	4237	4240	0	3965	0	1	2895M
SRR5466399_Contig_25044_flow_32.5156_cc_24282	SRR6254351_58001	5160	0.997	0.000E+00	3965	1072	3966	2	2895	3287	3965	0	0	1	2894M
SRR5466399_Contig_25044_flow_32.5156_cc_24282	SRR6254893_10077	4408	0.995	0.000E+00	1478	3965	3966	265	2753	2757	0	3965	0	1	987M1D1501M
SRR5467091_Contig_30635_flow_15.321_cc_32603	SRR5467091_57938	7577	0.996	0.000E+00	0	4271	4272	0	4272	4408	0	4271	0	10	3140M1D1132M
SRR6960799_Contig_32278_flow_9.34253_cc_9279	SRR6960799_37637	6113	0.995	0.000E+00	3451	0	3452	0	3452	3453	3451	0	0	1	1195M1D2257M
SRR6960507_Contig_960_flow_513.927_cc_0	SRR6960507_35447	6583	0.997	0.000E+00	3695	0	3696	6	3701	3760	3695	0	0	1	3696M
SRR6960507_Contig_960_flow_513.927_cc_0	SRR7976295_1273	6145	0.998	0.000E+00	0	3438	3696	45	3483	4040	0	3695	0	1	3439M
SRR6960507_Contig_960_flow_513.927_cc_0	SRR7976300_41470	5861	0.998	0.000E+00	3695	412	3696	6	3286	3443	3695	0	0	1	1332M3I1949M
SRR6960507_Contig_960_flow_513.927_cc_0	SRR6960507_3779	5633	0.998	0.000E+00	3155	0	3696	193	3348	3407	3695	0	0	1	3156M
SRR6960507_Contig_960_flow_513.927_cc_0	SRR7976295_13329	5186	0.999	0.000E+00	797	3695	3696	3189	6087	6094	0	3695	0	1	2899M
SRR6960507_Contig_960_flow_513.927_cc_0	SRR7976295_1475	5164	0.997	0.000E+00	797	3695	3696	3710	6608	6615	0	3695	0	1	2899M
SRR5467091_Contig_38390_flow_36.9605_cc_45611	SRR5466338_9254	7523	0.996	0.000E+00	4233	1	4235	0	4232	4247	4234	0	0	6	4233M
SRR5467091_Contig_38390_flow_36.9605_cc_45611	SRR5467090_1973	7517	0.996	0.000E+00	4232	2	4235	0	4231	4232	4234	0	0	6	1174M1D3057M
SRR5467091_Contig_38390_flow_36.9605_cc_45611	SRR6255520_50376	7198	0.998	0.000E+00	4064	28	4235	74	4110	4111	4234	0	0	6	4037M
SRR5467091_Contig_38390_flow_36.9605_cc_45611	SRR5466366_35591	7185	0.996	0.000E+00	4044	1	4235	100	4142	4143	4234	0	0	6	303M1I3740M
SRR5467091_Contig_38390_flow_36.9605_cc_45611	SRR5466337_7992	7164	0.998	0.000E+00	4043	26	4235	266	4283	4286	4234	0	0	6	4018M
SRR5467091_Contig_38390_flow_36.9605_cc_45611	SRR5466338_90667	6686	0.996	0.000E+00	3761	1	4235	156	3916	3931	4234	0	0	6	3761M
SRR5467091_Contig_38390_flow_36.9605_cc_45611	SRR5466365_103843	6251	0.998	0.000E+00	4233	734	4235	0	3498	6120	4234	0	0	6	1911M1I1588M
SRR5467091_Contig_38390_flow_36.9605_cc_45611	SRR5466365_86503	6233	0.997	0.000E+00	4233	734	4235	0	3498	4416	4234	0	0	6	1911M1I1588M
SRR5467091_Contig_38390_flow_36.9605_cc_45611	SRR6255520_46666	6077	0.997	0.000E+00	3443	28	4235	444	3859	3860	4234	0	0	6	3416M
SRR5467091_Contig_38390_flow_36.9605_cc_45611	SRR5466366_91449	5893	0.995	0.000E+00	3326	1	4235	263	3588	3589	4234	0	0	6	3326M
SRR5467091_Contig_38390_flow_36.9605_cc_45611	SRR6049586_28762	5444	0.997	0.000E+00	4233	1179	4235	0	3054	3298	4234	0	0	6	3055M
SRR5467091_Contig_38390_flow_36.9605_cc_45611	SRR5466338_57090	4741	0.996	0.000E+00	1566	4233	4235	188	2855	2856	0	4234	0	6	2668M
SRR5467091_Contig_38390_flow_36.9605_cc_45611	SRR5466338_148760	4720	0.996	0.000E+00	1578	4233	4235	1077	3732	3733	0	4234	0	6	2656M
SRR5467091_Contig_38390_flow_36.9605_cc_45611	SRR5466338_96880	4635	0.997	0.000E+00	3721	1121	4235	0	2600	2697	4234	0	0	6	2601M
SRR5467091_Contig_38390_flow_36.9605_cc_45611	SRR6253256_14975	3795	0.997	0.000E+00	4233	2104	4235	0	2129	4013	4234	0	0	6	2130M
SRR6960797_Contig_29344_flow_112.949_cc_1646	SRR6960797_43186	7428	0.996	0.000E+00	0	4184	4185	0	4184	4185	0	4184	0	15	4185M
SRR6960799_Contig_33038_flow_10.3594_cc_10083	SRR7976325_521	6683	0.995	0.000E+00	0	3771	3772	87	3858	3859	0	3771	0	1	3772M
SRR6960507_Contig_40959_flow_12.5999_cc_57164	SRR7976300_57929	6235	0.998	0.000E+00	3492	1	3493	1098	4589	8181	3492	0	0	1	3492M
SRR6960507_Contig_40959_flow_12.5999_cc_57164	SRR7976300_43152	6231	0.998	0.000E+00	3492	1	3493	612	4103	6890	3492	0	0	1	3492M
SRR6960507_Contig_40959_flow_12.5999_cc_57164	SRR7976300_31564	6209	0.996	0.000E+00	3492	1	3493	699	4190	6005	3492	0	0	1	3492M
SRR6960799_Contig_2564_flow_242.277_cc_3	SRR6960799_27794	7161	0.998	0.000E+00	4010	0	4011	15	4025	4852	4010	0	0	301	4011M
SRR6960799_Contig_2564_flow_242.277_cc_3	SRR6960799_91330	5333	0.996	0.000E+00	3000	0	4011	825	3825	4652	4010	0	0	301	3001M
SRR6960799_Contig_2564_flow_242.277_cc_3	SRR7976326_31943	5074	0.997	0.000E+00	2850	0	4011	111	2960	2964	4010	0	0	301	1313M1I1537M
SRR6960799_Contig_2564_flow_242.277_cc_3	SRR7976326_11842	4785	0.997	0.000E+00	4010	1326	4011	15	2699	3160	4010	0	0	301	2685M
SRR5208574_Contig_5816_flow_24.5317_cc_0	SRR6050482_4491	7674	0.997	0.000E+00	0	4309	4310	3	4312	4315	0	4309	0	4	4310M
SRR5466727_Contig_21460_flow_12.1513_cc_16077	SRR5466725_14089	7188	0.996	0.000E+00	0	4045	4046	5	4050	4051	0	4045	0	1	4046M
SRR6960551_Contig_69902_flow_10.9239_cc_59657	SRR6960551_21484	5674	0.996	0.000E+00	0	3190	3191	0	3190	3231	0	3190	0	1	3191M
SRR6960799_Contig_26956_flow_10.6148_cc_2485	SRR6960799_10281	6841	0.992	0.000E+00	3892	0	3893	0	3891	3928	3892	0	0	1	357M2D12M2I924M1I2597M
SRR5208575_Contig_42826_flow_33.2271_cc_1529	SRR5208572_5344	7517	0.995	0.000E+00	0	4239	4240	696	4935	4936	0	4239	0	1	4240M
SRR5208575_Contig_42826_flow_33.2271_cc_1529	SRR6050698_15310	7493	0.994	0.000E+00	4238	0	4240	0	4238	4249	4239	0	0	1	4239M
SRR5466727_Contig_45142_flow_15.7242_cc_59877	SRR5466727_12691	6855	0.998	0.000E+00	0	3842	3843	0	3842	3843	0	3842	0	2	3843M
SRR5466727_Contig_45142_flow_15.7242_cc_59877	SRR5466725_137718	6497	0.996	0.000E+00	3657	0	3843	647	4304	4311	3842	0	0	2	3658M
SRR5466727_Contig_45142_flow_15.7242_cc_59877	SRR5466725_6847	4369	0.996	0.000E+00	0	2459	3843	6	2465	3065	0	3842	0	2	2460M
SRR6960551_Contig_70262_flow_14.8057_cc_60293	SRR6960551_5359	6223	0.995	0.000E+00	0	3509	3510	26	3535	3536	0	3509	0	3	3510M
SRR6960799_Contig_27050_flow_19.495_cc_2545	SRR6960799_81187	6146	0.996	0.000E+00	0	3462	3463	72	3535	3537	0	3462	0	1	2176M1D1287M
SRR5467139_Contig_46778_flow_49.3382_cc_9220	SRR7473382_8205	7396	0.998	0.000E+00	4144	0	4145	4	4148	4203	4144	0	0	252249984	4145M
SRR5467139_Contig_46778_flow_49.3382_cc_9220	SRR5208575_9511	7344	0.995	0.000E+00	4143	0	4145	0	4143	4204	4144	0	0	252249984	255M1D20M1I3868M
