SRR6960803_k141_61611	SRR6960803_NODE_2517_length_3763_cov_11.456850	6735	0.999	0.000E+00	3760	0	3761	0	3760	3763	3760	0	0	301	3761M
SRR6960799_k141_94807	SRR6960799_NODE_697_length_3910_cov_6.356939	6947	0.998	0.000E+00	3888	0	3889	0	3888	3910	3888	0	0	1	3889M
SRR7976357_k141_51122	SRR7976357_NODE_1802_length_4105_cov_22.532840	7209	0.999	0.000E+00	74	4106	4198	0	4032	4105	0	4197	0	1	4033M
SRR7976325_k141_38016	SRR6960799_NODE_416_length_4677_cov_370.680874	8222	0.998	0.000E+00	4610	0	4611	12	4622	4677	4610	0	0	1	4611M
SRR6960802_k141_39625	SRR7976324_NODE_494_length_3574_cov_39.096903	6219	0.999	0.000E+00	3494	22	3633	47	3519	3574	3632	0	0	1	3473M
SRR5467139_k141_26187	SRR5467139_NODE_136_length_3679_cov_16.360375	6579	0.999	0.000E+00	0	3678	3679	0	3678	3679	0	3678	0	1	3679M
SRR5466338_k141_55708	SRR6255402_NODE_587_length_4347_cov_40.227866	7676	0.999	0.000E+00	4531	246	4532	11	4296	4347	4531	0	0	1	4286M
SRR5466338_k141_55708	SRR5466337_NODE_551_length_4774_cov_58.392456	7672	0.999	0.000E+00	247	4530	4532	475	4758	4774	0	4531	0	1	4284M
SRR5466338_k141_55708	SRR5466366_NODE_1455_length_4383_cov_58.046673	7548	1.00	0.000E+00	246	4457	4532	0	4211	4383	0	4531	0	1	4212M
SRR5466723_k141_33629	SRR5466723_NODE_783_length_3701_cov_516.176358	6628	0.999	0.000E+00	3811	111	4014	0	3700	3701	4013	0	0	3	3701M
SRR5466723_k141_33629	SRR5466729_NODE_1383_length_3737_cov_798.956274	6501	0.999	0.000E+00	169	3798	4014	52	3681	3737	0	4013	0	3	3630M
SRR5466723_k141_33629	SRR6255733_NODE_720_length_4076_cov_493.013181	6468	0.999	0.000E+00	3797	186	4014	221	3832	4076	4013	0	0	3	3612M
SRR5466727_k141_51196	SRR5466725_NODE_1854_length_4308_cov_17.898660	7670	0.998	0.000E+00	4297	0	4298	5	4302	4308	4297	0	0	3	4298M
SRR5466727_k141_51196	SRR5466729_NODE_2280_length_3015_cov_14.861486	5260	0.997	0.000E+00	1342	4297	4298	53	3009	3015	0	4297	0	3	454M1D2502M
SRR5467090_k141_49933	SRR5467090_NODE_533_length_4327_cov_8.607912	7730	0.999	0.000E+00	4318	0	4319	8	4326	4327	4318	0	0	2	4319M
SRR5466729_k141_74512	SRR5466727_NODE_1483_length_3824_cov_101.324755	6839	0.999	0.000E+00	1	3819	3820	0	3818	3824	0	3819	0	1	3819M
SRR5467091_k141_11713	SRR5467091_NODE_1011_length_3912_cov_31.571688	6943	0.996	0.000E+00	0	3911	3912	0	3911	3912	0	3911	0	1	3912M
SRR6960551_k141_73607	SRR6960551_NODE_731_length_3540_cov_25.043902	6326	0.998	0.000E+00	3539	0	3540	0	3539	3540	3539	0	0	1	3540M
SRR7976299_k141_5033	SRR7976299_NODE_85_length_3991_cov_7.536077	7141	0.999	0.000E+00	0	3989	3990	1	3990	3991	0	3989	0	1	3990M
SRR7976301_k141_19572	SRR7976310_NODE_700_length_4008_cov_9.127245	7136	1.00	0.000E+00	0	3981	3984	26	4007	4008	0	3983	0	1	3982M
SRR5995670_k141_39073	SRR5995670_NODE_410_length_3180_cov_3.845440	5443	0.998	0.000E+00	3276	223	3277	0	3052	3180	3276	0	0	1	3048M1I5M
SRR6960799_k141_15337	SRR6960799_NODE_579_length_4159_cov_22.335039	7335	0.999	0.000E+00	4095	0	4096	0	4095	4159	4095	0	0	1	4096M
SRR6960799_k141_44209	SRR6960799_NODE_582_length_4158_cov_17.305143	7326	0.993	0.000E+00	0	4157	4158	0	4157	4158	0	4157	0	1	4158M
SRR5466369_k141_49057	SRR5466338_NODE_1946_length_4074_cov_96.326201	7184	1.00	0.000E+00	0	4008	4066	7	4015	4074	0	4065	0	1	4009M
SRR5466369_k141_49057	SRR6253161_NODE_160_length_7616_cov_70.706124	7184	1.00	0.000E+00	0	4008	4066	7	4015	7616	0	4065	0	1	4009M
SRR5466369_k141_49057	SRR5466366_NODE_1722_length_4064_cov_71.503866	7183	0.999	0.000E+00	0	4010	4066	1	4011	4064	0	4065	0	1	4011M
SRR5466369_k141_49057	SRR5466369_NODE_2112_length_4076_cov_67.486446	7181	0.999	0.000E+00	4009	0	4066	66	4075	4076	4065	0	0	1	4010M
SRR5466369_k141_49057	SRR6254353_NODE_662_length_4609_cov_65.315766	7173	1.00	0.000E+00	6	4008	4066	0	4002	4609	0	4065	0	1	4003M
SRR5466369_k141_49057	SRR6255402_NODE_651_length_4076_cov_54.120865	7172	1.00	0.000E+00	7	4008	4066	0	4001	4076	0	4065	0	1	4002M
SRR5466725_k141_71409	SRR5466725_NODE_2242_length_3970_cov_14.677905	7114	1.00	0.000E+00	3969	0	3970	0	3969	3970	3969	0	0	6	3970M
SRR5466729_k141_70893	SRR5466729_NODE_690_length_4904_cov_922.619303	7904	1.00	0.000E+00	0	4410	5007	23	4433	4904	0	5006	0	1	4411M
SRR5467091_k141_79590	SRR5466337_NODE_551_length_4774_cov_58.392456	7622	0.999	0.000E+00	96	4356	4357	513	4773	4774	0	4356	0	1	4261M
SRR5467091_k141_79590	SRR6255402_NODE_587_length_4347_cov_40.227866	7619	0.999	0.000E+00	4353	97	4357	0	4256	4347	4356	0	0	1	4257M
SRR5467091_k141_79590	SRR5466366_NODE_1455_length_4383_cov_58.046673	7464	0.999	0.000E+00	96	4268	4357	39	4211	4383	0	4356	0	1	4173M
SRR6254984_k141_50328	SRR6254984_NODE_700_length_4223_cov_139.976727	7567	1.00	0.000E+00	4222	0	4223	0	4222	4223	4222	0	0	3	4223M
SRR6254984_k141_50328	SRR6255513_NODE_720_length_3926_cov_91.378455	6939	1.00	0.000E+00	326	4197	4223	0	3871	3926	0	4222	0	3	3872M
SRR6960509_k141_45420	SRR6960509_NODE_1568_length_4222_cov_56.208303	7560	1.00	0.000E+00	4218	0	4219	3	4221	4222	4218	0	0	2	4219M
SRR6960551_k141_33688	SRR6960551_NODE_502_length_4120_cov_625.932595	7309	0.996	0.000E+00	4120	0	4150	0	4119	4120	4149	0	0	1	345M1I3775M
SRR7976299_k141_21962	SRR7976299_NODE_83_length_4009_cov_16.055387	7094	0.999	0.000E+00	0	3965	3966	0	3965	4009	0	3965	0	1	3966M
SRR7976310_k141_15385	SRR6255746_NODE_660_length_4095_cov_96.140099	7160	0.996	0.000E+00	785	4812	4814	67	4094	4095	0	4813	0	1	4028M
SRR6960799_k141_106116	SRR6960799_NODE_985_length_3536_cov_20.851479	6333	1.00	0.000E+00	3533	0	3534	2	3535	3536	3533	0	0	1	3534M
SRR5466728_k141_34192	SRR5466728_NODE_741_length_3615_cov_42.991011	6334	0.995	0.000E+00	65	3641	3828	0	3576	3615	0	3827	0	301	3577M
SRR5467090_k141_42193	SRR5467090_NODE_693_length_3912_cov_49.662432	6998	0.999	0.000E+00	3909	0	3910	0	3909	3912	3909	0	0	1	3910M
SRR6253161_k141_64253	SRR6253161_NODE_984_length_4216_cov_15.915886	7472	1.00	0.000E+00	4169	0	4170	0	4169	4216	4169	0	0	1	4170M
SRR6253161_k141_64253	SRR6254353_NODE_845_length_4179_cov_7.931135	7277	0.999	0.000E+00	4169	104	4170	10	4075	4179	4169	0	0	1	4066M
SRR6253161_k141_64253	SRR6255513_NODE_641_length_4109_cov_6.981746	7257	0.999	0.000E+00	105	4161	4170	51	4107	4109	0	4169	0	1	4057M
SRR6255733_k141_18943	SRR5466723_NODE_507_length_4451_cov_392.136715	7822	0.999	0.000E+00	2	4376	4592	2	4376	4451	0	4591	0	3	4375M
SRR7976295_k141_9071	SRR6960507_NODE_1551_length_3806_cov_449.664623	6622	0.999	0.000E+00	7	3704	3788	53	3750	3806	0	3787	0	1	3698M
SRR7976300_k141_43130	SRR7976300_NODE_1745_length_3394_cov_13.174903	6078	0.999	0.000E+00	0	3393	3394	0	3393	3394	0	3393	0	1	3394M
SRR7976310_k141_68958	SRR7976310_NODE_637_length_4155_cov_16.578293	7416	0.999	0.000E+00	0	4140	4141	2	4142	4155	0	4140	0	1	4141M
SRR6960803_k141_11595	SRR6960803_NODE_1807_length_4423_cov_17.782280	7917	1.00	0.000E+00	4417	0	4418	5	4422	4423	4417	0	0	1	4418M
SRR6960799_k141_59247	SRR7976325_NODE_202_length_4216_cov_5.557558	7524	0.999	0.000E+00	0	4200	4206	15	4215	4216	0	4205	0	1	4201M
SRR6960803_k141_25808	SRR6960803_NODE_1952_length_4276_cov_55.650557	7619	0.998	0.000E+00	0	4268	4269	0	4268	4276	0	4268	0	1	4269M
SRR6960799_k141_7030	SRR6960799_NODE_969_length_3555_cov_12.087429	6295	0.996	0.000E+00	0	3544	3546	0	3544	3555	0	3545	0	1	3545M
SRR6960799_k141_7030	SRR7976325_NODE_422_length_3504_cov_14.104088	6080	0.993	0.000E+00	101	3545	3546	58	3502	3504	0	3545	0	1	3445M
SRR7976357_k141_77023	SRR6960803_NODE_1962_length_4267_cov_10.225783	7610	0.998	0.000E+00	4263	0	4264	3	4266	4267	4263	0	0	2	4264M
SRR7976325_k141_50920	SRR6960799_NODE_1091_length_3398_cov_4.024828	6023	0.997	0.000E+00	3454	74	3456	17	3397	3398	3455	0	0	1	3381M
SRR7976356_k141_39722	SRR7976356_NODE_1705_length_3919_cov_50.756988	7012	0.999	0.000E+00	0	3917	3918	0	3917	3919	0	3917	0	1	3918M
SRR6960507_k141_27064	SRR6960507_NODE_1337_length_4040_cov_10.257465	7218	1.00	0.000E+00	0	4027	4028	3	4030	4040	0	4027	0	1	4028M
SRR5466365_k141_38362	SRR5466364_NODE_1997_length_3590_cov_13.618388	6168	0.994	0.000E+00	0	3491	3586	6	3497	3590	0	3585	0	1	3492M
SRR5466725_k141_88082	SRR5466725_NODE_2753_length_3569_cov_23.750711	6382	0.999	0.000E+00	3568	0	3569	0	3568	3569	3568	0	0	1	3569M
SRR5466728_k141_7134	SRR5467091_NODE_881_length_4144_cov_109.157007	7254	0.999	0.000E+00	384	4436	4437	53	4105	4144	0	4436	0	1	4053M
SRR5467090_k141_17794	SRR5467090_NODE_510_length_4402_cov_7.060271	7817	0.999	0.000E+00	0	4364	4365	7	4371	4402	0	4364	0	1	4365M
SRR6960551_k141_16953	SRR6960551_NODE_896_length_3231_cov_12.414987	5781	0.999	0.000E+00	3230	0	3231	0	3230	3231	3230	0	0	1	3231M
SRR7976299_k141_21390	SRR7976299_NODE_54_length_4426_cov_56.695264	7804	1.00	0.000E+00	4356	2	4357	23	4377	4426	4356	0	0	1	4355M
SRR7976301_k141_40537	SRR7976301_NODE_648_length_4228_cov_19.360412	7564	0.999	0.000E+00	4225	0	4226	1	4226	4228	4225	0	0	1	4226M
SRR5995670_k141_34641	SRR5995670_NODE_206_length_4359_cov_29.900790	7625	0.998	0.000E+00	4263	0	4264	0	4267	4359	4263	0	0	1	17M4D4247M
SRR6960801_k141_38557	SRR7976327_NODE_3607_length_3686_cov_24.101625	6455	0.992	0.000E+00	5	3673	3674	0	3670	3686	0	3673	0	1	3607M2D62M
SRR6960799_k141_81303	SRR7976325_NODE_229_length_4073_cov_7.327526	7267	0.998	0.000E+00	4079	7	4083	0	4072	4073	4082	0	0	1	4073M
SRR7976323_k141_64081	SRR7976323_NODE_2075_length_3718_cov_20.528256	6522	0.991	0.000E+00	3718	0	3719	0	3717	3718	3718	0	0	1	3631M1I87M
SRR7976325_k141_11380	SRR7976325_NODE_265_length_3920_cov_8.556533	6944	0.995	0.000E+00	0	3914	3915	5	3919	3920	0	3914	0	1	3915M
SRR7976323_k141_17376	SRR7976323_NODE_2536_length_3386_cov_17.979586	5967	0.996	0.000E+00	0	3356	3357	8	3364	3386	0	3356	0	1	3357M
SRR7976325_k141_2311	SRR7976325_NODE_314_length_3766_cov_8.667745	6686	0.996	0.000E+00	0	3765	3766	0	3765	3766	0	3765	0	1	3766M
SRR6050738_k141_7191	SRR5467139_NODE_152_length_3558_cov_5.667999	6276	0.996	0.000E+00	4	3535	3545	26	3557	3558	0	3544	0	1	3532M
SRR6960507_k141_38097	SRR6960507_NODE_1112_length_4350_cov_11.605821	7791	0.999	0.000E+00	0	4349	4350	0	4349	4350	0	4349	0	1	4350M
SRR5466725_k141_104948	SRR5466725_NODE_2333_length_3892_cov_37.371384	6973	1.00	0.000E+00	0	3890	3891	1	3891	3892	0	3890	0	1	3891M
SRR5466729_k141_46725	SRR5466725_NODE_2332_length_3892_cov_45.417253	6953	0.999	0.000E+00	0	3884	3885	2	3886	3892	0	3884	0	1	3885M
SRR5467091_k141_11888	SRR5467091_NODE_1145_length_3708_cov_14.630714	6640	0.999	0.000E+00	3707	0	3708	0	3707	3708	3707	0	0	1	3708M
SRR6255746_k141_8289	SRR6255746_NODE_917_length_3546_cov_6.220281	6351	1.00	0.000E+00	0	3543	3544	0	3543	3546	0	3543	0	1	3544M
SRR5466725_k141_26651	SRR5466725_NODE_2085_length_4095_cov_11.538119	7306	1.00	0.000E+00	4076	0	4077	18	4094	4095	4076	0	0	1	4077M
SRR5467091_k141_67650	SRR5467091_NODE_1050_length_3846_cov_18.587444	6879	0.999	0.000E+00	3845	0	3846	0	3845	3846	3845	0	0	1	3846M
SRR6254893_k141_22990	SRR6255402_NODE_587_length_4347_cov_40.227866	7646	0.999	0.000E+00	0	4273	4341	30	4302	4347	0	4340	0	1	4267M1I6M
SRR6254893_k141_22990	SRR5466337_NODE_551_length_4774_cov_58.392456	7636	0.999	0.000E+00	4265	0	4341	475	4740	4774	4340	0	0	1	4266M
SRR6254893_k141_22990	SRR5466366_NODE_1455_length_4383_cov_58.046673	7543	0.999	0.000E+00	4266	55	4341	0	4211	4383	4340	0	0	1	4212M
SRR6960509_k141_51815	SRR6960509_NODE_2416_length_3506_cov_662.004347	6260	0.998	0.000E+00	0	3505	3937	0	3505	3506	0	3936	0	3	3506M
SRR6960551_k141_73980	SRR6960551_NODE_604_length_3801_cov_9.632408	6802	0.999	0.000E+00	0	3800	3801	0	3800	3801	0	3800	0	1	3801M
SRR7976299_k141_8599	SRR7976299_NODE_112_length_3766_cov_184.583401	6749	1.00	0.000E+00	3765	0	3766	0	3765	3766	3765	0	0	1	3766M
SRR7976301_k141_79144	SRR7976301_NODE_1095_length_3429_cov_4.849140	6126	0.999	0.000E+00	3420	0	3421	0	3420	3429	3420	0	0	1	3421M
SRR6960799_k141_15981	SRR6960799_NODE_927_length_3595_cov_10.841808	6411	0.998	0.000E+00	3594	0	3595	0	3594	3595	3594	0	0	1	3595M
SRR5466727_k141_57755	SRR5466727_NODE_1168_length_4281_cov_67.608850	7671	1.00	0.000E+00	36	4316	4317	0	4280	4281	0	4316	0	301	4281M
SRR5467091_k141_58829	SRR5467091_NODE_886_length_4136_cov_9.465817	7378	0.999	0.000E+00	4119	0	4120	15	4134	4136	4119	0	0	1	4120M
SRR6255733_k141_34695	SRR6255746_NODE_845_length_3701_cov_12.812123	6607	0.999	0.000E+00	0	3691	3692	3	3694	3701	0	3691	0	1	3692M
SRR6960549_k141_22075	SRR7976301_NODE_657_length_4201_cov_1217.076942	7429	0.999	0.000E+00	4150	0	4617	35	4185	4201	4616	0	0	1	4151M
SRR6960797_k141_33853	SRR6960797_NODE_620_length_3637_cov_17.760748	6509	1.00	0.000E+00	0	3631	3632	0	3631	3637	0	3631	0	1	3632M
SRR7976300_k141_31841	SRR7976300_NODE_1350_length_3790_cov_21.228380	6769	0.998	0.000E+00	0	3789	3790	0	3789	3790	0	3789	0	1	3790M
SRR7976310_k141_33021	SRR7976310_NODE_738_length_3904_cov_909.284749	6608	0.999	0.000E+00	304	3999	4000	183	3879	3904	0	3999	0	1	6M1D3690M
SRR7976310_k141_33021	SRR6960549_NODE_112_length_3766_cov_88.634600	6605	0.999	0.000E+00	309	3999	4000	54	3744	3766	0	3999	0	1	3691M
SRR7976310_k141_33021	SRR5467090_NODE_763_length_3758_cov_70.681069	6493	0.992	0.000E+00	3998	305	4000	0	3693	3758	3999	0	0	1	377M1I3311M1D5M
SRR7976310_k141_33021	SRR5466729_NODE_1392_length_3730_cov_106.350748	6471	0.994	0.000E+00	339	3999	4000	47	3707	3730	0	3999	0	1	3661M
SRR7976310_k141_33021	SRR6255521_NODE_724_length_3361_cov_16.529038	5819	0.993	0.000E+00	304	3606	4000	8	3311	3361	0	3999	0	1	6M1D3297M
SRR6960803_k141_29189	SRR6960803_NODE_2476_length_3792_cov_180.473910	6786	1.00	0.000E+00	3786	0	4252	0	3786	3792	4251	0	0	5	3787M
SRR6960803_k141_29189	SRR7976356_NODE_1821_length_3798_cov_137.622495	6687	0.999	0.000E+00	0	3733	4252	0	3733	3798	0	4251	0	5	3734M
SRR6960799_k141_12016	SRR6960799_NODE_663_length_3990_cov_5.744346	7134	1.00	0.000E+00	0	3980	3981	0	3980	3990	0	3980	0	2	3981M
SRR7976356_k141_34772	SRR6960803_NODE_3017_length_3441_cov_73.923509	5968	0.999	0.000E+00	83	3417	3418	99	3433	3441	0	3417	0	1	3335M
SRR5466725_k141_88125	SRR5466727_NODE_1812_length_3445_cov_71.952212	6003	0.992	0.000E+00	3414	0	3415	0	3414	3445	3414	0	0	1	3415M
SRR5466728_k141_23485	SRR5466728_NODE_798_length_3491_cov_13.597497	6211	0.997	0.000E+00	3490	0	3491	0	3490	3491	3490	0	0	1	3491M
SRR5467090_k141_58077	SRR5467090_NODE_701_length_3901_cov_12.065523	6978	0.999	0.000E+00	3902	0	3903	0	3900	3901	3902	0	0	1	3742M2I159M
SRR6253161_k141_60417	SRR6253161_NODE_1220_length_3903_cov_11.055613	6992	1.00	0.000E+00	3901	0	3902	1	3902	3903	3901	0	0	1	3902M
SRR6255746_k141_24303	SRR6255746_NODE_753_length_3897_cov_275.386517	6959	0.998	0.000E+00	0	3895	3896	0	3895	3897	0	3895	0	1	3896M
SRR6960551_k141_905	SRR6960551_NODE_682_length_3643_cov_18.476867	6372	0.997	0.000E+00	0	3577	3578	65	3642	3643	0	3577	0	1	3578M
SRR7976299_k141_19543	SRR6960549_NODE_93_length_3950_cov_13.887805	7015	0.996	0.000E+00	197	4143	4161	3	3949	3950	0	4160	0	1	3947M
SRR6960509_k141_113775	SRR6960551_NODE_777_length_3466_cov_277.086485	6176	0.999	0.000E+00	3453	0	3454	10	3463	3466	3453	0	0	1	3454M
SRR6960551_k141_22051	SRR6960551_NODE_661_length_3691_cov_9.254675	6552	1.00	0.000E+00	0	3655	3656	18	3673	3691	0	3655	0	1	3656M
SRR7976301_k141_30412	SRR7976301_NODE_944_length_3660_cov_61.760055	6557	1.00	0.000E+00	0	3658	3659	0	3658	3660	0	3658	0	1	3659M
SRR6960799_k141_15736	SRR6960799_NODE_901_length_3621_cov_11.812956	6476	1.00	0.000E+00	0	3613	3614	0	3613	3621	0	3613	0	1	3614M
SRR7976324_k141_12864	SRR7976324_NODE_494_length_3574_cov_39.096903	6400	0.999	0.000E+00	3597	24	3598	0	3573	3574	3597	0	0	1	3574M
SRR7976326_k141_7835	SRR7976325_NODE_323_length_3756_cov_9.286139	6639	0.994	0.000E+00	3754	0	3760	0	3754	3756	3759	0	0	1	3755M
SRR7976325_k141_60758	SRR6960799_NODE_813_length_3739_cov_9.918838	6617	0.998	0.000E+00	3710	1	3711	0	3709	3739	3710	0	0	1	3710M
SRR5208570_k141_63256	SRR5467139_NODE_105_length_3985_cov_64.189567	6892	0.992	0.000E+00	3915	0	3943	0	3915	3985	3942	0	0	1	3916M
SRR6960507_k141_52382	SRR6960507_NODE_1791_length_3606_cov_20.511687	6431	0.998	0.000E+00	3689	84	3690	0	3605	3606	3689	0	0	1	3606M
SRR6960509_k141_62682	SRR6960551_NODE_571_length_3910_cov_23.421530	6974	0.999	0.000E+00	3898	0	3899	10	3908	3910	3898	0	0	1	3899M
SRR6960551_k141_55029	SRR6960551_NODE_759_length_3499_cov_10.450058	6231	1.00	0.000E+00	3476	0	3477	20	3496	3499	3476	0	0	1	3477M
SRR7976310_k141_20899	SRR7976301_NODE_841_length_3850_cov_439.519631	6587	0.999	0.000E+00	102	3779	4113	7	3684	3850	0	4112	0	1	3678M
SRR6960799_k141_24731	SRR6960799_NODE_2403_length_2470_cov_3.202899	4354	0.999	0.000E+00	666	3097	3098	0	2431	2470	0	3097	0	1	2432M
SRR7976357_k141_78294	SRR7976357_NODE_2079_length_3827_cov_17.130170	6704	0.991	0.000E+00	3890	63	3891	0	3826	3827	3890	0	0	1	2418M1I1409M
SRR7976325_k141_4451	SRR7976325_NODE_461_length_3364_cov_7.510426	5964	1.00	0.000E+00	3327	0	3328	6	3333	3364	3327	0	0	1	3328M
SRR6960802_k141_19206	SRR7976323_NODE_1608_length_4164_cov_22.730835	7337	0.993	0.000E+00	4225	67	4321	6	4163	4164	4320	0	0	1	9M1I4149M
SRR5208575_k141_13103	SRR5467139_NODE_124_length_3819_cov_12.196334	6808	0.998	0.000E+00	3840	25	3841	1	3818	3819	3840	0	0	1	69M2D3747M
SRR5466725_k141_81091	SRR5466725_NODE_2829_length_3509_cov_14.720903	6276	0.999	0.000E+00	3508	0	3509	0	3507	3509	3508	0	0	301	67M1I3441M
SRR5466728_k141_58640	SRR5466728_NODE_571_length_3981_cov_21.384870	7129	0.999	0.000E+00	3980	0	3981	0	3980	3981	3980	0	0	1	3981M
SRR5467090_k141_17386	SRR5467090_NODE_678_length_3946_cov_14.905423	7025	0.999	0.000E+00	3927	0	3958	18	3945	3946	3957	0	0	1	3928M
SRR6255733_k141_1932	SRR5466725_NODE_2066_length_4106_cov_603.948408	7210	0.999	0.000E+00	80	4105	4107	80	4105	4106	0	4106	0	1	4026M
SRR6960551_k141_62068	SRR6960551_NODE_527_length_4040_cov_644.404768	7228	0.999	0.000E+00	0	4035	4036	0	4035	4040	0	4035	0	1	4036M
SRR7976299_k141_1552	SRR7976299_NODE_75_length_4110_cov_61.206165	7363	1.00	0.000E+00	83	4191	4192	0	4108	4110	0	4191	0	1	4109M
SRR6960799_k141_44674	SRR6960799_NODE_720_length_3876_cov_8.574719	6878	0.996	0.000E+00	0	3867	3868	8	3875	3876	0	3867	0	1	3868M
SRR7976326_k141_23424	SRR7976326_NODE_135_length_3933_cov_14.606498	7044	1.00	0.000E+00	0	3930	3931	2	3932	3933	0	3930	0	1	3931M
SRR7976325_k141_15024	SRR7976325_NODE_308_length_3782_cov_10.706735	6777	1.00	0.000E+00	0	3781	3782	0	3781	3782	0	3781	0	1	3782M
SRR6050738_k141_19708	SRR6050738_NODE_86_length_4027_cov_37.475831	7109	0.997	0.000E+00	0	3991	3992	35	4026	4027	0	3991	0	1	3992M
SRR6960507_k141_71808	SRR7976300_NODE_1546_length_3579_cov_11.122304	6346	0.999	0.000E+00	0	3545	3547	33	3578	3579	0	3546	0	1	3546M
SRR5466725_k141_105491	SRR5466727_NODE_1417_length_3904_cov_14.665368	6908	0.998	0.000E+00	3870	1	3871	34	3903	3904	3870	0	0	1	3870M
SRR5466729_k141_24804	SRR5466729_NODE_944_length_4363_cov_61.919916	7814	0.999	0.000E+00	0	4362	4453	0	4362	4363	0	4452	0	1	4363M
SRR5466729_k141_24804	SRR5466725_NODE_1810_length_4359_cov_75.370818	7713	0.999	0.000E+00	4308	0	4453	0	4308	4359	4452	0	0	1	4309M
SRR5467091_k141_7043	SRR6960551_NODE_502_length_4120_cov_625.932595	7086	0.990	0.000E+00	3	4056	4061	53	4106	4120	0	4060	0	2	4054M
SRR6254353_k141_70744	SRR6254353_NODE_909_length_4047_cov_11.011774	7252	1.00	0.000E+00	4046	0	4047	0	4046	4047	4046	0	0	1	4047M
SRR5466727_k141_58486	SRR5466727_NODE_1569_length_3729_cov_21.340773	6660	0.998	0.000E+00	162	3890	3891	0	3728	3729	0	3890	0	1	3729M
SRR5466729_k141_66119	SRR5466727_NODE_1185_length_4246_cov_170.884992	7598	1.00	0.000E+00	0	4239	4240	5	4244	4246	0	4239	0	1	4240M
SRR5467091_k141_2372	SRR5466725_NODE_2497_length_3765_cov_31.515094	6587	0.994	0.000E+00	3730	0	3731	13	3743	3765	3730	0	0	1	3731M
SRR5467091_k141_2372	SRR5466723_NODE_779_length_3710_cov_11.741450	6461	0.994	0.000E+00	52	3709	3731	0	3657	3710	0	3730	0	1	3658M
SRR6255402_k141_13499	SRR6255402_NODE_651_length_4076_cov_54.120865	7304	1.00	0.000E+00	0	4075	4779	0	4075	4076	0	4778	0	2	4076M
SRR6255402_k141_13499	SRR6254353_NODE_662_length_4609_cov_65.315766	7198	1.00	0.000E+00	0	4016	4779	1	4017	4609	0	4778	0	2	4017M
SRR6255402_k141_13499	SRR5466369_NODE_2112_length_4076_cov_67.486446	7190	0.999	0.000E+00	4014	0	4779	54	4068	4076	4778	0	0	2	4015M
SRR6255402_k141_13499	SRR5466338_NODE_1946_length_4074_cov_96.326201	7179	1.00	0.000E+00	0	4005	4779	14	4019	4074	0	4778	0	2	4006M
SRR6255402_k141_13499	SRR6253161_NODE_160_length_7616_cov_70.706124	7175	1.00	0.000E+00	0	4003	4779	14	4017	7616	0	4778	0	2	4004M
SRR6255402_k141_13499	SRR5466366_NODE_1722_length_4064_cov_71.503866	7170	1.00	0.000E+00	0	4000	4779	8	4008	4064	0	4778	0	2	4001M
SRR6960509_k141_77717	SRR6960509_NODE_2198_length_3655_cov_99.191944	6534	0.999	0.000E+00	0	3650	3673	1	3651	3655	0	3672	0	6	3651M
SRR6960551_k141_39410	SRR6960551_NODE_736_length_3536_cov_21.101408	6295	0.998	0.000E+00	3522	0	3523	12	3534	3536	3522	0	0	1	3523M
SRR7976299_k141_17787	SRR7976299_NODE_78_length_4061_cov_51.700949	7258	1.00	0.000E+00	0	4049	4050	10	4059	4061	0	4049	0	1	4050M
SRR7976310_k141_70985	SRR7976310_NODE_1024_length_3420_cov_10.773848	6092	0.998	0.000E+00	3411	0	3412	7	3418	3420	3411	0	0	1	3412M
SRR6960799_k141_32346	SRR6960799_NODE_566_length_4194_cov_4.776516	7492	1.00	0.000E+00	0	4180	4181	10	4190	4194	0	4180	0	1	4181M
SRR7976357_k141_64047	SRR7976357_NODE_2308_length_3641_cov_200.434467	6452	0.999	0.000E+00	103	3705	3706	7	3609	3641	0	3705	0	301	3603M
SRR6050716_k141_3189	SRR6050698_NODE_145_length_3891_cov_276.085506	6780	0.994	0.000E+00	3836	1	3861	55	3890	3891	3860	0	0	1	3836M
SRR5466365_k141_56011	SRR5466365_NODE_939_length_4158_cov_60.803071	7451	1.00	0.000E+00	4157	0	4158	0	4157	4158	4157	0	0	1	4158M
SRR5466365_k141_56011	SRR5466337_NODE_889_length_4031_cov_58.470322	7072	0.999	0.000E+00	32	3980	4158	13	3961	4031	0	4157	0	1	3949M
SRR5466365_k141_56011	SRR5466369_NODE_2169_length_4036_cov_45.871640	7072	0.999	0.000E+00	3981	33	4158	67	4015	4036	4157	0	0	1	3949M
SRR5466725_k141_108433	SRR5466725_NODE_1991_length_4188_cov_73.351077	7460	0.999	0.000E+00	0	4169	4170	19	4187	4188	0	4169	0	3	22M1I4147M
SRR5466728_k141_50028	SRR5466728_NODE_398_length_4555_cov_160.300667	8150	1.00	0.000E+00	4547	0	4548	4	4551	4555	4547	0	0	1	4548M
SRR5466728_k141_50028	SRR5467091_NODE_1048_length_3846_cov_76.328673	6783	0.999	0.000E+00	758	4547	4548	53	3842	3846	0	4547	0	1	3790M
SRR5467090_k141_56235	SRR5467090_NODE_709_length_3883_cov_370.305904	6771	0.999	0.000E+00	168	3954	4201	38	3825	3883	0	4200	0	2	3718M1D69M
SRR6255733_k141_1727	SRR6255746_NODE_660_length_4095_cov_96.140099	7332	0.999	0.000E+00	0	4093	4094	1	4094	4095	0	4093	0	1	4094M
SRR5466369_k141_105454	SRR5466369_NODE_2264_length_3936_cov_51.981190	7017	0.997	0.000E+00	4	3939	3940	0	3935	3936	0	3939	0	1	3936M
SRR5466369_k141_105454	SRR6255402_NODE_694_length_3928_cov_22.376452	6898	0.996	0.000E+00	3939	58	3940	3	3884	3928	3939	0	0	1	3882M
SRR5466369_k141_105454	SRR6253256_NODE_807_length_3939_cov_27.877188	6893	0.996	0.000E+00	56	3939	3940	52	3935	3939	0	3939	0	1	3884M
SRR5466369_k141_105454	SRR6254351_NODE_846_length_3937_cov_24.258114	6885	0.995	0.000E+00	58	3939	3940	53	3934	3937	0	3939	0	1	3882M
SRR5466369_k141_105454	SRR5466337_NODE_823_length_4144_cov_59.227929	6864	0.996	0.000E+00	3921	59	3940	0	3862	4144	3939	0	0	1	3863M
SRR5466727_k141_25114	SRR6255746_NODE_753_length_3897_cov_275.386517	6691	0.997	0.000E+00	86	3844	3845	63	3821	3897	0	3844	0	5	3759M
SRR5467090_k141_19986	SRR5467090_NODE_809_length_3681_cov_18.503861	6549	0.998	0.000E+00	3666	0	3667	0	3666	3681	3666	0	0	1	3667M
SRR5467091_k141_46778	SRR5467091_NODE_850_length_4194_cov_18.646291	7493	0.999	0.000E+00	4188	0	4189	5	4193	4194	4188	0	0	1	4189M
SRR6255513_k141_14127	SRR5466365_NODE_1611_length_3385_cov_160.479880	5788	0.995	0.000E+00	3442	175	3443	6	3276	3385	3442	0	0	1	86M3D3182M
SRR6255513_k141_14127	SRR6255402_NODE_905_length_3366_cov_103.943522	5781	0.994	0.000E+00	174	3442	3443	93	3364	3366	0	3442	0	1	3182M3D87M
SRR6255513_k141_14127	SRR5466337_NODE_1441_length_3392_cov_151.409949	5779	0.994	0.000E+00	3442	175	3443	1	3271	3392	3442	0	0	1	86M3D3182M
SRR6255513_k141_14127	SRR5466338_NODE_2707_length_3400_cov_189.050523	5779	0.994	0.000E+00	3442	175	3443	57	3325	3400	3442	0	0	1	86M1D3182M
SRR6255513_k141_14127	SRR6255521_NODE_559_length_3685_cov_63.560055	5768	0.994	0.000E+00	3442	175	3443	7	3273	3685	3442	0	0	1	56M1I3211M
SRR6255513_k141_14127	SRR6254352_NODE_1795_length_3432_cov_367.816405	5362	0.998	0.000E+00	3181	175	3443	351	3357	3432	3442	0	0	1	3007M
SRR6960509_k141_55461	SRR6960509_NODE_2412_length_3508_cov_9.216044	6282	0.999	0.000E+00	3507	0	3508	0	3507	3508	3507	0	0	6	3508M
SRR6960551_k141_80417	SRR6960509_NODE_1593_length_4196_cov_20.537310	7486	0.998	0.000E+00	4195	1	4196	0	4194	4196	4195	0	0	1	4195M
SRR7976300_k141_45019	SRR7976300_NODE_874_length_4513_cov_28.319874	8068	0.999	0.000E+00	4504	0	4505	8	4512	4513	4504	0	0	1	4505M
SRR7976310_k141_30854	SRR7976310_NODE_825_length_3741_cov_13.332881	6700	1.00	0.000E+00	3738	0	3739	2	3740	3741	3738	0	0	1	3739M
SRR6960799_k141_3351	SRR6960799_NODE_665_length_3983_cov_86.079939	7103	0.999	0.000E+00	24	3992	3993	11	3979	3983	0	3992	0	1	3969M
SRR6960540_k141_616	SRR6960549_NODE_93_length_3950_cov_13.887805	6878	0.990	0.000E+00	3927	0	4573	8	3935	3950	4572	0	0	1	3928M
SRR6960551_k141_40029	SRR6960551_NODE_632_length_3737_cov_8.989680	6661	0.997	0.000E+00	0	3736	3737	0	3736	3737	0	3736	0	1	3737M
SRR7976310_k141_56246	SRR7976310_NODE_684_length_4038_cov_123.118755	7202	0.999	0.000E+00	4065	37	4066	8	4036	4038	4065	0	0	1	4029M
SRR6960799_k141_100848	SRR6960799_NODE_597_length_4118_cov_20.803101	7370	0.999	0.000E+00	4117	0	4118	0	4117	4118	4117	0	0	1	4118M
SRR7976357_k141_18718	SRR7976357_NODE_2157_length_3762_cov_7.384947	6716	0.999	0.000E+00	3754	0	3755	4	3758	3762	3754	0	0	1	3755M
SRR7976325_k141_54772	SRR6960799_NODE_782_length_3777_cov_15.839065	6596	0.991	0.000E+00	3762	0	3796	0	3762	3777	3795	0	0	1	3763M
SRR6960802_k141_80032	SRR7976323_NODE_2075_length_3718_cov_20.528256	6458	0.991	0.000E+00	3685	0	3686	33	3717	3718	3685	0	0	1	3598M1I87M
SRR5467137_k141_286	SRR6050528_NODE_179_length_3415_cov_16.841667	6094	0.999	0.000E+00	0	3407	3508	6	3413	3415	0	3507	0	1	3408M
SRR5466338_k141_74943	SRR5466338_NODE_2155_length_3856_cov_379.217311	6586	0.999	0.000E+00	3679	0	3680	176	3855	3856	3679	0	0	1	3680M
SRR5466337_k141_37572	SRR5466337_NODE_1441_length_3392_cov_151.409949	6039	0.997	0.000E+00	3451	64	3452	1	3391	3392	3451	0	0	1	86M3D3302M
SRR5466337_k141_37572	SRR5466338_NODE_2707_length_3400_cov_189.050523	5942	0.997	0.000E+00	3451	118	3452	57	3391	3400	3451	0	0	1	86M1D3248M
SRR5466337_k141_37572	SRR6255521_NODE_559_length_3685_cov_63.560055	5931	0.997	0.000E+00	3451	118	3452	7	3339	3685	3451	0	0	1	56M1I3277M
SRR5466337_k141_37572	SRR5466365_NODE_1611_length_3385_cov_160.479880	5926	0.996	0.000E+00	3451	117	3452	6	3343	3385	3451	0	0	1	86M3D3249M
SRR5466337_k141_37572	SRR6255402_NODE_905_length_3366_cov_103.943522	5891	0.996	0.000E+00	139	3451	3452	49	3364	3366	0	3451	0	1	3226M3D87M
SRR5466337_k141_37572	SRR6254352_NODE_1795_length_3432_cov_367.816405	5494	0.999	0.000E+00	3190	118	3452	351	3423	3432	3451	0	0	1	3073M
SRR5466727_k141_59381	SRR5466727_NODE_1591_length_3697_cov_12.514827	6616	0.999	0.000E+00	0	3696	3697	0	3696	3697	0	3696	0	6	3697M
SRR5467090_k141_30108	SRR5466728_NODE_896_length_3356_cov_9.187822	6009	1.00	0.000E+00	0	3352	3353	0	3352	3356	0	3352	0	1	3353M
SRR5467090_k141_30108	SRR5467090_NODE_1046_length_3347_cov_14.357230	5539	0.999	0.000E+00	190	3285	3353	201	3296	3347	0	3352	0	1	3096M
SRR5467091_k141_26185	SRR5467091_NODE_1037_length_3870_cov_11.642202	6925	0.999	0.000E+00	3866	0	3867	0	3866	3870	3866	0	0	2	3867M
SRR6960549_k141_2910	SRR6960549_NODE_95_length_3930_cov_151.721032	6869	0.999	0.000E+00	383	4220	4221	90	3927	3930	0	4220	0	1	3838M
SRR7976300_k141_11822	SRR7976300_NODE_1561_length_3559_cov_9.446918	6368	0.999	0.000E+00	3555	0	3556	0	3555	3559	3555	0	0	1	3556M
SRR7976310_k141_1371	SRR7976310_NODE_898_length_3618_cov_30.891384	6473	1.00	0.000E+00	3611	0	3612	0	3611	3618	3611	0	0	1	3612M
SRR6960551_k141_15714	SRR6960797_NODE_647_length_3579_cov_331.749149	6270	0.991	0.000E+00	3573	0	3574	3	3576	3579	3573	0	0	301	3574M
SRR7976299_k141_14857	SRR7976299_NODE_104_length_3819_cov_8.555792	6804	1.00	0.000E+00	3796	0	3797	2	3798	3819	3796	0	0	1	3797M
SRR7976300_k141_16200	SRR7976300_NODE_1744_length_3395_cov_12.125150	5996	1.00	0.000E+00	0	3345	3346	0	3345	3395	0	3345	0	1	3346M
SRR7976310_k141_68980	SRR7976301_NODE_851_length_3831_cov_12.051642	6811	0.997	0.000E+00	0	3820	3822	10	3830	3831	0	3821	0	1	3821M
SRR6960803_k141_17377	SRR7976357_NODE_2620_length_3424_cov_27.344613	6070	0.996	0.000E+00	0	3417	3418	5	3423	3424	0	3417	0	1	3382M1D36M
SRR6960799_k141_118211	SRR6960799_NODE_834_length_3716_cov_8.385141	6610	0.999	0.000E+00	3690	0	3691	0	3690	3716	3690	0	0	1	3691M
SRR7976357_k141_70866	SRR7976357_NODE_2502_length_3499_cov_12.779617	6226	0.997	0.000E+00	0	3498	3499	1	3498	3499	0	3498	0	1	55M1I3443M
SRR7976325_k141_22650	SRR6960799_NODE_778_length_3779_cov_6.191998	6730	0.999	0.000E+00	0	3762	3763	4	3766	3779	0	3762	0	1	3763M
SRR7976356_k141_21660	SRR7976356_NODE_2050_length_3592_cov_56.719254	6437	1.00	0.000E+00	0	3591	3592	0	3591	3592	0	3591	0	1	3592M
SRR6960551_k141_73613	SRR6960551_NODE_553_length_3962_cov_7.526235	7016	1.00	0.000E+00	0	3914	3915	0	3914	3962	0	3914	0	1	3915M
SRR7976299_k141_3810	SRR7976299_NODE_76_length_4073_cov_11.004978	7245	1.00	0.000E+00	4042	0	4043	0	4042	4073	4042	0	0	1	4043M
SRR7976301_k141_73094	SRR7976301_NODE_560_length_4439_cov_246.382299	4156	0.998	0.000E+00	3473	1145	3474	0	2328	4439	3473	0	0	1	2329M
SRR5995670_k141_7373	SRR5995670_NODE_295_length_3676_cov_46.530516	6504	0.999	0.000E+00	3632	1	3633	0	3631	3676	3632	0	0	1	3632M
SRR6960799_k141_97462	SRR6960799_NODE_952_length_3567_cov_25.525057	6377	0.999	0.000E+00	0	3560	3561	5	3565	3567	0	3560	0	1	3561M
SRR6960799_k141_74099	SRR7976325_NODE_320_length_3760_cov_11.110661	6702	0.999	0.000E+00	0	3744	3745	7	3751	3760	0	3744	0	1	3745M
SRR7976323_k141_84413	SRR6960802_NODE_1589_length_3509_cov_49.581065	6281	1.00	0.000E+00	3504	0	3505	4	3508	3509	3504	0	0	1	3505M
SRR7976325_k141_28131	SRR7976325_NODE_473_length_3335_cov_4.850305	5940	0.999	0.000E+00	0	3323	3324	9	3331	3335	0	3323	0	1	1171M1I2152M
SRR6050738_k141_1958	SRR5467139_NODE_147_length_3607_cov_10.762669	6413	0.998	0.000E+00	3590	0	3592	0	3590	3607	3591	0	0	1	3591M
SRR6960507_k141_64340	SRR6960507_NODE_1710_length_3663_cov_34.662694	6555	0.999	0.000E+00	3662	0	3663	0	3662	3663	3662	0	0	1	3663M
SRR5466366_k141_40490	SRR5466366_NODE_1722_length_4064_cov_71.503866	7268	1.00	0.000E+00	0	4055	4080	8	4063	4064	0	4079	0	1	4056M
SRR5466366_k141_40490	SRR5466338_NODE_1946_length_4074_cov_96.326201	7170	1.00	0.000E+00	0	4000	4080	14	4014	4074	0	4079	0	1	4001M
SRR5466366_k141_40490	SRR6255402_NODE_651_length_4076_cov_54.120865	7170	1.00	0.000E+00	0	4000	4080	0	4000	4076	0	4079	0	1	4001M
SRR5466366_k141_40490	SRR6254353_NODE_662_length_4609_cov_65.315766	7170	1.00	0.000E+00	0	4000	4080	1	4001	4609	0	4079	0	1	4001M
SRR5466366_k141_40490	SRR6253161_NODE_160_length_7616_cov_70.706124	7170	1.00	0.000E+00	0	4000	4080	14	4014	7616	0	4079	0	1	4001M
SRR5466366_k141_40490	SRR5466369_NODE_2112_length_4076_cov_67.486446	7167	0.999	0.000E+00	4001	0	4080	67	4068	4076	4079	0	0	1	4002M
SRR5466725_k141_105146	SRR5466723_NODE_507_length_4451_cov_392.136715	7758	0.998	0.000E+00	4343	2	6270	55	4396	4451	6269	0	0	6	4342M
SRR6254353_k141_18183	SRR6255402_NODE_587_length_4347_cov_40.227866	7637	0.999	0.000E+00	54	4320	4325	30	4296	4347	0	4324	0	1	4267M
SRR6254353_k141_18183	SRR5466337_NODE_551_length_4774_cov_58.392456	7634	0.999	0.000E+00	4319	55	4325	475	4739	4774	4324	0	0	1	4265M
SRR6254353_k141_18183	SRR5466366_NODE_1455_length_4383_cov_58.046673	7548	1.00	0.000E+00	4320	109	4325	0	4211	4383	4324	0	0	1	4212M
SRR6960509_k141_80646	SRR6960509_NODE_1699_length_4074_cov_27.141329	7271	0.999	0.000E+00	0	4064	4065	8	4072	4074	0	4064	0	3	4065M
SRR6960551_k141_6601	SRR6960551_NODE_587_length_3851_cov_15.132508	6881	0.998	0.000E+00	3849	0	3850	0	3849	3851	3849	0	0	1	3850M
SRR7976299_k141_2374	SRR7976299_NODE_118_length_3750_cov_30.182138	6560	0.999	0.000E+00	4063	396	4064	0	3667	3750	4063	0	0	1	3668M
SRR7976301_k141_84605	SRR7976310_NODE_503_length_4535_cov_18.128795	8055	0.998	0.000E+00	0	4509	4510	23	4532	4535	0	4509	0	1	4510M
SRR6960799_k141_52825	SRR6960799_NODE_783_length_3776_cov_5.688525	6746	0.999	0.000E+00	3771	0	3772	2	3773	3776	3771	0	0	1	3772M
SRR5466364_k141_64533	SRR5466337_NODE_743_length_4297_cov_5.347949	5024	0.998	0.000E+00	2828	11	4375	1480	4296	4297	4374	0	0	301	25M1I2792M
SRR5466725_k141_100399	SRR5466725_NODE_2066_length_4106_cov_603.948408	7340	1.00	0.000E+00	4095	0	4141	0	4095	4106	4140	0	0	1	4096M
SRR5466728_k141_49020	SRR5466728_NODE_611_length_3863_cov_13.550420	6921	1.00	0.000E+00	0	3861	3862	1	3862	3863	0	3861	0	1	3862M
SRR5467090_k141_36658	SRR5467090_NODE_736_length_3812_cov_18.244078	6826	1.00	0.000E+00	0	3808	3809	3	3811	3812	0	3808	0	1	3809M
SRR6255733_k141_26739	SRR6255733_NODE_966_length_3542_cov_144.350731	6224	0.998	0.000E+00	3487	0	3552	54	3541	3542	3551	0	0	1	3488M
SRR6960549_k141_4117	SRR6960549_NODE_142_length_3493_cov_88.040430	6260	1.00	0.000E+00	0	3492	3531	0	3492	3493	0	3530	0	1	3493M
SRR6960797_k141_47730	SRR6960797_NODE_409_length_4298_cov_7.001650	7702	1.00	0.000E+00	4297	0	4298	0	4297	4298	4297	0	0	1	4298M
SRR7976357_k141_36232	SRR7976356_NODE_2090_length_3570_cov_338.721479	6242	0.999	0.000E+00	4643	1156	5447	28	3515	3570	5446	0	0	1	3488M
SRR7976325_k141_45508	SRR7976325_NODE_236_length_4032_cov_132.879809	7188	0.998	0.000E+00	4026	0	4027	4	4031	4032	4026	0	0	1	2431M1D1596M
SRR6960802_k141_48935	SRR6960802_NODE_1292_length_3832_cov_49.448239	6859	0.999	0.000E+00	3829	0	3830	2	3831	3832	3829	0	0	1	3830M
SRR5466369_k141_59350	SRR5466366_NODE_1987_length_3804_cov_8.655642	6797	0.999	0.000E+00	0	3797	3801	6	3803	3804	0	3800	0	1	3798M
SRR5467090_k141_73429	SRR5467090_NODE_504_length_4427_cov_38.069991	7886	1.00	0.000E+00	0	4400	4401	0	4400	4427	0	4400	0	1	4401M
SRR5467090_k141_73429	SRR5466365_NODE_838_length_4332_cov_13.330606	7640	0.998	0.000E+00	4368	88	4401	0	4280	4332	4400	0	0	1	4281M
SRR5467091_k141_29926	SRR5467091_NODE_903_length_4113_cov_73.155495	7362	0.999	0.000E+00	4110	0	4111	2	4112	4113	4110	0	0	2	4111M
SRR6255402_k141_888	SRR6255402_NODE_905_length_3366_cov_103.943522	5996	0.997	0.000E+00	267	3629	3630	0	3364	3366	0	3629	0	1	3271M2D92M
SRR6255402_k141_888	SRR5466338_NODE_2707_length_3400_cov_189.050523	5924	0.999	0.000E+00	3629	317	3630	57	3369	3400	3629	0	0	1	3313M
SRR6255402_k141_888	SRR5466337_NODE_1441_length_3392_cov_151.409949	5907	0.997	0.000E+00	3629	317	3630	1	3315	3392	3629	0	0	1	89M2D3224M
SRR6255402_k141_888	SRR5466365_NODE_1611_length_3385_cov_160.479880	5889	0.996	0.000E+00	3629	317	3630	6	3320	3385	3629	0	0	1	89M2D3224M
SRR6255402_k141_888	SRR6255521_NODE_559_length_3685_cov_63.560055	5872	0.996	0.000E+00	3629	317	3630	7	3317	3685	3629	0	0	1	56M1I29M1I3226M
SRR6255402_k141_888	SRR6254352_NODE_1795_length_3432_cov_367.816405	5450	0.998	0.000E+00	3367	317	3630	351	3401	3432	3629	0	0	1	3051M
SRR7976300_k141_7859	SRR7976300_NODE_1407_length_3717_cov_50.709175	6661	1.00	0.000E+00	0	3716	3717	0	3716	3717	0	3716	0	301	3717M
SRR7976310_k141_43474	SRR7976301_NODE_759_length_3982_cov_656.904507	7118	1.00	0.000E+00	8	3979	3980	0	3971	3982	0	3979	0	1	3972M
SRR6960803_k141_36910	SRR7976356_NODE_1994_length_3641_cov_22.901004	6212	0.998	0.000E+00	71	3549	3556	45	3523	3641	0	3555	0	1	3479M
SRR6960803_k141_36910	SRR7976357_NODE_2029_length_3865_cov_26.842257	6190	0.998	0.000E+00	3535	72	3556	381	3844	3865	3555	0	0	1	3464M
SRR6960799_k141_5750	SRR6960799_NODE_1056_length_3452_cov_11.982632	6166	0.999	0.000E+00	3447	0	3448	0	3447	3452	3447	0	0	2	3448M
SRR7976357_k141_15755	SRR6960803_NODE_2563_length_3734_cov_15.070400	6661	0.999	0.000E+00	0	3721	3722	10	3731	3734	0	3721	0	1	3722M
SRR7976325_k141_55065	SRR6960799_NODE_696_length_3912_cov_461.038890	6963	0.999	0.000E+00	3922	35	3923	12	3899	3912	3922	0	0	1	3888M
SRR5467140_k141_1740	SRR6050698_NODE_127_length_4042_cov_21.532731	7174	0.996	0.000E+00	4035	0	4048	6	4041	4042	4047	0	0	1	4036M
SRR5466364_k141_96590	SRR5466366_NODE_1987_length_3804_cov_8.655642	6582	1.00	0.000E+00	0	3672	3757	3	3675	3804	0	3756	0	1	3673M
SRR5466723_k141_9179	SRR5466723_NODE_806_length_3637_cov_50.740648	6501	0.999	0.000E+00	3632	0	3704	0	3632	3637	3703	0	0	1	3633M
SRR7976301_k141_11503	SRR7976310_NODE_738_length_3904_cov_909.284749	6654	0.998	0.000E+00	828	4550	4551	177	3899	3904	0	4550	0	1	3723M
SRR7976301_k141_11503	SRR6960549_NODE_112_length_3766_cov_88.634600	6646	0.999	0.000E+00	840	4550	4551	54	3764	3766	0	4550	0	1	3711M
SRR7976301_k141_11503	SRR5467090_NODE_763_length_3758_cov_70.681069	6517	0.993	0.000E+00	4529	829	4551	0	3699	3758	4550	0	0	1	377M1I3323M
SRR7976301_k141_11503	SRR5466729_NODE_1392_length_3730_cov_106.350748	6511	0.994	0.000E+00	870	4550	4551	47	3727	3730	0	4550	0	1	3681M
SRR7976301_k141_11503	SRR6255521_NODE_724_length_3361_cov_16.529038	5842	0.993	0.000E+00	828	4137	4551	2	3311	3361	0	4550	0	1	3310M
SRR7687334_k141_31193	SRR7963800_NODE_1691_length_3522_cov_45.282954	6271	0.997	0.000E+00	3523	2	3524	0	3521	3522	3523	0	0	5	3522M
SRR7687334_k141_31193	SRR7687334_NODE_1393_length_3660_cov_1010.758669	6234	0.999	0.000E+00	26	3506	3524	125	3605	3660	0	3523	0	5	3481M
SRR6960803_k141_94777	SRR6960803_NODE_2671_length_3660_cov_32.069903	6553	0.999	0.000E+00	3658	0	3659	1	3659	3660	3658	0	0	2	3659M
SRR6960799_k141_12910	SRR6960799_NODE_963_length_3560_cov_76.364622	6362	0.999	0.000E+00	0	3554	3555	5	3559	3560	0	3554	0	1	3555M
SRR7976357_k141_58452	SRR7976357_NODE_2206_length_3727_cov_8.842865	6669	0.999	0.000E+00	0	3723	3724	0	3723	3727	0	3723	0	1	3724M
SRR7976325_k141_27138	SRR6960799_NODE_633_length_4049_cov_39.691037	7254	1.00	0.000E+00	0	4047	4048	0	4047	4049	0	4047	0	1	4048M
SRR7976325_k141_27138	SRR7976326_NODE_102_length_4264_cov_44.779045	6860	1.00	0.000E+00	0	3827	4048	0	3827	4264	0	4047	0	1	3828M
SRR6960507_k141_14189	SRR6960507_NODE_1771_length_3617_cov_28.766985	6438	0.998	0.000E+00	60	3664	3665	11	3615	3617	0	3664	0	2	3605M
SRR5466725_k141_67257	SRR5466725_NODE_2232_length_3976_cov_60.414690	7096	0.998	0.000E+00	0	3974	3975	0	3974	3976	0	3974	0	1	3975M
SRR7976357_k141_77607	SRR7976357_NODE_2587_length_3447_cov_4.097288	6152	1.00	0.000E+00	3432	0	3433	0	3432	3447	3432	0	0	1	3433M
SRR7976325_k141_56120	SRR6960799_NODE_751_length_3825_cov_23.071088	6819	0.998	0.000E+00	0	3817	3818	1	3818	3825	0	3817	0	1	3818M
SRR7473382_k141_51265	SRR5467139_NODE_125_length_3810_cov_106.484687	6728	0.999	0.000E+00	240	4001	4002	13	3774	3810	0	4001	0	1	3762M
SRR6960507_k141_82453	SRR6960507_NODE_1856_length_3548_cov_28.738906	6278	0.995	0.000E+00	3546	0	3547	0	3547	3548	3546	0	0	1	2238M1D1309M
SRR5466365_k141_76517	SRR5466337_NODE_957_length_3941_cov_9.274833	6994	0.998	0.000E+00	3917	0	3976	0	3917	3941	3975	0	0	1	3918M
SRR5466725_k141_46128	SRR5466725_NODE_2456_length_3804_cov_165.829821	6817	1.00	0.000E+00	0	3803	3969	0	3803	3804	0	3968	0	1	3804M
SRR5466725_k141_46128	SRR6255733_NODE_835_length_3803_cov_48.803362	6718	1.00	0.000E+00	2	3750	3969	0	3748	3803	0	3968	0	1	3749M
SRR6253579_k141_39380	SRR5467090_NODE_709_length_3883_cov_370.305904	6854	0.999	0.000E+00	0	3829	3969	0	3829	3883	0	3968	0	2	3830M
SRR6960509_k141_107721	SRR6960551_NODE_527_length_4040_cov_644.404768	7150	0.997	0.000E+00	4035	16	4039	7	4026	4040	4038	0	0	1	4020M
SRR7976299_k141_23573	SRR6960549_NODE_46_length_4582_cov_20.808924	8054	0.997	0.000E+00	0	4528	4529	21	4548	4582	0	4528	0	1	2215M1I2313M
SRR7976310_k141_55846	SRR7976310_NODE_735_length_3913_cov_105.007517	7007	1.00	0.000E+00	0	3909	3910	0	3909	3913	0	3909	0	1	3910M
SRR6960799_k141_98715	SRR6960799_NODE_837_length_3711_cov_36.710339	6650	1.00	0.000E+00	3710	0	3711	0	3710	3711	3710	0	0	1	3711M
SRR7976357_k141_42088	SRR6960803_NODE_3017_length_3441_cov_73.923509	6050	0.999	0.000E+00	2	3382	4898	53	3433	3441	0	4897	0	1	3381M
SRR7976326_k141_28523	SRR7976326_NODE_197_length_3559_cov_6.197203	6265	1.00	0.000E+00	3495	0	3496	5	3500	3559	3495	0	0	1	3496M
SRR7976325_k141_16397	SRR7976325_NODE_355_length_3662_cov_62.403105	6553	0.999	0.000E+00	0	3659	3660	1	3661	3662	0	3659	0	1	2387M1D1273M
SRR5208574_k141_11339	SRR6050738_NODE_86_length_4027_cov_37.475831	7096	0.994	0.000E+00	4019	0	4020	1	4020	4027	4019	0	0	1	4020M
SRR6960507_k141_19734	SRR6960507_NODE_1609_length_3757_cov_7.667747	6691	1.00	0.000E+00	0	3733	3734	23	3756	3757	0	3733	0	1	3734M
SRR5467091_k141_81572	SRR5467091_NODE_1048_length_3846_cov_76.328673	6888	0.999	0.000E+00	7	3852	3853	0	3845	3846	0	3852	0	301	3846M
SRR5467091_k141_81572	SRR5466728_NODE_398_length_4555_cov_160.300667	6786	0.999	0.000E+00	3852	61	3853	1	3792	4555	3852	0	0	301	3792M
SRR6960549_k141_16032	SRR6960549_NODE_122_length_3689_cov_6.596588	6561	1.00	0.000E+00	0	3660	3661	0	3660	3689	0	3660	0	2	3661M
SRR7976300_k141_2906	SRR7976300_NODE_1549_length_3575_cov_15.776420	6406	1.00	0.000E+00	0	3574	3575	0	3574	3575	0	3574	0	1	3575M
SRR7976310_k141_58466	SRR7976301_NODE_647_length_4228_cov_23.422717	7539	1.00	0.000E+00	0	4206	4210	21	4227	4228	0	4209	0	1	4207M
SRR6960803_k141_70047	SRR7976357_NODE_2079_length_3827_cov_17.130170	6642	0.992	0.000E+00	3805	32	3806	0	3773	3827	3805	0	0	1	3774M
SRR6960799_k141_71231	SRR6960799_NODE_749_length_3827_cov_5.075292	6799	0.996	0.000E+00	0	3825	3826	0	3824	3827	0	3825	0	1	1379M1I2446M
SRR7976357_k141_62750	SRR6960803_NODE_2573_length_3727_cov_7.635893	6645	0.998	0.000E+00	0	3717	3727	9	3726	3727	0	3726	0	1	3718M
SRR7976325_k141_991	SRR7976325_NODE_290_length_3845_cov_5.316359	6839	0.999	0.000E+00	0	3818	3819	24	3842	3845	0	3818	0	1	3819M
SRR6960551_k141_6196	SRR6960551_NODE_620_length_3761_cov_32.689153	6725	0.999	0.000E+00	0	3754	3755	6	3760	3761	0	3754	0	1	3755M
SRR7976299_k141_21044	SRR6960549_NODE_95_length_3930_cov_151.721032	7018	0.999	0.000E+00	1	3924	3925	0	3923	3930	0	3924	0	1	3924M
SRR5995670_k141_5362	SRR5995670_NODE_372_length_3348_cov_9.982994	5991	0.999	0.000E+00	3349	2	3350	0	3347	3348	3349	0	0	1	3348M
SRR6960801_k141_811	SRR6960801_NODE_3813_length_3560_cov_4.762340	6335	0.997	0.000E+00	0	3554	3555	0	3554	3560	0	3554	0	1	3555M
SRR6960799_k141_29341	SRR6960799_NODE_722_length_3873_cov_19.955212	6940	1.00	0.000E+00	0	3872	3873	0	3872	3873	0	3872	0	1	3873M
SRR7976323_k141_37060	SRR6960802_NODE_1177_length_3981_cov_8.792155	6996	1.00	0.000E+00	3903	0	3904	75	3978	3981	3903	0	0	1	3904M
SRR7976325_k141_56614	SRR7976325_NODE_238_length_4025_cov_32.569018	7174	0.998	0.000E+00	4020	0	4021	4	4024	4025	4020	0	0	1	4021M
SRR6960507_k141_102737	SRR6960507_NODE_1336_length_4043_cov_8.170010	6736	0.991	0.000E+00	0	3847	3848	197	4042	4043	0	3847	0	1	107M1I66M1I3673M
SRR7976324_k141_39099	SRR7976324_NODE_378_length_3893_cov_293.646430	6976	1.00	0.000E+00	4873	981	4874	0	3892	3893	4873	0	0	1	3893M
SRR7976325_k141_64980	SRR7976325_NODE_315_length_3764_cov_15.192774	6732	0.999	0.000E+00	3763	0	3764	0	3763	3764	3763	0	0	1	3764M
SRR5208570_k141_70858	SRR5208575_NODE_53_length_3926_cov_43.323431	6965	0.997	0.000E+00	3915	2	3978	0	3913	3926	3977	0	0	1	3914M
SRR6960507_k141_5072	SRR7976300_NODE_1365_length_3777_cov_66.226491	6653	0.998	0.000E+00	3729	0	3730	6	3735	3777	3729	0	0	1	3730M
SRR5466369_k141_33380	SRR5466369_NODE_2169_length_4036_cov_45.871640	7218	1.00	0.000E+00	4027	0	4179	0	4027	4036	4178	0	0	1	4028M
SRR5466369_k141_33380	SRR5466337_NODE_889_length_4031_cov_58.470322	7123	1.00	0.000E+00	0	3974	4179	2	3976	4031	0	4178	0	1	3975M
SRR5466369_k141_33380	SRR5466365_NODE_939_length_4158_cov_60.803071	7072	0.999	0.000E+00	3960	12	4179	176	4124	4158	4178	0	0	1	3949M
SRR5466725_k141_99025	SRR5466725_NODE_1924_length_4246_cov_76.456216	7607	1.00	0.000E+00	0	4244	4245	1	4245	4246	0	4244	0	3	4245M
SRR5466729_k141_9515	SRR5466729_NODE_1100_length_4085_cov_180.582630	7316	0.999	0.000E+00	0	4084	4085	0	4084	4085	0	4084	0	1	4085M
SRR5467091_k141_40884	SRR5467091_NODE_1053_length_3843_cov_9.017687	6885	1.00	0.000E+00	3846	5	3847	0	3841	3843	3846	0	0	1	3842M
SRR7976357_k141_24444	SRR7976357_NODE_2604_length_3441_cov_27.294743	6153	0.999	0.000E+00	3440	0	3441	0	3440	3441	3440	0	0	1	3441M
SRR6960802_k141_67924	SRR7976323_NODE_1847_length_3922_cov_210.096716	6933	0.999	0.000E+00	692	4565	4566	48	3921	3922	0	4565	0	1	3874M
SRR5208575_k141_7997	SRR6050716_NODE_28_length_3506_cov_152.378441	6168	0.999	0.000E+00	28	3474	3475	1	3447	3506	0	3474	0	1	3447M
SRR5466338_k141_96778	SRR6254984_NODE_700_length_4223_cov_139.976727	6980	1.00	0.000E+00	4105	211	4106	0	3894	4223	4105	0	0	1	3895M
SRR5466338_k141_96778	SRR6255513_NODE_720_length_3926_cov_91.378455	6932	0.999	0.000E+00	210	4080	4106	1	3871	3926	0	4105	0	1	3871M
SRR5466727_k141_44620	SRR5466727_NODE_1133_length_4335_cov_17.803972	7764	0.999	0.000E+00	0	4334	4335	0	4334	4335	0	4334	0	2	4335M
SRR5467090_k141_5460	SRR5467091_NODE_881_length_4144_cov_109.157007	7326	0.998	0.000E+00	5734	1629	5736	0	4105	4144	5735	0	0	1	4106M
SRR5467091_k141_53360	SRR5466728_NODE_670_length_3741_cov_102.818231	6565	0.991	0.000E+00	4112	372	4114	0	3740	3741	4113	0	0	1	3741M
SRR6255513_k141_34841	SRR6255513_NODE_720_length_3926_cov_91.378455	7035	1.00	0.000E+00	0	3925	3940	0	3925	3926	0	3939	0	1	3926M
SRR6255513_k141_34841	SRR6254984_NODE_700_length_4223_cov_139.976727	6936	0.999	0.000E+00	3872	0	3940	24	3896	4223	3939	0	0	1	3873M
SRR5466364_k141_49609	SRR5466337_NODE_1024_length_3857_cov_10.798264	6775	0.997	0.000E+00	3818	16	3830	0	3802	3857	3829	0	0	301	3803M
SRR5466723_k141_22106	SRR5466727_NODE_1483_length_3824_cov_101.324755	6756	1.00	0.000E+00	0	3769	4151	8	3777	3824	0	4150	0	1	3770M
SRR5466728_k141_20356	SRR5466728_NODE_554_length_4032_cov_38.062861	7198	0.998	0.000E+00	4194	163	4195	0	4031	4032	4194	0	0	1	4032M
SRR5467090_k141_31441	SRR6255402_NODE_587_length_4347_cov_40.227866	7700	0.999	0.000E+00	14	4315	4663	0	4301	4347	0	4662	0	1	4302M
SRR5467090_k141_31441	SRR5466337_NODE_551_length_4774_cov_58.392456	7690	0.999	0.000E+00	4309	11	4663	475	4773	4774	4662	0	0	1	4299M
SRR5467090_k141_31441	SRR5466366_NODE_1455_length_4383_cov_58.046673	7543	0.999	0.000E+00	4310	99	4663	0	4211	4383	4662	0	0	1	4212M
SRR6049586_k141_6284	SRR6255521_NODE_559_length_3685_cov_63.560055	5882	0.997	0.000E+00	137	3441	3450	35	3339	3685	0	3449	0	3	3305M
SRR6049586_k141_6284	SRR5466338_NODE_2707_length_3400_cov_189.050523	5848	0.994	0.000E+00	137	3449	3450	85	3399	3400	0	3449	0	3	28M1D29M1D3256M
SRR6049586_k141_6284	SRR5466365_NODE_1611_length_3385_cov_160.479880	5839	0.994	0.000E+00	137	3441	3450	34	3342	3385	0	3449	0	3	28M1D27M4D6M1I3243M
SRR6049586_k141_6284	SRR5466337_NODE_1441_length_3392_cov_151.409949	5830	0.993	0.000E+00	137	3441	3450	29	3337	3392	0	3449	0	3	28M1D27M4D6M1I3243M
SRR6049586_k141_6284	SRR6255402_NODE_905_length_3366_cov_103.943522	5790	0.993	0.000E+00	3420	138	3450	49	3335	3366	3449	0	0	3	3222M1I4M4D27M1D29M
SRR6049586_k141_6284	SRR6254352_NODE_1795_length_3432_cov_367.816405	5512	0.999	0.000E+00	369	3449	3450	351	3431	3432	0	3449	0	3	3081M
SRR6255733_k141_37656	SRR6255733_NODE_702_length_4128_cov_9.645470	7379	0.999	0.000E+00	0	4127	4128	0	4127	4128	0	4127	0	6	4128M
SRR6960549_k141_18137	SRR6960549_NODE_53_length_4420_cov_10.256357	7897	1.00	0.000E+00	4406	0	4407	7	4413	4420	4406	0	0	1	4407M
SRR6960797_k141_34774	SRR6960509_NODE_1953_length_3827_cov_26.486214	6790	1.00	0.000E+00	0	3788	3789	0	3788	3827	0	3788	0	1	3789M
SRR7976310_k141_19259	SRR7976310_NODE_777_length_3827_cov_81.137063	6835	0.999	0.000E+00	0	3818	3819	0	3818	3827	0	3818	0	1	3819M
SRR7976356_k141_960	SRR7976356_NODE_2265_length_3437_cov_7.627735	6154	1.00	0.000E+00	3433	0	3434	1	3434	3437	3433	0	0	301	3434M
SRR5466364_k141_10329	SRR5466364_NODE_1169_length_4377_cov_13.318602	7818	1.00	0.000E+00	4362	0	4363	0	4362	4377	4362	0	0	1	4363M
SRR5466723_k141_3288	SRR5466723_NODE_778_length_3710_cov_12.976744	6640	0.999	0.000E+00	3708	1	3709	0	3707	3710	3708	0	0	1	3708M
SRR5466723_k141_3288	SRR6255733_NODE_894_length_3700_cov_12.964883	6518	0.999	0.000E+00	0	3644	3709	55	3699	3700	0	3708	0	1	3645M
SRR5466727_k141_71588	SRR5466727_NODE_1467_length_3845_cov_173.097625	6886	0.999	0.000E+00	0	3844	3845	0	3844	3845	0	3844	0	2	3845M
SRR5467090_k141_35687	SRR5466364_NODE_1997_length_3590_cov_13.618388	6378	0.996	0.000E+00	0	3588	3590	1	3589	3590	0	3589	0	1	3589M
SRR6255521_k141_23032	SRR6255521_NODE_559_length_3685_cov_63.560055	6537	0.996	0.000E+00	3681	0	3682	5	3684	3685	3681	0	0	1	58M1I29M1I3593M
SRR6255521_k141_23032	SRR5466338_NODE_2707_length_3400_cov_189.050523	5971	0.999	0.000E+00	3681	345	3682	55	3391	3400	3681	0	0	1	3337M
SRR6255521_k141_23032	SRR5466337_NODE_1441_length_3392_cov_151.409949	5952	0.998	0.000E+00	3680	345	3682	0	3337	3392	3681	0	0	1	90M2D3246M
SRR6255521_k141_23032	SRR5466365_NODE_1611_length_3385_cov_160.479880	5936	0.997	0.000E+00	3681	345	3682	4	3342	3385	3681	0	0	1	91M2D3246M
SRR6255521_k141_23032	SRR6255402_NODE_905_length_3366_cov_103.943522	5901	0.997	0.000E+00	366	3680	3682	49	3365	3366	0	3681	0	1	3222M2D93M
SRR6255521_k141_23032	SRR6254352_NODE_1795_length_3432_cov_367.816405	5498	0.999	0.000E+00	3417	345	3682	351	3423	3432	3681	0	0	1	3073M
SRR6960549_k141_12052	SRR6960549_NODE_117_length_3709_cov_11.192392	6615	0.999	0.000E+00	3698	0	3699	2	3700	3709	3698	0	0	6	3699M
SRR6960551_k141_30063	SRR6960551_NODE_709_length_3589_cov_21.053763	6423	1.00	0.000E+00	3583	0	3584	0	3583	3589	3583	0	0	1	3584M
SRR6050738_k141_9003	SRR6050738_NODE_88_length_4015_cov_9.190152	7135	0.996	0.000E+00	4013	0	4014	0	4013	4015	4013	0	0	1	4014M
SRR6960507_k141_82810	SRR6960507_NODE_1963_length_3474_cov_21.112314	6194	0.997	0.000E+00	3473	0	3474	0	3473	3474	3473	0	0	1	3474M
SRR5466365_k141_36451	SRR5466337_NODE_743_length_4297_cov_5.347949	7606	0.998	0.000E+00	69	4325	4326	0	4256	4297	0	4325	0	1	4257M
SRR5466725_k141_47184	SRR5466725_NODE_3125_length_3345_cov_18.880547	5909	0.999	0.000E+00	0	3299	3300	45	3344	3345	0	3299	0	1	3300M
SRR5467091_k141_33835	SRR5467091_NODE_2372_length_2738_cov_3.686918	4859	0.999	0.000E+00	0	2713	2714	24	2737	2738	0	2713	0	1	2714M
SRR6960551_k141_58294	SRR6960509_NODE_2416_length_3506_cov_662.004347	6244	0.998	0.000E+00	4431	930	4432	4	3505	3506	4431	0	0	1	3502M
SRR7976299_k141_17024	SRR7976299_NODE_130_length_3680_cov_10.107586	6501	0.999	0.000E+00	3630	1	3631	0	3629	3680	3630	0	0	1	3630M
SRR7976300_k141_60415	SRR7976300_NODE_941_length_4378_cov_14.798982	7842	1.00	0.000E+00	4375	0	4376	2	4377	4378	4375	0	0	301	4376M
SRR7976310_k141_23957	SRR7976310_NODE_790_length_3809_cov_239.259989	6805	0.999	0.000E+00	0	3804	3835	0	3804	3809	0	3834	0	1	3805M
SRR6960803_k141_38471	SRR6960803_NODE_2398_length_3846_cov_39.048536	6882	0.999	0.000E+00	0	3842	3843	0	3842	3846	0	3842	0	1	3843M
SRR6960799_k141_96389	SRR6960799_NODE_937_length_3587_cov_6.336920	6409	0.999	0.000E+00	0	3583	3584	3	3586	3587	0	3583	0	1	3584M
SRR7976357_k141_3933	SRR7976357_NODE_2295_length_3653_cov_278.172318	6531	0.999	0.000E+00	3651	0	3652	0	3651	3653	3651	0	0	1	3652M
SRR7976325_k141_22174	SRR7976325_NODE_269_length_3911_cov_9.747925	6828	0.998	0.000E+00	3822	0	3823	4	3826	3911	3822	0	0	1	3823M
SRR6050698_k141_16058	SRR6050698_NODE_178_length_3567_cov_105.955866	6392	1.00	0.000E+00	3566	0	3567	0	3566	3567	3566	0	0	1	3567M
SRR5466365_k141_25	SRR6255402_NODE_651_length_4076_cov_54.120865	7186	1.00	0.000E+00	0	4009	4151	0	4009	4076	0	4150	0	1	4010M
SRR5466365_k141_25	SRR6254353_NODE_662_length_4609_cov_65.315766	7186	1.00	0.000E+00	0	4009	4151	1	4010	4609	0	4150	0	1	4010M
SRR5466365_k141_25	SRR5466369_NODE_2112_length_4076_cov_67.486446	7183	0.999	0.000E+00	4010	0	4151	58	4068	4076	4150	0	0	1	4011M
SRR5466365_k141_25	SRR5466338_NODE_1946_length_4074_cov_96.326201	7179	1.00	0.000E+00	0	4005	4151	14	4019	4074	0	4150	0	1	4006M
SRR5466365_k141_25	SRR6253161_NODE_160_length_7616_cov_70.706124	7175	1.00	0.000E+00	0	4003	4151	14	4017	7616	0	4150	0	1	4004M
SRR5466365_k141_25	SRR5466366_NODE_1722_length_4064_cov_71.503866	7170	1.00	0.000E+00	0	4000	4151	8	4008	4064	0	4150	0	1	4001M
SRR5466725_k141_29163	SRR5466725_NODE_1810_length_4359_cov_75.370818	7799	0.999	0.000E+00	0	4354	4355	0	4354	4359	0	4354	0	6	4355M
SRR5466725_k141_29163	SRR5466729_NODE_944_length_4363_cov_61.919916	7715	0.999	0.000E+00	4308	1	4355	0	4307	4363	4354	0	0	6	4308M
SRR7976301_k141_24209	SRR7976310_NODE_795_length_3796_cov_78.740978	6801	1.00	0.000E+00	0	3794	3795	1	3795	3796	0	3794	0	2	3795M
SRR5995670_k141_41644	SRR5995670_NODE_296_length_3668_cov_84.316634	6538	0.999	0.000E+00	0	3650	3730	0	3650	3668	0	3729	0	1	3651M
SRR6960799_k141_37579	SRR6960799_NODE_520_length_4334_cov_16.441225	7745	1.00	0.000E+00	0	4321	4322	11	4332	4334	0	4321	0	1	4322M
SRR7976323_k141_51982	SRR7976323_NODE_1330_length_4508_cov_5.848192	8057	1.00	0.000E+00	0	4495	4496	4	4499	4508	0	4495	0	1	4496M
SRR7976325_k141_60124	SRR7976325_NODE_319_length_3762_cov_4.484219	6720	0.998	0.000E+00	0	3763	3764	0	3761	3762	0	3763	0	1	1369M2I2393M
SRR6050738_k141_35772	SRR6050738_NODE_101_length_3915_cov_21.583161	7000	0.999	0.000E+00	3913	0	3914	0	3913	3915	3913	0	0	1	3914M
SRR6960507_k141_90808	SRR6960507_NODE_1551_length_3806_cov_449.664623	6717	0.999	0.000E+00	3750	0	3829	55	3805	3806	3828	0	0	1	3751M
SRR5466366_k141_50431	SRR5466366_NODE_2226_length_3590_cov_6.022914	6414	0.998	0.000E+00	3588	0	3589	1	3589	3590	3588	0	0	1	3589M
SRR5466725_k141_32958	SRR5466727_NODE_1121_length_4355_cov_15.443488	7748	0.997	0.000E+00	0	4348	4349	4	4352	4355	0	4348	0	1	4349M
SRR7976357_k141_80025	SRR7976357_NODE_2045_length_3852_cov_20.247564	6903	1.00	0.000E+00	3851	0	3852	0	3851	3852	3851	0	0	1	3852M
SRR7976325_k141_26012	SRR6960799_NODE_577_length_4161_cov_18.866293	7062	0.996	0.000E+00	3975	0	4870	147	4122	4161	4869	0	0	1	3976M
SRR6960802_k141_1623	SRR7976323_NODE_2000_length_3790_cov_1061.116734	6535	0.998	0.000E+00	4753	1090	5929	115	3777	3790	5928	0	0	1	3659M1I4M
SRR5467139_k141_16924	SRR5467139_NODE_138_length_3677_cov_16.107951	6576	0.999	0.000E+00	3676	0	3677	0	3676	3677	3676	0	0	1	3677M
SRR5466338_k141_47000	SRR5466338_NODE_2505_length_3543_cov_32.222190	6309	0.997	0.000E+00	197	3739	3740	0	3542	3543	0	3739	0	1	3543M
SRR5466338_k141_47000	SRR5466364_NODE_1922_length_3650_cov_36.257858	6186	0.997	0.000E+00	3727	251	3740	0	3476	3650	3739	0	0	1	3477M
SRR5466337_k141_33643	SRR5466338_NODE_1929_length_4087_cov_14.863343	7275	0.999	0.000E+00	3	4072	4089	0	4069	4087	0	4088	0	2	4070M
SRR5466727_k141_44786	SRR5466725_NODE_2144_length_4051_cov_14.922422	7223	0.998	0.000E+00	4045	0	4046	0	4045	4051	4045	0	0	1	4046M
SRR5467091_k141_20244	SRR5467091_NODE_1516_length_3321_cov_10.295775	5934	1.00	0.000E+00	0	3310	3311	2	3312	3321	0	3310	0	1	3311M
SRR6253161_k141_35232	SRR6254353_NODE_1209_length_3615_cov_19.494663	6463	0.999	0.000E+00	3608	0	3609	0	3608	3615	3608	0	0	301	3609M
SRR6255733_k141_23526	SRR6255746_NODE_481_length_4807_cov_190.359638	8593	0.999	0.000E+00	137	4934	4935	3	4800	4807	0	4934	0	1	4798M
SRR6960549_k141_15383	SRR6960549_NODE_101_length_3873_cov_65.058408	6673	1.00	0.000E+00	3723	0	3724	0	3723	3873	3723	0	0	1	3724M
SRR6960797_k141_50452	SRR6960797_NODE_443_length_4185_cov_97.620097	7429	1.00	0.000E+00	4145	0	4146	39	4184	4185	4145	0	0	1	4146M
SRR7976300_k141_42415	SRR7976300_NODE_1728_length_3406_cov_28.759475	6097	1.00	0.000E+00	3401	0	3402	4	3405	3406	3401	0	0	1	3402M
SRR7976310_k141_63865	SRR7976301_NODE_1078_length_3452_cov_109.188107	6154	0.998	0.000E+00	1	3449	3454	0	3448	3452	0	3453	0	1	3449M
SRR6960803_k141_51535	SRR6960803_NODE_2030_length_4192_cov_6.387721	7421	0.996	0.000E+00	356	4531	4532	0	4175	4192	0	4531	0	1	4176M
SRR6960799_k141_58921	SRR6960799_NODE_1171_length_3294_cov_6.769682	5897	0.999	0.000E+00	3292	0	3293	0	3292	3294	3292	0	0	1	3293M
SRR7976325_k141_42843	SRR7976325_NODE_301_length_3809_cov_24.059936	6793	0.998	0.000E+00	3800	0	3801	8	3808	3809	3800	0	0	1	3801M
SRR6253161_k141_39154	SRR6253161_NODE_160_length_7616_cov_70.706124	13642	0.999	0.000E+00	0	7615	8334	0	7615	7616	0	8333	0	1	7616M
SRR6253161_k141_39154	SRR5466338_NODE_1946_length_4074_cov_96.326201	7200	1.00	0.000E+00	0	4017	8334	0	4017	4074	0	8333	0	1	4018M
SRR6253161_k141_39154	SRR5466369_NODE_2112_length_4076_cov_67.486446	7185	0.999	0.000E+00	4018	7	8334	64	4075	4076	8333	0	0	1	4012M
SRR6253161_k141_39154	SRR5466366_NODE_1722_length_4064_cov_71.503866	7184	1.00	0.000E+00	6	4014	8334	0	4008	4064	0	8333	0	1	4009M
SRR6253161_k141_39154	SRR6254353_NODE_662_length_4609_cov_65.315766	7177	1.00	0.000E+00	13	4017	8334	0	4004	4609	0	8333	0	1	4005M
SRR6253161_k141_39154	SRR6255402_NODE_651_length_4076_cov_54.120865	7175	1.00	0.000E+00	14	4017	8334	0	4003	4076	0	8333	0	1	4004M
SRR6255733_k141_29569	SRR5466727_NODE_1168_length_4281_cov_67.608850	7510	0.999	0.000E+00	4250	55	4251	54	4249	4281	4250	0	0	6	4196M
SRR6960551_k141_36771	SRR6960797_NODE_432_length_4214_cov_368.836740	7531	0.999	0.000E+00	2	4207	4208	0	4206	4214	0	4207	0	1	2606M1D1600M
SRR6960551_k141_36771	SRR6960509_NODE_1399_length_4424_cov_232.669032	7322	0.999	0.000E+00	3	4094	4208	0	4092	4424	0	4207	0	1	2605M1D1487M
SRR7976299_k141_22376	SRR7976299_NODE_152_length_3503_cov_11.535383	6246	0.999	0.000E+00	3487	0	3488	0	3487	3503	3487	0	0	2	3488M
SRR7976301_k141_53930	SRR7976301_NODE_639_length_4242_cov_23.901361	7575	0.998	0.000E+00	0	4241	4242	0	4241	4242	0	4241	0	1	4242M
SRR7976310_k141_69626	SRR7976310_NODE_871_length_3650_cov_20.980250	6528	0.999	0.000E+00	3647	0	3648	0	3647	3650	3647	0	0	1	3648M
SRR6960803_k141_105588	SRR7976356_NODE_2090_length_3570_cov_338.721479	6242	0.998	0.000E+00	0	3497	3584	6	3503	3570	0	3583	0	1	3498M
SRR7976357_k141_34318	SRR7976356_NODE_1705_length_3919_cov_50.756988	6842	0.998	0.000E+00	169	3996	3997	17	3844	3919	0	3996	0	1	3828M
SRR7976325_k141_13953	SRR7976325_NODE_363_length_3646_cov_18.747424	6515	0.999	0.000E+00	0	3642	3643	0	3642	3646	0	3642	0	1	3643M
SRR5466365_k141_76870	SRR5466365_NODE_658_length_4790_cov_8.256811	8560	1.00	0.000E+00	4776	0	4777	0	4776	4790	4776	0	0	1	4777M
SRR5466725_k141_75388	SRR5466727_NODE_1497_length_3808_cov_26.009059	6747	0.998	0.000E+00	0	3774	3780	33	3807	3808	0	3779	0	1	3775M
SRR5466729_k141_61523	SRR5466723_NODE_783_length_3701_cov_516.176358	6508	0.999	0.000E+00	162	3795	3865	14	3647	3701	0	3864	0	1	3634M
SRR5466729_k141_61523	SRR5466729_NODE_1383_length_3737_cov_798.956274	6497	0.999	0.000E+00	3790	163	3865	52	3679	3737	3864	0	0	1	3628M
SRR5466729_k141_61523	SRR6255733_NODE_720_length_4076_cov_493.013181	6474	0.999	0.000E+00	159	3773	3865	218	3832	4076	0	3864	0	1	3615M
SRR5467091_k141_11050	SRR5467091_NODE_1260_length_3570_cov_90.312945	6389	0.999	0.000E+00	3569	0	3570	0	3569	3570	3569	0	0	3	3570M
SRR6254351_k141_40121	SRR6254351_NODE_846_length_3937_cov_24.258114	6949	0.996	0.000E+00	3907	0	3932	0	3907	3937	3931	0	0	1	3908M
SRR6254351_k141_40121	SRR6255402_NODE_694_length_3928_cov_22.376452	6853	0.996	0.000E+00	0	3853	3932	30	3883	3928	0	3931	0	1	3854M
SRR6254351_k141_40121	SRR6253256_NODE_807_length_3939_cov_27.877188	6836	0.995	0.000E+00	3854	0	3932	54	3908	3939	3931	0	0	1	3855M
SRR6254351_k141_40121	SRR5466369_NODE_2264_length_3936_cov_51.981190	6828	0.995	0.000E+00	3854	0	3932	54	3908	3936	3931	0	0	1	3855M
SRR6254351_k141_40121	SRR5466337_NODE_823_length_4144_cov_59.227929	6826	0.995	0.000E+00	0	3853	3932	9	3862	4144	0	3931	0	1	3854M
SRR6960551_k141_63062	SRR6960551_NODE_677_length_3661_cov_1099.111758	6501	0.999	0.000E+00	3666	32	3770	0	3634	3661	3769	0	0	5	3635M
SRR7976299_k141_19879	SRR7976299_NODE_63_length_4281_cov_310.900379	7574	0.999	0.000E+00	4865	637	4866	0	4228	4281	4865	0	0	1	4229M
SRR7976301_k141_34515	SRR7976301_NODE_751_length_4001_cov_168.218449	7155	1.00	0.000E+00	0	3992	3993	6	3998	4001	0	3992	0	1	3993M
SRR6960509_k141_122811	SRR6960509_NODE_1399_length_4424_cov_232.669032	7919	0.999	0.000E+00	4423	0	4424	0	4423	4424	4423	0	0	1	4424M
SRR6960509_k141_122811	SRR6960797_NODE_432_length_4214_cov_368.836740	7335	1.00	0.000E+00	4423	331	4424	1	4093	4214	4423	0	0	1	4093M
SRR6960551_k141_38427	SRR6960551_NODE_629_length_3743_cov_28.358460	6707	1.00	0.000E+00	0	3742	3743	0	3742	3743	0	3742	0	2	3743M
SRR7976299_k141_2435	SRR7976299_NODE_128_length_3684_cov_364.300634	6473	0.992	0.000E+00	0	3679	3680	4	3683	3684	0	3679	0	1	113M1I1295M1D2271M
SRR7976310_k141_50396	SRR7976310_NODE_752_length_3885_cov_97.411488	6962	1.00	0.000E+00	4173	289	4174	0	3884	3885	4173	0	0	1	3885M
SRR6960799_k141_90704	SRR6960799_NODE_849_length_3698_cov_7.531705	6541	0.998	0.000E+00	0	3664	3688	0	3664	3698	0	3687	0	1	3665M
SRR7976324_k141_16482	SRR7976324_NODE_283_length_4283_cov_544.541154	7487	0.995	0.000E+00	416	4643	4783	0	4227	4283	0	4782	0	1	4228M
SRR7976324_k141_16482	SRR6960802_NODE_1186_length_3964_cov_1612.116910	6834	0.990	0.000E+00	4376	469	4783	49	3955	3964	4782	0	0	1	3886M1I21M
SRR7976326_k141_13959	SRR7976326_NODE_138_length_3923_cov_10.782316	6982	0.999	0.000E+00	0	3898	3899	24	3922	3923	0	3898	0	2	3899M
SRR7976325_k141_15905	SRR7976325_NODE_283_length_3859_cov_11.004206	6860	0.999	0.000E+00	0	3832	3833	0	3832	3859	0	3832	0	1	3833M
SRR5208572_k141_14676	SRR6050738_NODE_71_length_4262_cov_45.052769	7590	0.998	0.000E+00	4252	0	4309	0	4252	4262	4308	0	0	1	4253M
SRR6960507_k141_72584	SRR6960507_NODE_1222_length_4176_cov_6.707595	6408	0.999	0.000E+00	1625	5205	5206	592	4172	4176	0	5205	0	1	3581M
SRR6960803_k141_37834	SRR6960803_NODE_3017_length_3441_cov_73.923509	6162	0.999	0.000E+00	3440	0	4592	0	3440	3441	4591	0	0	301	3441M
SRR6960799_k141_12111	SRR6960799_NODE_620_length_4070_cov_214.635616	7293	1.00	0.000E+00	0	4069	4148	0	4069	4070	0	4147	0	1	4070M
SRR7976325_k141_34576	SRR7976325_NODE_395_length_3570_cov_8.675107	6353	1.00	0.000E+00	0	3544	3545	0	3544	3570	0	3544	0	1	3545M
SRR7976356_k141_38415	SRR7976356_NODE_1821_length_3798_cov_137.622495	6709	1.00	0.000E+00	0	3743	3885	0	3743	3798	0	3884	0	1	3744M
SRR7976356_k141_38415	SRR6960803_NODE_2476_length_3792_cov_180.473910	6684	0.999	0.000E+00	3734	0	3885	52	3786	3792	3884	0	0	1	3735M
SRR5466364_k141_57323	SRR5466364_NODE_1922_length_3650_cov_36.257858	6532	0.999	0.000E+00	0	3649	3650	0	3649	3650	0	3649	0	2	3650M
SRR5466364_k141_57323	SRR5466338_NODE_2505_length_3543_cov_32.222190	6215	0.998	0.000E+00	3477	0	3650	53	3530	3543	3649	0	0	2	3478M
SRR5466728_k141_53138	SRR5466728_NODE_669_length_3742_cov_7.408191	6700	1.00	0.000E+00	0	3738	3739	3	3741	3742	0	3738	0	2	3739M
SRR5467090_k141_2299	SRR5466728_NODE_674_length_3734_cov_34.555858	6582	1.00	0.000E+00	3672	0	3673	55	3727	3734	3672	0	0	1	3673M
SRR6960549_k141_11616	SRR7976299_NODE_109_length_3774_cov_485.389352	6615	0.998	0.000E+00	3721	13	3846	31	3739	3774	3845	0	0	1	3709M
SRR6960551_k141_8869	SRR6960509_NODE_2092_length_3718_cov_337.178269	6514	0.998	0.000E+00	87	3736	3737	66	3715	3718	0	3736	0	1	3650M
SRR7976300_k141_1325	SRR7976300_NODE_1828_length_3326_cov_7.463161	5877	0.999	0.000E+00	0	3283	3284	0	3282	3326	0	3283	0	1	2109M1I1174M
SRR7976310_k141_41231	SRR7976301_NODE_639_length_4242_cov_23.901361	7464	0.998	0.000E+00	107	4286	4322	37	4216	4242	0	4321	0	1	4180M
SRR6960799_k141_94633	SRR6960799_NODE_650_length_4012_cov_7.899419	7154	0.998	0.000E+00	4011	0	4012	0	4011	4012	4011	0	0	1	4012M
SRR7976357_k141_56411	SRR7976357_NODE_1844_length_4061_cov_13.926860	7271	0.999	0.000E+00	4059	0	4060	1	4060	4061	4059	0	0	1	4060M
SRR7976325_k141_37978	SRR6960799_NODE_582_length_4158_cov_17.305143	7281	0.993	0.000E+00	4132	0	4133	1	4133	4158	4132	0	0	1	4133M
SRR6960802_k141_20594	SRR6960802_NODE_1320_length_3800_cov_22.550067	6725	1.00	0.000E+00	3752	0	3753	47	3799	3800	3752	0	0	1	3753M
SRR5467139_k141_26183	SRR5467139_NODE_128_length_3784_cov_22.861625	6763	0.998	0.000E+00	0	3783	3784	0	3783	3784	0	3783	0	1	3784M
SRR5466338_k141_3607	SRR5466338_NODE_1946_length_4074_cov_96.326201	7275	1.00	0.000E+00	0	4059	4124	14	4073	4074	0	4123	0	1	4060M
SRR5466338_k141_3607	SRR6255402_NODE_651_length_4076_cov_54.120865	7179	1.00	0.000E+00	0	4005	4124	0	4005	4076	0	4123	0	1	4006M
SRR5466338_k141_3607	SRR6254353_NODE_662_length_4609_cov_65.315766	7179	1.00	0.000E+00	0	4005	4124	1	4006	4609	0	4123	0	1	4006M
SRR5466338_k141_3607	SRR5466369_NODE_2112_length_4076_cov_67.486446	7176	0.999	0.000E+00	4006	0	4124	62	4068	4076	4123	0	0	1	4007M
SRR5466338_k141_3607	SRR6253161_NODE_160_length_7616_cov_70.706124	7175	1.00	0.000E+00	0	4003	4124	14	4017	7616	0	4123	0	1	4004M
SRR5466338_k141_3607	SRR5466366_NODE_1722_length_4064_cov_71.503866	7170	1.00	0.000E+00	0	4000	4124	8	4008	4064	0	4123	0	1	4001M
SRR7976357_k141_32901	SRR7976356_NODE_2170_length_3509_cov_30.216271	6276	1.00	0.000E+00	3502	1	3503	7	3508	3509	3502	0	0	301	3502M
SRR7976325_k141_34495	SRR7976325_NODE_334_length_3724_cov_28.040338	6638	0.997	0.000E+00	0	3723	3724	0	3723	3724	0	3723	0	1	3724M
SRR7976356_k141_65663	SRR7976356_NODE_2090_length_3570_cov_338.721479	6252	0.999	0.000E+00	0	3493	3614	22	3515	3570	0	3613	0	1	3494M
SRR6050482_k141_6209	SRR6050482_NODE_11_length_4315_cov_11.943192	7728	0.999	0.000E+00	4314	0	4315	0	4314	4315	4314	0	0	1	4315M
SRR5466723_k141_22001	SRR5466723_NODE_507_length_4451_cov_392.136715	7954	0.998	0.000E+00	4453	3	4454	0	4450	4451	4453	0	0	1	4451M
SRR5466728_k141_28238	SRR5466728_NODE_643_length_3803_cov_7.830043	6783	0.999	0.000E+00	0	3789	3790	13	3802	3803	0	3789	0	1	3790M
SRR5467090_k141_21498	SRR5466728_NODE_741_length_3615_cov_42.991011	6279	0.993	0.000E+00	55	3613	3624	56	3614	3615	0	3623	0	1	3559M
SRR5467091_k141_5373	SRR5467091_NODE_957_length_4002_cov_24.371928	7172	1.00	0.000E+00	4001	0	4002	0	4001	4002	4001	0	0	1	4002M
SRR6255733_k141_14949	SRR6255733_NODE_720_length_4076_cov_493.013181	6905	0.999	0.000E+00	133	3988	3989	220	4075	4076	0	3988	0	1	3856M
SRR6255733_k141_14949	SRR5466723_NODE_783_length_3701_cov_516.176358	6468	0.999	0.000E+00	134	3745	3989	14	3625	3701	0	3988	0	1	3612M
SRR6255733_k141_14949	SRR5466729_NODE_1383_length_3737_cov_798.956274	6468	0.999	0.000E+00	3746	135	3989	68	3679	3737	3988	0	0	1	3612M
SRR5466729_k141_155	SRR5466729_NODE_1052_length_4168_cov_10.952832	7445	0.999	0.000E+00	4163	0	4164	2	4167	4168	4163	0	0	3	80M1D1663M1D2421M
SRR5467090_k141_4116	SRR5467090_NODE_731_length_3824_cov_14.070045	6853	1.00	0.000E+00	3823	0	3824	0	3823	3824	3823	0	0	1	3824M
SRR6253161_k141_41474	SRR6253161_NODE_1047_length_4115_cov_16.709606	7365	1.00	0.000E+00	4109	0	4110	3	4112	4115	4109	0	0	1	4110M
SRR6255746_k141_1054	SRR5466729_NODE_1306_length_3826_cov_25.051976	6771	0.999	0.000E+00	3785	0	3786	38	3823	3826	3785	0	0	1	3786M
SRR6960551_k141_21578	SRR6960551_NODE_580_length_3878_cov_724.719592	6949	1.00	0.000E+00	4397	520	4398	0	3877	3878	4397	0	0	1	3878M
SRR7976299_k141_4679	SRR7976299_NODE_44_length_4645_cov_11.170370	8309	0.999	0.000E+00	0	4641	4642	3	4644	4645	0	4641	0	1	4642M
SRR7976301_k141_33928	SRR7976301_NODE_841_length_3850_cov_439.519631	6841	0.999	0.000E+00	0	3819	3820	0	3819	3850	0	3819	0	1	3820M
SRR7687308_k141_117758	SRR7687308_NODE_1900_length_3771_cov_8.824273	6725	0.998	0.000E+00	3764	0	3765	0	3764	3771	3764	0	0	1	3765M
SRR6960803_k141_108340	SRR6960803_NODE_2726_length_3624_cov_8.419445	6402	0.999	0.000E+00	0	3574	3575	0	3574	3624	0	3574	0	1	3575M
SRR6960799_k141_65355	SRR6960799_NODE_689_length_3928_cov_52.021430	7033	0.999	0.000E+00	3926	0	3927	1	3927	3928	3926	0	0	1	3927M
SRR7976324_k141_44601	SRR7976323_NODE_2000_length_3790_cov_1061.116734	6655	0.998	0.000E+00	3725	0	3815	57	3782	3790	3814	0	0	1	3726M
SRR7976326_k141_37967	SRR7976326_NODE_177_length_3694_cov_11.154438	6616	1.00	0.000E+00	3691	0	3692	0	3691	3694	3691	0	0	1	3692M
SRR7976325_k141_15967	SRR7976325_NODE_429_length_3486_cov_14.172544	6228	0.999	0.000E+00	3483	0	3484	1	3485	3486	3483	0	0	1	3279M1D205M
SRR5208574_k141_12989	SRR5208575_NODE_37_length_4204_cov_21.640154	7472	0.997	0.000E+00	0	4196	4202	7	4203	4204	0	4201	0	1	4197M
SRR6960507_k141_60564	SRR6960507_NODE_1557_length_3798_cov_67.290676	6793	1.00	0.000E+00	0	3790	3791	1	3791	3798	0	3790	0	1	3791M
SRR5466369_k141_87890	SRR5466369_NODE_2507_length_3725_cov_10.546049	6670	1.00	0.000E+00	3721	0	3722	0	3721	3725	3721	0	0	1	3722M
SRR5466725_k141_6649	SRR5466725_NODE_2857_length_3494_cov_10.575167	6250	0.999	0.000E+00	3489	0	3490	2	3491	3494	3489	0	0	1	3490M
SRR5466729_k141_37226	SRR5466729_NODE_1754_length_3390_cov_16.312444	6023	0.999	0.000E+00	3365	0	3366	0	3365	3390	3365	0	0	1	3366M
SRR5467091_k141_79724	SRR5467090_NODE_709_length_3883_cov_370.305904	6785	0.999	0.000E+00	102	3895	3896	34	3827	3883	0	3895	0	1	3794M
SRR6255402_k141_28300	SRR6255402_NODE_694_length_3928_cov_22.376452	6945	0.997	0.000E+00	0	3902	3903	25	3927	3928	0	3902	0	1	3903M
SRR6255402_k141_28300	SRR5466337_NODE_823_length_4144_cov_59.227929	6857	0.996	0.000E+00	0	3858	3903	4	3862	4144	0	3902	0	1	3859M
SRR6255402_k141_28300	SRR6254351_NODE_846_length_3937_cov_24.258114	6845	0.995	0.000E+00	3859	0	3903	53	3912	3937	3902	0	0	1	3860M
SRR6255402_k141_28300	SRR5466369_NODE_2264_length_3936_cov_51.981190	6843	0.995	0.000E+00	3860	0	3903	53	3913	3936	3902	0	0	1	3861M
SRR6255402_k141_28300	SRR6253256_NODE_807_length_3939_cov_27.877188	6834	0.995	0.000E+00	3860	0	3903	53	3913	3939	3902	0	0	1	3861M
SRR5466337_k141_23779	SRR5466337_NODE_823_length_4144_cov_59.227929	7371	0.997	0.000E+00	0	4135	4136	8	4143	4144	0	4135	0	5	4136M
SRR5466337_k141_23779	SRR6253256_NODE_807_length_3939_cov_27.877188	6853	0.995	0.000E+00	3868	0	4136	42	3909	3939	4135	0	0	5	9M1I3859M
SRR5466337_k141_23779	SRR6254351_NODE_846_length_3937_cov_24.258114	6847	0.996	0.000E+00	3855	0	4136	53	3908	3937	4135	0	0	5	3856M
SRR5466337_k141_23779	SRR6255402_NODE_694_length_3928_cov_22.376452	6841	0.996	0.000E+00	0	3854	4136	29	3883	3928	0	4135	0	5	3855M
SRR5466337_k141_23779	SRR5466369_NODE_2264_length_3936_cov_51.981190	6834	0.995	0.000E+00	3855	0	4136	54	3909	3936	4135	0	0	5	3856M
SRR5467090_k141_1032	SRR5467091_NODE_660_length_4661_cov_13.378202	8236	0.994	0.000E+00	131	4786	4816	0	4655	4661	0	4815	0	5	4656M
SRR5467091_k141_65071	SRR5467091_NODE_757_length_4407_cov_15.696002	7866	0.999	0.000E+00	4396	0	4397	9	4405	4407	4396	0	0	1	4397M
SRR6255520_k141_37683	SRR6254353_NODE_845_length_4179_cov_7.931135	7284	0.999	0.000E+00	4069	0	4110	0	4069	4179	4109	0	0	1	4070M
SRR6255520_k141_37683	SRR6253161_NODE_984_length_4216_cov_15.915886	7275	1.00	0.000E+00	4059	0	4110	0	4059	4216	4109	0	0	1	4060M
SRR6255520_k141_37683	SRR6255513_NODE_641_length_4109_cov_6.981746	7252	0.999	0.000E+00	0	4051	4110	56	4107	4109	0	4109	0	1	4052M
SRR6960549_k141_4692	SRR6960549_NODE_144_length_3461_cov_78.888139	6166	1.00	0.000E+00	580	4020	4022	0	3440	3461	0	4021	0	3	3441M
SRR6960551_k141_45411	SRR6960551_NODE_602_length_3807_cov_7.650586	6725	0.998	0.000E+00	0	3771	3772	0	3770	3807	0	3771	0	1	103M1I3668M
SRR7976300_k141_30321	SRR7976300_NODE_1365_length_3777_cov_66.226491	6441	0.996	0.000E+00	208	3829	3830	63	3684	3777	0	3829	0	1	3622M
SRR7976310_k141_57211	SRR7976301_NODE_657_length_4201_cov_1217.076942	7381	0.999	0.000E+00	36	4159	4473	45	4168	4201	0	4472	0	1	4124M
SRR6960549_k141_7975	SRR6960549_NODE_77_length_4187_cov_9.668199	7386	0.996	0.000E+00	0	4153	4154	33	4186	4187	0	4153	0	301	4154M
SRR6960797_k141_38931	SRR6960551_NODE_764_length_3482_cov_29.062153	6157	0.994	0.000E+00	0	3480	3482	1	3481	3482	0	3481	0	1	3481M
SRR7976300_k141_20868	SRR6960507_NODE_1097_length_4376_cov_29.606341	7732	0.994	0.000E+00	4374	0	4375	1	4375	4376	4374	0	0	1	4375M
SRR7976310_k141_9036	SRR7976310_NODE_463_length_4681_cov_10.509944	8278	0.999	0.000E+00	4626	0	4627	52	4678	4681	4626	0	0	1	4627M
SRR6960799_k141_20589	SRR6960799_NODE_649_length_4013_cov_12.371652	7173	1.00	0.000E+00	4002	0	4003	9	4011	4013	4002	0	0	1	4003M
SRR7976357_k141_39612	SRR7976357_NODE_2029_length_3865_cov_26.842257	6174	0.998	0.000E+00	3454	0	3632	393	3847	3865	3631	0	0	1	3455M
SRR7976357_k141_39612	SRR7976356_NODE_1994_length_3641_cov_22.901004	6172	0.998	0.000E+00	0	3453	3632	43	3496	3641	0	3631	0	1	3454M
SRR7976325_k141_38180	SRR6960799_NODE_665_length_3983_cov_86.079939	7029	0.999	0.000E+00	4072	148	4073	6	3930	3983	4072	0	0	2	3925M
SRR7976356_k141_60829	SRR7976356_NODE_1994_length_3641_cov_22.901004	6376	1.00	0.000E+00	0	3557	3558	29	3586	3641	0	3557	0	1	3558M
SRR7976356_k141_60829	SRR7976357_NODE_2029_length_3865_cov_26.842257	6229	0.999	0.000E+00	3480	0	3558	381	3861	3865	3557	0	0	1	3481M
SRR6050483_k141_1213	SRR6050528_NODE_163_length_3508_cov_5.807703	6263	0.998	0.000E+00	3510	6	3511	3	3507	3508	3510	0	0	2	3505M
SRR6960801_k141_3744	SRR6960801_NODE_3500_length_3731_cov_33.138194	6684	1.00	0.000E+00	3729	0	3730	0	3729	3731	3729	0	0	1	3730M
SRR6960799_k141_73076	SRR6960799_NODE_848_length_3698_cov_9.669503	6607	1.00	0.000E+00	0	3686	3687	0	3686	3698	0	3686	0	1	3687M
SRR7976323_k141_20951	SRR7976324_NODE_283_length_4283_cov_544.541154	6784	0.992	0.000E+00	77	3929	4028	104	3956	4283	0	4027	0	1	3853M
SRR7976323_k141_20951	SRR6960802_NODE_1186_length_3964_cov_1612.116910	6743	0.990	0.000E+00	3930	78	4028	52	3904	3964	4027	0	0	1	3853M
SRR7976325_k141_44492	SRR6960799_NODE_758_length_3819_cov_7.545962	6744	0.999	0.000E+00	0	3765	3772	7	3772	3819	0	3771	0	2	3766M
SRR6050738_k141_29123	SRR6050738_NODE_90_length_4010_cov_31.746144	7173	1.00	0.000E+00	0	4002	4003	7	4009	4010	0	4002	0	1	4003M
SRR6960507_k141_82630	SRR6960507_NODE_1324_length_4060_cov_24.326592	7262	0.999	0.000E+00	0	4059	4060	0	4059	4060	0	4059	0	1	4060M
SRR5466365_k141_73140	SRR6254351_NODE_734_length_4251_cov_28.372021	7533	0.999	0.000E+00	4423	218	4433	0	4205	4251	4432	0	0	1	4206M
SRR5466725_k141_61370	SRR6255746_NODE_753_length_3897_cov_275.386517	6841	0.997	0.000E+00	4994	1150	4995	11	3855	3897	4994	0	0	1	3845M
SRR5466729_k141_28787	SRR5466729_NODE_1474_length_3663_cov_7.833980	6536	0.999	0.000E+00	3649	0	3650	1	3650	3663	3649	0	0	1	3650M
SRR5467091_k141_77603	SRR5467091_NODE_858_length_4177_cov_69.990539	7424	1.00	0.000E+00	4142	0	4143	34	4176	4177	4142	0	0	1	4143M
SRR5467091_k141_77603	SRR5467090_NODE_583_length_4171_cov_10.079932	5220	0.999	0.000E+00	1210	4124	4143	1255	4169	4171	0	4142	0	1	2915M
