SRR6960803_1217	SRR7976356_dg-312	6697	0.993	0.000E+00	0	3796	3846	1	3797	3798	0	3845	0	301	3797M
SRR7976324_46013	SRR7976324_dg-56	5569	0.995	0.000E+00	3626	485	3627	0	3140	3741	3626	0	0	1	3136M1I5M
SRR7976326_46491	SRR7976326_dg-15	6450	0.996	0.000E+00	3631	0	3777	994	4625	4626	3776	0	0	1	3632M
SRR6960551_69221	SRR6960797_dg-76	7167	0.993	0.000E+00	4076	14	4084	0	4063	4064	4083	0	0	1	3768M1D295M
SRR7976295_1273	SRR7976295_dg-15	6226	0.998	0.000E+00	0	3483	4040	0	3483	3747	0	4039	0	1	3484M
SRR7976299_19965	SRR7976299_dg-29	6480	0.992	0.000E+00	3682	0	3683	0	3684	3687	3682	0	0	1	2267M1D1295M1D121M
SRR7976310_15081	SRR7976301_dg-74	4810	0.997	0.000E+00	2966	268	2967	0	2698	3850	2966	0	0	1	2699M
SRR6960803_21069	SRR7976356_dg-312	6710	0.994	0.000E+00	0	3796	3846	1	3797	3798	0	3845	0	1	3797M
SRR7976325_74291	SRR7976325_dg-38	7038	0.990	0.000E+00	4026	0	4027	5	4030	4031	4026	0	0	1	2430M1I1596M
SRR7473382_919	SRR5208574_dg-19	6764	0.993	0.000E+00	5	3841	3861	0	3836	3850	0	3860	0	1	3837M
SRR5466729_2100	SRR6255746_dg-167	6354	0.996	0.000E+00	3581	1	3582	0	3580	3581	3581	0	0	1	2247M1I1231M1D102M
SRR5466729_78426	SRR6255733_dg-96	5903	0.996	0.000E+00	0	3324	3752	137	3462	3843	0	3751	0	1	225M1D3100M
SRR6049586_28762	SRR6254353_dg-125	5445	0.997	0.000E+00	3055	0	3298	1177	4232	4234	3297	0	0	1	3056M
SRR6254353_87994	SRR6254353_dg-170	6526	0.994	0.000E+00	6547	2853	6548	0	3695	3870	6547	0	0	1	737M1D2958M
SRR6255402_50398	SRR5467090_dg-82	6287	0.994	0.000E+00	3555	0	3652	382	3937	3938	3651	0	0	1	3556M
SRR6255733_47961	SRR6255733_dg-89	4403	0.991	0.000E+00	2511	0	2602	685	3196	3887	2601	0	0	1	2512M
SRR7976299_301	SRR7976299_dg-28	6576	0.995	0.000E+00	3706	0	3750	0	3706	3707	3749	0	0	1	3707M
SRR7976299_22732	SRR7976299_dg-29	6432	0.990	0.000E+00	3680	0	3681	0	3684	3687	3680	0	0	1	2267M1D1295M1D18M2D101M
SRR7976301_918	SRR7976301_dg-65	7095	0.997	0.000E+00	0	3981	3982	0	3981	3982	0	3981	0	1	3982M
SRR7976310_31319	SRR7976310_dg-147	6028	0.992	0.000E+00	0	3430	3431	0	3432	3434	0	3430	0	1	1272M1D961M1I1162M2D35M
SRR6050483_1219	SRR5208574_dg-19	6600	0.990	0.000E+00	0	3767	3768	0	3767	3850	0	3767	0	1	3768M
SRR5466365_107720	SRR6254351_dg-362	3767	0.992	0.000E+00	2143	0	2185	1197	3342	3343	2184	0	0	1	2052M2D92M
SRR5466337_23749	SRR6254353_dg-170	5513	0.994	0.000E+00	3121	3	4986	751	3869	3870	4985	0	0	1	3119M
SRR5466723_24831	SRR6255746_dg-109	4800	0.992	0.000E+00	2730	0	2961	1362	4092	4095	2960	0	0	1	2731M
SRR5466725_75207	SRR6255733_dg-89	6787	0.991	0.000E+00	12	3884	3885	0	3875	3887	0	3884	0	1	63M2D2061M1D1749M
SRR5466728_22587	SRR5467090_dg-93	6593	0.998	0.000E+00	505	4198	4199	101	3794	3802	0	4198	0	1	3694M
SRR5467090_369	SRR5466728_dg-45	5385	0.998	0.000E+00	85	3104	3503	0	3019	4316	0	3502	0	1	3020M
SRR5467091_43062	SRR5467090_dg-93	5581	0.995	0.000E+00	714	3860	3861	647	3793	3802	0	3860	0	1	3147M
SRR6253256_20785	SRR6254353_dg-170	6828	0.993	0.000E+00	10116	6247	10133	0	3869	3870	10132	0	0	1	3870M
SRR7976299_8223	SRR7976299_dg-14	7237	0.998	0.000E+00	0	4055	4640	0	4055	4056	0	4639	0	1	4056M
SRR6960803_196102	SRR7976356_dg-405	5908	0.990	0.000E+00	7	3385	3499	0	3378	3379	0	3498	0	1	3379M
SRR7976324_28232	SRR7976323_dg-204	6879	0.991	0.000E+00	3920	0	3921	3	3923	3930	3920	0	0	1	3921M
SRR6960551_7492	SRR6960797_dg-103	6186	0.993	0.000E+00	0	3511	3526	0	3511	3512	0	3525	0	301	3512M
SRR6960797_84355	SRR6960797_dg-100	6293	0.992	0.000E+00	3578	0	3579	0	3578	3579	3578	0	0	1	3579M
SRR7976299_19072	SRR7976299_dg-14	7228	0.997	0.000E+00	0	4055	4836	0	4055	4056	0	4835	0	1	4056M
SRR7976310_12039	SRR7976310_dg-105	6793	0.996	0.000E+00	1840	5662	5663	1	3823	3824	0	5662	0	1	3823M
SRR6254353_91054	SRR6254984_dg-65	6374	0.998	0.000E+00	3571	0	3729	325	3896	4009	3728	0	0	1	3572M
SRR6255733_54148	SRR6255733_dg-89	6878	0.995	0.000E+00	3884	0	3886	0	3886	3887	3885	0	0	1	63M2D3822M
SRR5466365_89197	SRR6254984_dg-65	4456	0.995	0.000E+00	2513	0	7285	1383	3896	4009	7284	0	0	1	2514M
SRR5466337_2150	SRR6254353_dg-171	6769	0.994	0.000E+00	6523	2691	6564	0	3835	3836	6563	0	0	1	2633M3D1200M
SRR5466723_11500	SRR5467091_dg-110	6438	0.994	0.000E+00	3645	1	4953	468	4112	4113	4952	0	0	1	3645M
SRR5466725_58599	SRR6255733_dg-96	4080	0.996	0.000E+00	33	2331	2332	1544	3842	3843	0	2331	0	1	2299M
SRR6050738_11650	SRR6050738_dg-22	7004	0.991	0.000E+00	0	3990	4027	0	3990	3992	0	4026	0	1	3991M
SRR5208574_4715	SRR5208574_dg-19	6729	0.990	0.000E+00	0	3849	3850	0	3849	3850	0	3849	0	1	3850M
SRR6050482_775	SRR5208574_dg-19	6670	0.990	0.000E+00	0	3816	3817	2	3818	3850	0	3816	0	1	3817M
SRR5466338_47502	SRR6255402_dg-86	3242	0.996	0.000E+00	460	2286	2287	1213	3040	4147	0	2286	0	1	1779M1D48M
SRR5466366_87184	SRR5466728_dg-45	5822	0.995	0.000E+00	287	3575	3576	971	4259	4316	0	3575	0	1	3289M
SRR5466337_16732	SRR6254351_dg-362	5912	0.995	0.000E+00	3336	1	3870	5	3342	3343	3869	0	0	1	3244M2D92M
SRR5466723_16930	SRR6255733_dg-75	6391	0.996	0.000E+00	1461	5059	5102	592	4190	4191	0	5101	0	1	3599M
SRR7976357_23268	SRR7976356_dg-385	6166	0.996	0.000E+00	3473	0	3509	0	3473	3475	3508	0	0	1	3445M1I6M1D22M
SRR7976356_73468	SRR7976356_dg-341	5458	0.995	0.000E+00	0	3079	3776	15	3096	3649	0	3775	0	1	38M1D551M1D2491M
SRR7976299_6507	SRR7976299_dg-14	7232	0.998	0.000E+00	0	4055	4530	0	4055	4056	0	4529	0	1	4056M
SRR7976310_94894	SRR7976310_dg-147	6109	0.997	0.000E+00	3433	0	3434	0	3433	3434	3433	0	0	1	3434M
SRR7976324_9609	SRR7976323_dg-264	6277	0.998	0.000E+00	0	3519	3655	0	3519	3553	0	3654	0	1	3520M
SRR7976357_56438	SRR7976356_dg-405	5916	0.990	0.000E+00	3382	4	3395	0	3378	3379	3394	0	0	1	3379M
SRR7976325_28138	SRR7976325_dg-43	6955	0.997	0.000E+00	3900	0	3901	0	3900	3901	3900	0	0	1	3901M
SRR7473382_121695	SRR5208574_dg-19	6735	0.991	0.000E+00	3853	18	3859	0	3835	3850	3858	0	0	1	3836M
SRR7976300_41470	SRR7976295_dg-15	5869	0.998	0.000E+00	3287	0	3443	456	3746	3747	3442	0	0	1	1948M3D1340M
SRR7976310_1988	SRR7976310_dg-130	6430	0.996	0.000E+00	0	3617	3618	0	3617	3618	0	3617	0	1	3618M
SRR7976310_116983	SRR7976310_dg-122	4682	0.998	0.000E+00	2764	140	2765	0	2624	3710	2764	0	0	1	2625M
SRR7976324_26806	SRR7976323_dg-204	6905	0.993	0.000E+00	3920	0	3921	3	3923	3930	3920	0	0	1	3921M
SRR5466369_73051	SRR5466728_dg-45	7160	0.997	0.000E+00	1296	5318	5319	257	4279	4316	0	5318	0	1	4023M
SRR5466725_26461	SRR6255746_dg-109	7305	0.998	0.000E+00	4093	0	4095	0	4093	4095	4094	0	0	1	4094M
SRR5466729_42421	SRR6255746_dg-111	7242	0.997	0.000E+00	4064	1	4085	0	4063	4064	4084	0	0	1	4064M
SRR7976326_31943	SRR7976326_dg-19	5080	0.997	0.000E+00	111	2963	2964	1175	4028	4029	0	2963	0	1	1313M1D1540M
SRR7976356_432	SRR7976356_dg-397	6007	0.992	0.000E+00	3416	0	3417	0	3416	3417	3416	0	0	1	3417M
SRR7976356_155838	SRR7976356_dg-368	5340	0.994	0.000E+00	0	3019	4285	0	3019	3529	0	4284	0	1	3020M
SRR5208570_12878	SRR5208575_dg-13	6908	0.993	0.000E+00	4056	142	4058	11	3925	3926	4057	0	0	1	3915M
SRR6960549_631	SRR6960549_dg-19	6993	0.997	0.000E+00	3929	0	3930	0	3929	3930	3929	0	0	1	3930M
SRR6960797_73453	SRR6960797_dg-76	7144	0.992	0.000E+00	0	4063	4064	0	4063	4064	0	4063	0	1	4064M
SRR7976299_15950	SRR7976299_dg-29	6455	0.991	0.000E+00	0	3680	3681	0	3684	3687	0	3680	0	1	2267M1D1295M1D18M2D101M
SRR7976310_6260	SRR7976301_dg-83	6645	0.997	0.000E+00	3744	15	3748	0	3728	3737	3747	0	0	1	125M1I3604M
SRR5466399_15055	SRR5467090_dg-82	4035	0.994	0.000E+00	2375	92	2377	111	2394	3938	2376	0	0	301	2284M
SRR5466365_57941	SRR5467090_dg-82	6223	0.995	0.000E+00	132	3641	3735	111	3620	3938	0	3734	0	1	3510M
SRR5466366_35591	SRR6254353_dg-125	7192	0.997	0.000E+00	4142	101	4143	0	4042	4234	4142	0	0	1	3740M1D302M
SRR5466369_149769	SRR6254351_dg-362	5230	0.994	0.000E+00	2958	0	3265	381	3342	3343	3264	0	0	1	2872M3D87M
SRR6255746_39972	SRR5466723_dg-111	6576	0.991	0.000E+00	0	3746	3747	1	3747	3749	0	3746	0	1	3747M
SRR6960509_49166	SRR6960797_dg-76	4758	0.992	0.000E+00	2704	0	2736	1359	4063	4064	2735	0	0	1	2705M
SRR6960549_4423	SRR7976310_dg-147	6034	0.995	0.000E+00	1488	4894	4896	12	3418	3434	0	4895	0	1	3407M
SRR7976295_1475	SRR7976295_dg-15	5175	0.997	0.000E+00	3710	6614	6615	842	3746	3747	0	6614	0	1	2905M
SRR7976299_20517	SRR7976299_dg-29	4408	0.990	0.000E+00	1311	3831	3832	1160	3684	3687	0	3831	0	1	1107M1D1295M1D18M2D101M
SRR7976310_15349	SRR7976310_dg-92	7016	0.994	0.000E+00	3964	0	6581	73	4037	4038	6580	0	0	1	3965M
SRR5466365_103843	SRR6254353_dg-125	6252	0.998	0.000E+00	3499	0	6120	732	4232	4234	6119	0	0	1	1589M1D1911M
SRR5466366_91449	SRR6254353_dg-125	5900	0.996	0.000E+00	3588	264	3589	0	3324	4234	3588	0	0	1	3325M
SRR5466337_21846	SRR6254353_dg-171	6801	0.995	0.000E+00	6523	2691	6564	0	3835	3836	6563	0	0	1	2633M3D1200M
SRR5466727_99084	SRR6255746_dg-167	6203	0.995	0.000E+00	0	3499	3569	1	3501	3581	0	3568	0	1	3477M1D23M
SRR6960803_104615	SRR7976356_dg-361	5028	0.998	0.000E+00	95	2912	2918	752	3569	3570	0	2917	0	1	2818M
SRR6960799_108349	SRR7976326_dg-15	8107	0.991	0.000E+00	23	4646	4700	0	4623	4626	0	4699	0	1	4624M
SRR5466727_45289	SRR6255733_dg-89	6785	0.992	0.000E+00	0	3853	3854	16	3872	3887	0	3853	0	1	46M3D3808M
SRR5466728_30309	SRR7976301_dg-83	6249	0.993	0.000E+00	3541	0	3798	184	3725	3737	3797	0	0	1	3542M
SRR5467091_47242	SRR5467091_dg-108	7341	0.996	0.000E+00	4711	583	4712	0	4128	4129	4711	0	0	1	4129M
SRR6253256_32088	SRR6254353_dg-170	6848	0.995	0.000E+00	4077	209	4094	0	3868	3870	4093	0	0	1	3869M
SRR6254353_3430	SRR6254352_dg-311	6373	0.996	0.000E+00	3614	31	3615	0	3583	3584	3614	0	0	1	3584M
SRR6254984_61753	SRR6254352_dg-311	4867	0.996	0.000E+00	2882	145	2883	6	2743	3584	2882	0	0	1	2738M
SRR6255520_39666	SRR6254351_dg-362	4845	0.995	0.000E+00	5	2735	3594	5	2735	3343	0	3593	0	1	2731M
SRR6254353_12286	SRR6254353_dg-170	6822	0.994	0.000E+00	3881	25	3900	13	3869	3870	3899	0	0	1	3857M
SRR6254984_72595	SRR5467090_dg-82	6764	0.994	0.000E+00	3826	0	4241	111	3937	3938	4240	0	0	1	3827M
SRR6255733_34956	SRR6255746_dg-176	6167	0.995	0.000E+00	0	3483	3542	1	3484	3485	0	3541	0	1	3484M
SRR6255746_24385	SRR6255746_dg-156	6484	0.994	0.000E+00	3699	27	3731	0	3672	3673	3730	0	0	1	3673M
SRR5466728_42828	SRR5467090_dg-82	6692	0.990	0.000E+00	3831	5	3835	111	3937	3938	3834	0	0	1	3827M
SRR5466729_37359	SRR6255733_dg-99	6682	0.995	0.000E+00	273	4043	4053	43	3813	3814	0	4052	0	1	3771M
SRR5467090_82971	SRR5467091_dg-92	7209	0.996	0.000E+00	1990	6052	6073	232	4294	4297	0	6072	0	1	4063M
SRR6253256_67494	SRR6254984_dg-65	5316	0.996	0.000E+00	863	3851	3852	908	3896	4009	0	3851	0	1	2989M
SRR6254353_12366	SRR6255520_dg-73	5154	0.991	0.000E+00	0	2935	3759	0	2935	3763	0	3758	0	1	2936M
SRR6255520_50376	SRR6254353_dg-125	7206	0.998	0.000E+00	4110	75	4111	27	4062	4234	4110	0	0	1	4036M
SRR6253579_27066	SRR5467090_dg-82	6693	0.990	0.000E+00	268	4093	4094	111	3937	3938	0	4093	0	1	3287M1D539M
SRR6254353_46245	SRR5467091_dg-92	6179	0.997	0.000E+00	0	3472	4224	0	3472	4297	0	4223	0	1	3473M
SRR6960540_3397	SRR6960540_dg-3	4406	0.992	0.000E+00	2505	0	2548	1433	3938	3939	2547	0	0	1	2506M
SRR5466727_72853	SRR5466723_dg-111	4721	0.992	0.000E+00	187	2873	3735	1	2687	3749	0	3734	0	301	2687M
SRR5466729_569	SRR7976301_dg-83	6553	0.992	0.000E+00	3726	0	3728	0	3726	3737	3727	0	0	1	3727M
SRR5467090_17317	SRR7976301_dg-83	6499	0.992	0.000E+00	4938	1236	4939	22	3725	3737	4938	0	0	1	78M1I11M1D287M1D3326M
SRR5208572_22927	SRR6050698_dg-44	6304	0.994	0.000E+00	3	3568	3569	0	3565	3567	0	3568	0	1	134M1D2017M1I1414M
SRR6960507_3779	SRR7976295_dg-15	5717	0.998	0.000E+00	3393	194	3407	0	3199	3747	3406	0	0	1	3200M
SRR5466364_57142	SRR6254353_dg-170	5343	0.993	0.000E+00	3031	3	3557	841	3869	3870	3556	0	0	1	3029M
SRR5466366_81130	SRR6254984_dg-65	4837	0.997	0.000E+00	2721	3	3097	1179	3897	4009	3096	0	0	1	2719M
SRR5466723_29391	SRR5466723_dg-111	6579	0.992	0.000E+00	0	3744	3745	0	3745	3749	0	3744	0	1	1552M1D2193M
SRR5466725_7655	SRR6255746_dg-105	7421	0.997	0.000E+00	0	4168	4188	0	4168	4169	0	4187	0	1	4169M
SRR5466727_29990	SRR6255733_dg-72	7533	0.997	0.000E+00	4317	90	4318	0	4226	4227	4317	0	0	1	3663M1I564M
SRR5466729_107208	SRR6255746_dg-109	4781	0.996	0.000E+00	95	2786	2787	1399	4092	4095	0	2786	0	1	1176M2D1516M
SRR5467090_57352	SRR5466728_dg-45	7641	0.995	0.000E+00	91	4399	4400	6	4314	4316	0	4399	0	1	4309M
SRR7976326_16271	SRR7976325_dg-37	5972	0.998	0.000E+00	0	3344	4588	0	3344	4048	0	4587	0	1	3345M
SRR7976356_106443	SRR7976356_dg-338	5553	0.997	0.000E+00	0	3120	3875	0	3120	3659	0	3874	0	1	3121M
SRR7473382_57372	SRR5208574_dg-19	6728	0.991	0.000E+00	5	3841	3862	0	3836	3850	0	3861	0	1	3837M
SRR6960797_54748	SRR6960797_dg-88	5977	0.992	0.000E+00	43	3442	6106	65	3464	3730	0	6105	0	1	3400M
SRR7976310_4393	SRR7976310_dg-111	6785	0.998	0.000E+00	3795	0	3796	0	3795	3796	3795	0	0	1	3796M
SRR7976323_58350	SRR6960802_dg-208	6524	0.990	0.000E+00	0	3732	3741	1	3733	3734	0	3740	0	1	3733M
SRR6254353_67878	SRR5467090_dg-82	5175	0.997	0.000E+00	1730	4634	4635	1020	3924	3938	0	4634	0	301	2905M
SRR6255521_24089	SRR6254353_dg-171	5198	0.993	0.000E+00	3105	157	3106	2	2953	3836	3105	0	0	1	2631M3D218M1D5M1I94M
SRR6255746_36268	SRR6255746_dg-156	6506	0.995	0.000E+00	3699	27	3731	0	3672	3673	3730	0	0	1	3673M
SRR6960509_43685	SRR6960797_dg-88	6448	0.992	0.000E+00	44	3706	3710	65	3727	3730	0	3709	0	1	3663M
SRR6960797_78971	SRR6960797_dg-76	7140	0.992	0.000E+00	0	4062	4063	0	4063	4064	0	4062	0	1	3768M1D295M
SRR6960799_91330	SRR7976326_dg-19	5339	0.996	0.000E+00	825	3828	4652	1025	4028	4029	0	4651	0	1	3004M
SRR7976357_2938	SRR7976356_dg-405	6002	0.996	0.000E+00	3381	4	4895	0	3378	3379	4894	0	0	1	50M1D3328M
SRR7976325_6417	SRR7976325_dg-50	6740	0.995	0.000E+00	3808	8	3809	0	3800	3801	3808	0	0	1	3801M
SRR7473382_27385	SRR5208574_dg-19	6750	0.992	0.000E+00	5	3841	3861	0	3836	3850	0	3860	0	1	3837M
SRR6050738_11870	SRR5208574_dg-19	6705	0.991	0.000E+00	59	3877	3893	18	3836	3850	0	3892	0	1	3819M
SRR7976301_21994	SRR7976310_dg-108	6688	0.992	0.000E+00	3802	1	3803	7	3808	3809	3802	0	0	1	3802M
SRR7976310_59703	SRR7976310_dg-92	7187	0.997	0.000E+00	4037	0	4038	0	4037	4038	4037	0	0	1	4038M
SRR6960799_16015	SRR7976325_dg-63	6318	0.996	0.000E+00	2	3559	3560	0	3557	3558	0	3559	0	1	3558M
SRR5466365_116140	SRR5467090_dg-82	3733	0.995	0.000E+00	843	2950	2997	345	2452	3938	0	2996	0	1	2108M
SRR5466366_111448	SRR6254353_dg-171	5538	0.992	0.000E+00	0	3147	4853	6	3155	3836	0	4852	0	1	2627M3D379M1I141M
SRR5466723_26707	SRR6255733_dg-89	6827	0.993	0.000E+00	3	3876	3877	0	3875	3887	0	3876	0	1	63M2D3811M
SRR5466725_5051	SRR6255733_dg-89	5419	0.994	0.000E+00	3068	0	10960	807	3875	3887	10959	0	0	1	3069M
SRR5466729_22922	SRR5466723_dg-111	6585	0.992	0.000E+00	3791	45	4007	1	3747	3749	4006	0	0	1	3747M
SRR6050738_26688	SRR5208574_dg-19	6733	0.991	0.000E+00	0	3836	3852	0	3836	3850	0	3851	0	1	3837M
SRR5467137_759	SRR5208570_dg-35	6079	0.997	0.000E+00	0	3411	3508	4	3415	3416	0	3507	0	1	3412M
SRR5466338_90667	SRR6254353_dg-125	6693	0.997	0.000E+00	3916	157	3931	0	3759	4234	3930	0	0	1	3760M
SRR5466365_130185	SRR6254353_dg-170	5529	0.994	0.000E+00	3172	48	3787	679	3803	3870	3786	0	0	1	3125M
SRR5466723_31239	SRR6255746_dg-158	6226	0.994	0.000E+00	3874	353	3875	6	3527	3662	3874	0	0	1	3522M
SRR7976357_59521	SRR7976356_dg-346	6424	0.995	0.000E+00	1245	4871	4879	11	3637	3638	0	4878	0	1	3627M
SRR7976323_39718	SRR7976323_dg-219	4475	0.995	0.000E+00	3226	698	3416	1243	3770	3816	3415	0	0	1	2522M1I6M
SRR6960802_102262	SRR6960802_dg-208	5435	0.990	0.000E+00	0	3111	3112	620	3733	3734	0	3111	0	1	197M1D1154M1D1761M
SRR5467090_9933	SRR5467090_dg-84	6879	0.994	0.000E+00	0	3893	3912	0	3893	3894	0	3911	0	1	97M1I11M1D3785M
SRR5467091_71856	SRR5467091_dg-92	7359	0.996	0.000E+00	0	4138	4831	0	4138	4297	0	4830	0	1	4139M
SRR6255402_11842	SRR6254984_dg-65	6370	0.995	0.000E+00	3765	169	3767	3	3599	4009	3766	0	0	1	3597M
SRR6255521_42652	SRR6254353_dg-171	5231	0.993	0.000E+00	4138	1176	4139	74	3040	3836	4138	0	0	301	48M1D2510M3D405M
SRR6255733_43295	SRR6255746_dg-78	8179	0.998	0.000E+00	5447	866	5448	6	4587	4807	5447	0	0	1	4582M
SRR6960549_2355	SRR6960549_dg-13	7578	0.997	0.000E+00	4260	0	4270	0	4259	4260	4269	0	0	1	3102M1I1158M
SRR6960551_7677	SRR6960797_dg-85	6791	0.997	0.000E+00	4116	300	4128	8	3824	3826	4127	0	0	1	3817M
SRR7976299_19764	SRR7976299_dg-29	6488	0.992	0.000E+00	3684	0	3685	0	3686	3687	3684	0	0	1	3582M2D103M
SRR6960799_81187	SRR7976325_dg-68	6209	0.996	0.000E+00	3536	38	3537	0	3497	3498	3536	0	0	1	1285M1I2213M
SRR7976356_45532	SRR7976356_dg-385	5256	0.997	0.000E+00	4690	1738	4725	0	2952	3475	4724	0	0	1	2953M
SRR6050483_5841	SRR5208575_dg-13	6906	0.992	0.000E+00	3924	1	3925	2	3925	3926	3924	0	0	1	3924M
SRR5466338_52360	SRR5467091_dg-92	7603	0.995	0.000E+00	114	4403	4405	0	4288	4297	0	4404	0	1	3862M1I427M
SRR5466366_95078	SRR6254353_dg-170	6527	0.993	0.000E+00	3772	71	3791	0	3701	3870	3790	0	0	1	3702M
SRR6050643_17351	SRR5208574_dg-19	6701	0.991	0.000E+00	3821	0	3825	0	3821	3850	3824	0	0	1	3822M
SRR5466338_58672	SRR5467091_dg-92	7240	0.996	0.000E+00	111	4183	7103	0	4072	4297	0	7102	0	1	4073M
SRR5466365_8620	SRR6254351_dg-362	4801	0.996	0.000E+00	3518	815	3519	5	2708	3343	3518	0	0	1	2704M
SRR5466727_25224	SRR6255746_dg-109	7100	0.996	0.000E+00	4110	109	4112	0	4001	4095	4111	0	0	1	4002M
SRR5466728_11029	SRR5467090_dg-93	6735	0.996	0.000E+00	760	4550	4555	0	3790	3802	0	4554	0	1	3791M
SRR5466729_23964	SRR6255733_dg-75	5777	0.996	0.000E+00	0	3244	5739	0	3248	4191	0	5738	0	1	840M4D2405M
SRR5466729_103941	SRR6255746_dg-158	6518	0.997	0.000E+00	56	3717	3718	0	3660	3662	0	3717	0	1	2392M1I1269M
SRR5467090_53666	SRR5467090_dg-93	3854	0.995	0.000E+00	0	2172	2446	0	2172	3802	0	2445	0	1	2173M
SRR5467091_34789	SRR5467090_dg-93	4709	0.996	0.000E+00	0	2649	2955	0	2649	3802	0	2954	0	1	2650M
SRR6254984_16826	SRR6254984_dg-65	7117	0.996	0.000E+00	4222	214	4223	0	4008	4009	4222	0	0	1	4009M
SRR7976356_74887	SRR7976356_dg-341	6384	0.994	0.000E+00	0	3610	4458	0	3611	3649	0	4457	0	1	605M1D3006M
SRR7473382_49227	SRR5208574_dg-19	6780	0.994	0.000E+00	5	3840	3859	0	3835	3850	0	3858	0	1	3836M
SRR5466338_64345	SRR5467090_dg-82	6795	0.996	0.000E+00	339	4165	4166	111	3937	3938	0	4165	0	1	3827M
SRR5466365_11117	SRR6255402_dg-86	6362	0.997	0.000E+00	365	3934	3935	577	4146	4147	0	3934	0	1	3570M
SRR5466365_117087	SRR5467091_dg-92	5459	0.996	0.000E+00	2	3072	3122	3	3073	4297	0	3121	0	1	3071M
SRR5466366_181634	SRR5467090_dg-82	2314	0.995	0.000E+00	1307	0	2883	1008	2314	3938	2882	0	0	1	1291M1I16M
SRR7976326_11842	SRR7976326_dg-19	4812	0.997	0.000E+00	0	2699	3160	0	2699	4029	0	3159	0	1	2700M
SRR7473382_51581	SRR5208574_dg-19	6724	0.991	0.000E+00	5	3841	3862	0	3836	3850	0	3861	0	1	3837M
SRR6050738_25789	SRR5208574_dg-19	6121	0.992	0.000E+00	0	3478	3479	0	3479	3850	0	3478	0	1	2123M1D1356M
SRR5208575_32478	SRR5208575_dg-13	6939	0.994	0.000E+00	0	3924	3925	0	3924	3926	0	3924	0	1	3925M
SRR6050698_3350	SRR5208574_dg-19	6741	0.990	0.000E+00	3850	2	3851	0	3848	3850	3850	0	0	1	3849M
SRR6255746_26091	SRR5466723_dg-111	5962	0.990	0.000E+00	3411	0	3414	336	3747	3749	3413	0	0	1	3412M
SRR6960551_3812	SRR6960797_dg-76	7139	0.992	0.000E+00	4077	14	4085	0	4063	4064	4084	0	0	1	4064M
SRR7976299_6825	SRR6960549_dg-26	3893	0.992	0.000E+00	0	2212	2369	10	2223	3724	0	2368	0	1	2203M1D10M
SRR7976310_1742	SRR7976301_dg-65	6802	0.995	0.000E+00	581	4416	4425	146	3981	3982	0	4424	0	1	3836M
SRR7976310_114919	SRR7976310_dg-147	4217	0.996	0.000E+00	2612	238	2613	0	2373	3434	2612	0	0	1	2234M1I140M
SRR5466725_131019	SRR5467091_dg-110	5078	0.995	0.000E+00	0	2865	3312	5	2870	4113	0	3311	0	1	2866M
SRR5466727_50254	SRR6255733_dg-89	4742	0.991	0.000E+00	0	2702	2795	2	2706	3887	0	2794	0	1	61M2D2642M
SRR5466728_44039	SRR5467090_dg-82	6056	0.997	0.000E+00	1168	4569	4575	536	3937	3938	0	4574	0	1	3402M
SRR5467090_83289	SRR5467090_dg-82	6781	0.995	0.000E+00	1216	5042	5043	111	3937	3938	0	5042	0	1	3510M1D20M1I296M
SRR6254353_23767	SRR6254984_dg-65	6410	0.996	0.000E+00	3750	138	3751	0	3613	4009	3750	0	0	1	422M1D3191M
SRR5466365_186076	SRR5467090_dg-82	3746	0.996	0.000E+00	2155	46	2341	343	2452	3938	2340	0	0	1	2110M
SRR5466369_85790	SRR6254351_dg-362	3595	0.994	0.000E+00	2033	0	2069	1306	3342	3343	2068	0	0	1	1947M3D87M
SRR5466725_138005	SRR5466723_dg-87	7193	0.996	0.000E+00	0	4053	4061	1	4054	4055	0	4060	0	1	4054M
SRR5466728_95019	SRR5467090_dg-80	5586	0.998	0.000E+00	3214	81	3215	3	3135	3980	3214	0	0	301	2059M1I1074M
SRR6254353_86370	SRR5466728_dg-45	5705	0.995	0.000E+00	3215	0	3444	1062	4277	4316	3443	0	0	1	3216M
SRR5466338_9254	SRR6254353_dg-125	7527	0.996	0.000E+00	4232	0	4247	0	4232	4234	4246	0	0	1	4233M
SRR5466365_60679	SRR6254353_dg-171	6726	0.991	0.000E+00	4339	509	4340	2	3835	3836	4339	0	0	1	20M4D17M4I2590M3D1200M
SRR5466366_40098	SRR6254353_dg-171	6396	0.994	0.000E+00	4050	434	4051	6	3625	3836	4050	0	0	1	2627M3D990M
SRR5466723_7812	SRR6255746_dg-94	7452	0.995	0.000E+00	1	4212	7303	0	4211	4404	0	7302	0	1	337M2I9M1D6M1D3858M
SRR5466723_46502	SRR7976301_dg-83	4686	0.992	0.000E+00	1779	4445	4446	1020	3686	3737	0	4445	0	1	2667M
SRR5466725_48438	SRR6255733_dg-89	6845	0.994	0.000E+00	12	3885	3886	0	3875	3887	0	3885	0	1	63M2D3811M
SRR5466727_9885	SRR6255733_dg-89	6765	0.991	0.000E+00	0	3854	3855	18	3872	3887	0	3854	0	1	3855M
SRR5466727_100527	SRR6255746_dg-176	6147	0.993	0.000E+00	3486	2	3487	0	3484	3485	3486	0	0	1	3485M
SRR5466729_97289	SRR6255733_dg-96	4696	0.994	0.000E+00	67	2724	2725	1185	3842	3843	0	2724	0	1	2658M
SRR6254351_30523	SRR6254984_dg-65	5572	0.997	0.000E+00	3128	0	3932	768	3896	4009	3931	0	0	1	3129M
SRR6254893_45433	SRR6254352_dg-262	5669	0.997	0.000E+00	96	3283	3284	797	3983	3986	0	3283	0	1	702M1I2485M
SRR6960509_2388	SRR6960797_dg-88	6466	0.993	0.000E+00	44	3706	3710	65	3727	3730	0	3709	0	1	3663M
SRR7976301_38849	SRR7976301_dg-94	6436	0.996	0.000E+00	3618	0	3660	0	3618	3619	3659	0	0	1	3619M
SRR7976310_69604	SRR7976310_dg-105	6808	0.997	0.000E+00	1617	5440	5441	0	3823	3824	0	5440	0	1	3824M
SRR7976357_28195	SRR7976356_dg-368	6241	0.995	0.000E+00	3529	0	3534	0	3528	3529	3533	0	0	1	260M1I1347M1D9M1I1912M
SRR7976326_6476	SRR7976325_dg-38	7092	0.994	0.000E+00	0	4015	4016	6	4022	4031	0	4015	0	1	1396M1D2620M
SRR5466365_135746	SRR6254984_dg-65	6432	0.996	0.000E+00	3618	0	4514	278	3896	4009	4513	0	0	1	3619M
SRR5466369_41440	SRR5466728_dg-45	7155	0.997	0.000E+00	7774	11796	11797	257	4279	4316	0	11796	0	1	4023M
SRR5466337_108430	SRR5467090_dg-82	6733	0.992	0.000E+00	115	3941	3947	111	3937	3938	0	3946	0	1	3827M
SRR6253579_4198	SRR6254353_dg-171	6794	0.996	0.000E+00	4091	265	4092	5	3834	3836	4091	0	0	1	2628M3D1199M
SRR6254353_24087	SRR6254353_dg-171	6674	0.994	0.000E+00	5006	1229	5007	0	3780	3836	5006	0	0	1	74M1D28M1I2530M3D1145M
SRR6255402_8509	SRR5467091_dg-92	7644	0.997	0.000E+00	283	4577	4582	3	4296	4297	0	4581	0	1	2354M1I1940M
SRR6960509_178499	SRR6960797_dg-88	6583	0.994	0.000E+00	3728	3	3729	2	3727	3730	3728	0	0	1	3726M
SRR6960551_4572	SRR6960797_dg-103	6177	0.992	0.000E+00	0	3511	3526	0	3511	3512	0	3525	0	1	3512M
SRR5466725_140203	SRR6255733_dg-89	6822	0.993	0.000E+00	3873	0	3886	0	3875	3887	3885	0	0	1	63M2D3811M
SRR5466728_68514	SRR5467090_dg-82	4077	0.998	0.000E+00	3	2287	2550	111	2395	3938	0	2549	0	1	2285M
SRR5466729_52625	SRR6255746_dg-158	5116	0.998	0.000E+00	3729	863	4203	0	2866	3662	4202	0	0	1	2867M
SRR5466729_52625	SRR6255746_dg-158	834	0.993	2.094E-242	3731	4202	4203	3189	3660	3662	0	4202	0	1	472M
SRR5467091_844	SRR5467091_dg-126	7136	0.998	0.000E+00	0	4001	4002	0	4001	4002	0	4001	0	2	4002M
SRR6253579_14482	SRR6254352_dg-262	6985	0.997	0.000E+00	0	3917	4491	3	3920	3986	0	4490	0	1	3918M
SRR6254353_44883	SRR6254352_dg-262	5774	0.993	0.000E+00	1600	4876	4877	694	3973	3986	0	4876	0	1	954M2D78M1D2192M1I3M3I13M4D33M
SRR5466369_148118	SRR6254984_dg-65	6286	0.996	0.000E+00	3694	150	3695	0	3543	4009	3694	0	0	301	1748M1I1796M
SRR5466723_2413	SRR6255746_dg-78	7799	0.997	0.000E+00	4384	0	5034	422	4806	4807	5033	0	0	1	4385M
SRR5466723_43851	SRR6255746_dg-176	5651	0.994	0.000E+00	3412	217	3907	167	3362	3485	3906	0	0	1	3196M
SRR5467090_26030	SRR5467090_dg-82	6803	0.997	0.000E+00	1216	5042	5043	111	3937	3938	0	5042	0	1	3510M1D20M1I296M
SRR6049586_69162	SRR5467090_dg-82	3683	0.998	0.000E+00	1632	3696	3697	1873	3937	3938	0	3696	0	1	2065M
SRR6253579_94923	SRR6254984_dg-65	6418	0.995	0.000E+00	1	3624	6307	1	3624	4009	0	6306	0	1	3624M
SRR6254353_106411	SRR6254353_dg-170	6501	0.994	0.000E+00	12214	8532	12233	13	3695	3870	12232	0	0	1	3683M
SRR6255513_584	SRR6254352_dg-311	6160	0.997	0.000E+00	4253	794	4254	6	3465	3584	4253	0	0	1	3460M
SRR6255733_54544	SRR6255733_dg-89	4154	0.991	0.000E+00	2569	202	2570	0	2370	3887	2569	0	0	1	62M3D2306M
SRR7976357_122910	SRR7976356_dg-341	5331	0.994	0.000E+00	639	3656	3661	628	3648	3649	0	3660	0	1	138M1I1443M1D699M3D737M
SRR7473382_7458	SRR5208574_dg-19	6773	0.994	0.000E+00	5	3841	3861	0	3836	3850	0	3860	0	1	3837M
SRR6050738_9178	SRR5467139_dg-14	7102	0.992	0.000E+00	4039	2	4040	0	4037	4038	4039	0	0	1	4038M
SRR7976310_27580	SRR6255746_dg-109	7100	0.993	0.000E+00	4026	0	4122	67	4093	4095	4121	0	0	1	4027M
SRR6960799_10281	SRR7976325_dg-42	6946	0.994	0.000E+00	3927	1	3928	0	3926	3927	3927	0	0	1	3555M2D10M2I360M
SRR7976324_65573	SRR6960802_dg-191	5291	0.997	0.000E+00	3071	102	3072	2	2971	3832	3071	0	0	1	2970M
SRR7976325_4549	SRR7976325_dg-53	6633	0.994	0.000E+00	0	3748	3764	0	3748	3749	0	3763	0	1	3749M
SRR6960549_7499	SRR7976301_dg-74	4908	0.996	0.000E+00	0	2765	3169	3	2768	3850	0	3168	0	1	2766M
SRR6960551_16410	SRR6960797_dg-105	5673	0.995	0.000E+00	1688	4889	4900	245	3447	3448	0	4899	0	1	1073M1I2096M2D32M
SRR6960551_89327	SRR6960797_dg-76	7149	0.992	0.000E+00	7	4069	4084	0	4063	4064	0	4083	0	1	3768M1D295M
SRR7976310_46044	SRR7976310_dg-105	6794	0.996	0.000E+00	479	4302	4303	0	3823	3824	0	4302	0	1	3824M
SRR6254351_25248	SRR6254984_dg-65	5564	0.996	0.000E+00	3129	0	4944	767	3896	4009	4943	0	0	1	3130M
SRR6254893_10077	SRR6254352_dg-262	4416	0.995	0.000E+00	2756	266	2757	1	2490	3986	2756	0	0	1	1498M1I992M
SRR6255746_1844	SRR6255733_dg-89	6860	0.994	0.000E+00	11	3895	3896	0	3886	3887	0	3895	0	1	63M2D3822M
SRR6255746_51341	SRR6255746_dg-94	7744	0.992	0.000E+00	4403	0	4404	0	4403	4404	4403	0	0	1	4404M
SRR6253161_101806	SRR6255402_dg-86	7114	0.996	0.000E+00	4018	14	5454	142	4146	4147	5453	0	0	1	4005M
SRR6254351_60814	SRR6254352_dg-262	5957	0.998	0.000E+00	306	3644	3645	635	3973	3986	0	3644	0	1	3339M
SRR6255733_23897	SRR6255746_dg-94	5553	0.993	0.000E+00	0	3145	3304	0	3145	4404	0	3303	0	1	3146M
SRR6253256_7333	SRR6255402_dg-86	6219	0.997	0.000E+00	253	3745	3746	654	4146	4147	0	3745	0	1	3493M
SRR6254351_91259	SRR6254353_dg-171	5129	0.991	0.000E+00	0	2919	3239	7	2929	3836	0	3238	0	1	2626M3D294M
SRR6254984_22779	SRR6254353_dg-171	6009	0.995	0.000E+00	3385	0	3515	445	3833	3836	3514	0	0	1	2188M3D1198M
SRR6255746_12430	SRR5466723_dg-111	6558	0.990	0.000E+00	0	3746	3747	1	3747	3749	0	3746	0	1	3747M
SRR6960549_19554	SRR7976299_dg-29	6449	0.992	0.000E+00	0	3666	3667	15	3684	3687	0	3666	0	1	3548M1D18M2D101M
SRR5466365_132646	SRR5467090_dg-82	4987	0.995	0.000E+00	2907	93	3641	806	3620	3938	3640	0	0	1	2815M
SRR5466369_10266	SRR5467091_dg-92	6627	0.995	0.000E+00	245	3982	3983	533	4270	4297	0	3982	0	1	3738M
SRR5466337_105191	SRR5467090_dg-82	5487	0.996	0.000E+00	4	3090	4876	111	3197	3938	0	4875	0	1	3087M
SRR5466723_31775	SRR6255746_dg-156	6448	0.991	0.000E+00	3672	0	3679	0	3672	3673	3678	0	0	1	3673M
SRR5466725_19726	SRR6255746_dg-156	6442	0.991	0.000E+00	3669	0	3703	0	3669	3673	3702	0	0	1	3670M
SRR5466727_45288	SRR6255733_dg-89	6807	0.994	0.000E+00	3852	0	3853	18	3872	3887	3852	0	0	1	45M2D3808M
SRR5466729_29088	SRR6255733_dg-89	6845	0.994	0.000E+00	10	3883	3884	0	3875	3887	0	3883	0	1	63M2D3811M
SRR6960797_39479	SRR6960797_dg-67	7482	0.996	0.000E+00	4214	0	4215	0	4213	4214	4214	0	0	1	2594M1I1620M
SRR7976310_2811	SRR7976310_dg-98	6985	0.998	0.000E+00	3912	0	3913	0	3912	3913	3912	0	0	1	3913M
SRR6960803_203666	SRR7976356_dg-341	6479	0.996	0.000E+00	3649	0	3650	0	3648	3649	3649	0	0	1	3636M1I13M
SRR5466337_123908	SRR6254352_dg-311	4375	0.996	0.000E+00	2491	31	2847	1123	3583	3584	2846	0	0	1	2461M
SRR6255746_30812	SRR6255746_dg-156	6448	0.991	0.000E+00	3699	27	3731	0	3672	3673	3730	0	0	1	3673M
SRR6960540_2834	SRR7976299_dg-25	5177	0.998	0.000E+00	0	2899	4005	4	2901	3757	0	4004	0	1	2889M2I9M
SRR6960551_54043	SRR6960797_dg-76	7130	0.991	0.000E+00	4077	14	4085	0	4063	4064	4084	0	0	1	4064M
SRR6960797_43186	SRR6960797_dg-75	7358	0.996	0.000E+00	0	4145	4185	0	4145	4146	0	4184	0	1	4146M
SRR5208573_23330	SRR5208574_dg-19	6701	0.990	0.000E+00	0	3824	3825	0	3827	3850	0	3824	0	1	1895M3D1930M
SRR5208570_20774	SRR5208575_dg-13	6854	0.990	0.000E+00	4056	142	4058	11	3925	3926	4057	0	0	1	3915M
SRR5467139_7880	SRR5208574_dg-19	4091	0.991	0.000E+00	0	2334	2335	0	2334	3850	0	2334	0	1	2335M
SRR6050716_3560	SRR5208574_dg-19	6728	0.991	0.000E+00	1	3837	3861	0	3836	3850	0	3860	0	1	3837M
SRR5466338_136552	SRR5467091_dg-92	7612	0.996	0.000E+00	4290	1	4474	0	4288	4297	4473	0	0	1	3862M1I427M
SRR5466365_52975	SRR6255402_dg-86	6353	0.997	0.000E+00	363	3932	3933	577	4146	4147	0	3932	0	1	3570M
SRR5466369_98462	SRR6254352_dg-262	7111	0.998	0.000E+00	1407	5391	5392	0	3983	3986	0	5391	0	1069885312	2549M1I1435M
SRR7976323_69827	SRR7976323_dg-269	4847	0.997	0.000E+00	2793	72	2795	1	2722	3505	2794	0	0	301	2722M
SRR6050738_1217	SRR6050738_dg-24	6953	0.996	0.000E+00	3914	0	3915	0	3914	3915	3914	0	0	1	3915M
SRR5208570_37439	SRR5208575_dg-13	6877	0.992	0.000E+00	4056	142	4058	11	3925	3926	4057	0	0	1	3915M
SRR5466727_79545	SRR6255733_dg-89	6744	0.990	0.000E+00	3852	0	3853	18	3872	3887	3852	0	0	1	45M2D3808M
SRR5466729_79390	SRR7976301_dg-83	6558	0.992	0.000E+00	3726	0	3728	0	3726	3737	3727	0	0	1	3727M
SRR6049586_62904	SRR5467091_dg-92	6974	0.997	0.000E+00	611	4524	4525	376	4289	4297	0	4524	0	1	3914M
SRR6253579_74488	SRR6255402_dg-86	5869	0.998	0.000E+00	0	3284	7078	126	3410	4147	0	7077	0	1	3285M
SRR7976299_21351	SRR7976299_dg-29	6441	0.990	0.000E+00	3680	0	3681	0	3684	3687	3680	0	0	1	2267M1D1295M1D18M2D101M
SRR7976310_16753	SRR7976310_dg-129	6532	0.999	0.000E+00	0	3649	3650	0	3649	3650	0	3649	0	1	3650M
SRR7976324_61244	SRR7976323_dg-204	6296	0.990	0.000E+00	3601	0	3602	3	3605	3930	3601	0	0	1	3581M1D21M
SRR5466365_86503	SRR6254353_dg-125	6234	0.997	0.000E+00	3499	0	4416	732	4232	4234	4415	0	0	1	1589M1D1911M
SRR5466723_49036	SRR6255733_dg-96	4137	0.997	0.000E+00	263	2585	2588	1520	3842	3843	0	2587	0	1	2323M
SRR5466729_81846	SRR6255746_dg-176	5551	0.997	0.000E+00	0	3119	5127	1	3120	3485	0	5126	0	1	3120M
SRR6255513_33879	SRR6254984_dg-65	5880	0.995	0.000E+00	6135	2820	6137	4	3319	4009	6136	0	0	1	3316M
SRR6255746_7209	SRR6255746_dg-94	7851	0.997	0.000E+00	0	4403	4404	0	4403	4404	0	4403	0	1	4404M
SRR7976299_1479	SRR7976299_dg-9	7785	0.998	0.000E+00	4641	285	4665	0	4356	4357	4664	0	0	1	4357M
SRR7976299_25160	SRR7976299_dg-25	4455	0.998	0.000E+00	0	2495	4097	0	2495	3757	0	4096	0	1	2496M
SRR7976310_56162	SRR7976310_dg-75	7545	0.996	0.000E+00	4252	0	4253	0	4252	4253	4252	0	0	1	4253M
SRR6960799_91912	SRR7976326_dg-15	8223	0.996	0.000E+00	23	4646	4700	0	4623	4626	0	4699	0	1	4624M
SRR7976357_9066	SRR7976356_dg-405	5943	0.992	0.000E+00	16	3394	3399	0	3378	3379	0	3398	0	1	3379M
SRR5466729_22790	SRR6255746_dg-176	5560	0.997	0.000E+00	0	3119	11760	1	3120	3485	0	11759	0	1	3120M
SRR6254351_60680	SRR5467090_dg-82	6159	0.994	0.000E+00	1	3482	5271	111	3592	3938	0	5270	0	1	3482M
SRR6960549_14832	SRR6960549_dg-9	8004	0.995	0.000E+00	0	4519	4582	0	4520	4521	0	4581	0	1	2236M1D2284M
SRR6960551_30470	SRR6960797_dg-76	7139	0.992	0.000E+00	4077	14	4085	0	4063	4064	4084	0	0	1	4064M
SRR7976299_2934	SRR6960540_dg-3	6969	0.994	0.000E+00	3944	6	3976	0	3938	3939	3975	0	0	1	3939M
SRR7976301_32583	SRR7976310_dg-75	4899	0.993	0.000E+00	2775	0	3014	1476	4251	4253	3013	0	0	1	2776M
SRR6960803_97749	SRR7976356_dg-405	5943	0.992	0.000E+00	3680	302	3688	0	3378	3379	3687	0	0	1	3379M
SRR6960799_17157	SRR7976326_dg-24	6900	0.995	0.000E+00	2	3902	3913	0	3900	3901	0	3912	0	1	7M1D1774M1I2119M
SRR6960799_26460	SRR7976325_dg-51	6712	0.995	0.000E+00	36	3823	3873	0	3787	3788	0	3872	0	1	3788M
SRR7976357_49502	SRR7976356_dg-397	5959	0.991	0.000E+00	3400	6	4893	22	3416	3417	4892	0	0	1	3395M
SRR7976326_22466	SRR7976326_dg-15	6750	0.995	0.000E+00	0	3806	7500	0	3806	4626	0	7499	0	1	3807M
SRR6254353_11785	SRR6254353_dg-171	6792	0.995	0.000E+00	4240	408	4241	0	3835	3836	4240	0	0	1	2633M3D1200M
SRR6254984_64332	SRR5467090_dg-82	6804	0.996	0.000E+00	414	4240	4241	111	3937	3938	0	4240	0	1	3827M
SRR6255520_46666	SRR6254353_dg-125	6084	0.997	0.000E+00	3859	445	3860	27	3441	4234	3859	0	0	1	3415M
SRR6255746_24306	SRR6255746_dg-111	7068	0.998	0.000E+00	4632	671	4640	0	3961	4064	4639	0	0	1	3962M
SRR7976310_3549	SRR7976310_dg-122	6626	0.998	0.000E+00	0	3709	3717	0	3709	3710	0	3716	0	1	3710M
SRR6960803_222909	SRR7976356_dg-405	5912	0.990	0.000E+00	7	3385	3688	0	3378	3379	0	3687	0	1	3379M
SRR7976357_83848	SRR7976356_dg-295	6844	0.991	0.000E+00	3898	0	3899	12	3910	3919	3898	0	0	1	3899M
SRR7976323_52885	SRR6960802_dg-208	6528	0.990	0.000E+00	0	3732	3741	1	3733	3734	0	3740	0	1	3733M
SRR7976326_34235	SRR7976325_dg-63	5262	0.997	0.000E+00	0	2955	3623	3	2958	3558	0	3622	0	1	2956M
SRR7976356_3833	SRR7976356_dg-295	6911	0.993	0.000E+00	3918	0	3919	0	3918	3919	3918	0	0	1	3919M
SRR5467090_13224	SRR5467090_dg-84	6923	0.997	0.000E+00	0	3893	3912	0	3893	3894	0	3911	0	301	97M1I11M1D3785M
SRR5467091_5693	SRR5467091_dg-110	7330	0.997	0.000E+00	4112	0	4113	0	4112	4113	4112	0	0	1	4113M
SRR5467091_100608	SRR5467091_dg-179	6219	0.992	0.000E+00	0	3537	3807	0	3537	3538	0	3806	0	1	3538M
SRR6254353_86262	SRR6255402_dg-86	5820	0.997	0.000E+00	1008	4277	4279	877	4146	4147	0	4278	0	1	3270M
SRR6255402_31532	SRR6255402_dg-86	7351	0.995	0.000E+00	349	4495	4496	0	4146	4147	0	4495	0	1	4147M
SRR6255733_41232	SRR6255746_dg-176	5174	0.995	0.000E+00	74	2995	3054	563	3484	3485	0	3053	0	1	2922M
SRR6255746_36913	SRR6255733_dg-89	6882	0.995	0.000E+00	11	3895	3896	0	3886	3887	0	3895	0	1	63M2D3822M
SRR6960509_44469	SRR6960797_dg-105	3896	0.993	0.000E+00	0	2210	2318	0	2209	3448	0	2317	0	1	1318M1I892M
SRR5466729_82300	SRR6255733_dg-89	6802	0.993	0.000E+00	0	3853	3854	19	3875	3887	0	3853	0	1	43M3D3811M
SRR6254351_9283	SRR6254351_dg-362	4723	0.998	0.000E+00	2699	52	2700	0	2647	3343	2699	0	0	1	2648M
SRR6254353_138631	SRR7976301_dg-83	5839	0.993	0.000E+00	3	3315	3462	0	3312	3737	0	3461	0	1	3313M
SRR6255513_2407	SRR6254351_dg-362	5686	0.995	0.000E+00	3257	50	3258	22	3229	3343	3257	0	0	1	3208M
SRR6255733_55410	SRR6255733_dg-72	7449	0.996	0.000E+00	54	4250	4251	30	4226	4227	0	4250	0	1	4197M
SRR6255746_41472	SRR5466723_dg-111	6553	0.990	0.000E+00	0	3746	3747	1	3747	3749	0	3746	0	1	3747M
SRR6960549_6950	SRR7976299_dg-14	7008	0.997	0.000E+00	116	4046	4047	90	4020	4056	0	4046	0	1	3931M
SRR6960551_14878	SRR6960797_dg-85	3939	0.996	0.000E+00	2272	4486	4487	1610	3824	3826	0	4486	0	1	2215M
SRR7976299_24	SRR7976299_dg-24	6673	0.995	0.000E+00	0	3765	3766	0	3765	3766	0	3765	0	1	3766M
SRR7976299_22611	SRR7976299_dg-29	6450	0.991	0.000E+00	3680	0	3681	0	3684	3687	3680	0	0	1	2267M1D1295M1D18M2D101M
SRR7976301_895	SRR7976310_dg-76	7522	0.998	0.000E+00	0	4210	4228	3	4214	4215	0	4227	0	1	1037M1D3174M
SRR6960799_15487	SRR7976325_dg-37	7227	0.998	0.000E+00	0	4047	4049	0	4047	4048	0	4048	0	1	4048M
SRR6960802_18441	SRR7976323_dg-264	6074	0.997	0.000E+00	533	3939	3940	139	3545	3553	0	3939	0	1	3407M
SRR7473382_32617	SRR5208574_dg-19	6750	0.992	0.000E+00	5	3841	3862	0	3836	3850	0	3861	0	1	3837M
SRR7976299_4929	SRR6960540_dg-3	6969	0.994	0.000E+00	3944	6	3976	0	3938	3939	3975	0	0	1	3939M
SRR7976301_74593	SRR7976310_dg-122	5304	0.998	0.000E+00	0	2971	3029	0	2971	3710	0	3028	0	1	2972M
SRR7976310_76852	SRR7976310_dg-76	3880	0.993	0.000E+00	0	2203	4290	0	2204	4215	0	4289	0	1	79M1I10M1D950M1D1164M
SRR7976310_76852	SRR7976301_dg-65	3673	0.994	0.000E+00	2203	4281	4290	1903	3981	3982	0	4289	0	1	2079M
SRR6960803_127007	SRR7976356_dg-397	6047	0.995	0.000E+00	3420	4	3421	0	3416	3417	3420	0	0	2	3417M
SRR7976357_42288	SRR7976356_dg-405	5099	0.991	0.000E+00	0	2904	4208	391	3295	3379	0	4207	0	1	2905M
SRR7976323_10464	SRR7976323_dg-219	6758	0.995	0.000E+00	3815	0	3852	0	3815	3816	3851	0	0	1	3816M
SRR5466365_53362	SRR6254351_dg-362	5166	0.996	0.000E+00	3336	432	3337	5	2909	3343	3336	0	0	1	2905M
SRR5466369_137592	SRR6254353_dg-171	5215	0.995	0.000E+00	4015	1078	4016	6	2946	3836	4015	0	0	1	2627M3D311M
SRR5466337_167768	SRR6254351_dg-362	3367	0.993	0.000E+00	284	2192	2194	1431	3342	3343	0	2193	0	1	1822M3D87M
SRR5466725_36196	SRR6255733_dg-75	7497	0.999	0.000E+00	1	4191	4235	0	4190	4191	0	4234	0	1	4191M
SRR5466723_43377	SRR6255746_dg-94	6434	0.997	0.000E+00	1	3613	4535	0	3612	4404	0	4534	0	301	3613M
SRR5466727_68326	SRR6255746_dg-156	6448	0.991	0.000E+00	3674	2	3708	0	3672	3673	3707	0	0	1	3673M
SRR5467091_3845	SRR5467090_dg-68	7328	0.995	0.000E+00	0	4131	4144	1	4132	4133	0	4143	0	1	4132M
SRR7976325_97259	SRR7976325_dg-39	5237	0.995	0.000E+00	3482	526	3483	0	2956	4013	3482	0	0	1	2957M
SRR6050738_8926	SRR5208574_dg-19	6687	0.990	0.000E+00	59	3877	3893	18	3836	3850	0	3892	0	1	3819M
SRR5208572_5915	SRR5208574_dg-19	6748	0.993	0.000E+00	0	3827	3828	0	3827	3850	0	3827	0	1	3828M
SRR5467140_19063	SRR5208574_dg-19	6731	0.991	0.000E+00	0	3835	3851	0	3835	3850	0	3850	0	1	3836M
SRR6049586_102878	SRR6254984_dg-65	4485	0.997	0.000E+00	87	2608	2609	1376	3896	4009	0	2608	0	1	456M1I2065M
SRR6254351_13425	SRR6254353_dg-171	6720	0.995	0.000E+00	3787	0	4920	43	3833	3836	4919	0	0	1	2590M3D1198M
SRR6254893_3141	SRR5467091_dg-92	7635	0.997	0.000E+00	3129	7416	7417	0	4287	4297	0	7416	0	1	4288M
SRR6255733_999	SRR6255746_dg-144	6690	0.998	0.000E+00	82	3832	3833	7	3757	3758	0	3832	0	1	3751M
SRR6255746_41730	SRR6255746_dg-111	2833	0.994	0.000E+00	0	1604	2483	1232	2835	4064	0	2482	0	1	180M1I1424M
SRR7976325_4896	SRR7976325_dg-39	7142	0.997	0.000E+00	0	4012	4026	0	4012	4013	0	4025	0	1	4013M
SRR6960802_1388	SRR6960802_dg-191	6849	0.998	0.000E+00	3831	0	3832	0	3831	3832	3831	0	0	1	3832M
SRR7976356_40607	SRR7976356_dg-397	5985	0.990	0.000E+00	3416	0	3417	0	3416	3417	3416	0	0	1	3417M
SRR7473382_9107	SRR5467139_dg-14	7136	0.994	0.000E+00	4036	0	4042	0	4036	4038	4041	0	0	1	4037M
SRR6050738_10305	SRR6050698_dg-44	6286	0.994	0.000E+00	1	3557	3559	0	3555	3567	0	3558	0	1	95M1I3461M
SRR6050482_551	SRR5208574_dg-19	6710	0.992	0.000E+00	0	3816	3817	2	3818	3850	0	3816	0	1	3817M
SRR5466729_88505	SRR6255746_dg-158	5624	0.998	0.000E+00	3829	679	5203	368	3518	3662	5202	0	0	1	3151M
SRR5467090_32502	SRR5467090_dg-93	4894	0.997	0.000E+00	5369	2619	5370	0	2750	3802	5369	0	0	1	2751M
SRR5467091_27564	SRR5467091_dg-143	6837	0.994	0.000E+00	0	3867	3912	0	3867	3868	0	3911	0	1	3868M
SRR6254351_18855	SRR6254353_dg-170	6802	0.993	0.000E+00	4534	677	4550	0	3857	3870	4549	0	0	1	3858M
SRR7976299_23519	SRR7976299_dg-29	6092	0.994	0.000E+00	4017	570	4018	0	3448	3687	4017	0	0	1	2267M1D1181M
SRR7976301_3987	SRR7976310_dg-117	6700	0.996	0.000E+00	0	3768	3831	1	3769	3770	0	3830	0	1	3769M
SRR7976310_54696	SRR7976310_dg-79	5949	0.996	0.000E+00	0	3346	3465	0	3346	4197	0	3464	0	1	3347M
SRR7976323_111819	SRR7976323_dg-219	6725	0.998	0.000E+00	4469	698	4506	0	3770	3816	4505	0	0	1	3765M1I6M
SRR6960549_10182	SRR6960549_dg-32	6222	0.997	0.000E+00	3493	0	3494	0	3492	3493	3493	0	0	1	538M1I2955M
SRR6960551_18400	SRR6960797_dg-100	6333	0.995	0.000E+00	10	3586	3587	0	3576	3579	0	3586	0	1	606M1I5M1D2965M
SRR7976299_24797	SRR6960549_dg-19	6750	0.997	0.000E+00	5194	1401	5195	6	3799	3930	5194	0	0	1	3794M
SRR7976310_55662	SRR7976310_dg-105	6785	0.996	0.000E+00	756	4579	4580	0	3823	3824	0	4579	0	1	3824M
SRR6960799_13340	SRR7976325_dg-41	7042	0.995	0.000E+00	3977	6	3983	0	3971	3972	3982	0	0	1	3972M
SRR5208575_11995	SRR5467139_dg-14	7025	0.991	0.000E+00	4009	0	4010	27	4036	4038	4009	0	0	1	4010M
SRR6050643_1172	SRR5208574_dg-19	6697	0.991	0.000E+00	3	3824	3825	0	3821	3850	0	3824	0	1	3822M
SRR6960507_35447	SRR7976295_dg-15	6674	0.997	0.000E+00	3746	0	3760	0	3746	3747	3759	0	0	1	3747M
SRR6960802_123290	SRR7976324_dg-56	4283	0.995	0.000E+00	0	2420	3238	972	3393	3741	0	3237	0	1	61M1D2360M
SRR5467139_6095	SRR5208575_dg-13	6657	0.990	0.000E+00	3818	7	3819	115	3925	3926	3818	0	0	1	26M1I3785M
SRR6050716_682	SRR5208574_dg-19	6706	0.990	0.000E+00	1	3837	3861	0	3836	3850	0	3860	0	1	3837M
SRR5466338_108730	SRR5467090_dg-82	6728	0.992	0.000E+00	177	4003	4004	111	3937	3938	0	4003	0	1	3827M
SRR5466365_183159	SRR5467090_dg-82	4135	0.994	0.000E+00	2387	46	2520	111	2452	3938	2519	0	0	1	2342M
SRR7976326_66533	SRR7976325_dg-38	7095	0.994	0.000E+00	4016	0	4017	6	4022	4031	4016	0	0	301	4017M
SRR7976356_7630	SRR7976356_dg-361	6380	0.998	0.000E+00	0	3569	3592	0	3569	3570	0	3591	0	1	3570M
SRR5208570_32911	SRR5208575_dg-13	6899	0.993	0.000E+00	4056	142	4058	11	3925	3926	4057	0	0	1	3915M
SRR6050716_17450	SRR6050738_dg-37	6105	0.995	0.000E+00	3448	0	3507	0	3448	3450	3506	0	0	1	3449M
SRR5466338_2400	SRR6254351_dg-362	4334	0.993	0.000E+00	3108	5563	5566	884	3342	3343	0	5565	0	1	2369M3D87M
SRR5466338_185868	SRR6254353_dg-171	6728	0.992	0.000E+00	0	3824	4000	6	3833	3836	0	3999	0	1	2627M3D1198M
SRR7976295_13329	SRR7976295_dg-15	5197	0.999	0.000E+00	3189	6093	6094	842	3746	3747	0	6093	0	1	2905M
SRR7976299_21482	SRR7976299_dg-25	6697	0.997	0.000E+00	0	3756	3757	0	3756	3757	0	3756	0	1	3757M
SRR6960803_27972	SRR7976356_dg-405	5948	0.992	0.000E+00	7	3385	3688	0	3378	3379	0	3687	0	1	3379M
SRR7473382_21228	SRR5208574_dg-19	6710	0.990	0.000E+00	5	3841	3862	0	3836	3850	0	3861	0	1	3837M
SRR5208574_5969	SRR5208574_dg-19	6810	0.994	0.000E+00	0	3849	3850	0	3849	3850	0	3849	0	1	3850M
SRR6050482_4491	SRR5467139_dg-12	7670	0.997	0.000E+00	4307	3	4315	0	4304	4305	4314	0	0	1	4305M
SRR6050482_4491	SRR5208570_dg-18	7584	0.997	0.000E+00	0	4261	4315	0	4263	4264	0	4314	0	1	2372M2D1890M
SRR5466338_49829	SRR6255520_dg-73	5141	0.990	0.000E+00	1	2936	3758	0	2935	3763	0	3757	0	2	2936M
SRR6960549_12408	SRR6960549_dg-26	6602	0.997	0.000E+00	449	4152	4153	20	3723	3724	0	4152	0	1	3704M
SRR7976301_13290	SRR7976310_dg-130	3698	0.997	0.000E+00	1	2076	2165	0	2075	3618	0	2164	0	1	2076M
SRR7976310_58897	SRR7976301_dg-65	6501	0.993	0.000E+00	138	3822	3831	297	3981	3982	0	3830	0	1	3685M
SRR6050528_16443	SRR5208575_dg-13	6860	0.991	0.000E+00	3919	7	3920	13	3925	3926	3919	0	0	1	3913M
SRR5466338_57090	SRR6254353_dg-125	4746	0.997	0.000E+00	188	2855	2856	1565	4232	4234	0	2855	0	1	2668M
SRR5466364_155860	SRR6255402_dg-86	6214	0.996	0.000E+00	3494	0	3619	652	4146	4147	3618	0	0	1	3495M
SRR5466365_111674	SRR5467090_dg-82	6375	0.995	0.000E+00	185	3779	3781	343	3937	3938	0	3780	0	1	3595M
SRR7976326_31434	SRR7976326_dg-15	6773	0.997	0.000E+00	0	3806	7316	0	3806	4626	0	7315	0	1	3807M
SRR5208573_6713	SRR5208575_dg-13	6855	0.991	0.000E+00	3916	4	3917	13	3925	3926	3916	0	0	1	3913M
SRR7976356_21509	SRR7976356_dg-324	6683	0.998	0.000E+00	3806	60	3807	0	3746	3747	3806	0	0	301	3747M
SRR7473382_472	SRR5208574_dg-19	6733	0.991	0.000E+00	5	3841	3862	0	3836	3850	0	3861	0	1	3837M
SRR6050738_2734	SRR6050738_dg-21	7083	0.994	0.000E+00	0	4009	4010	0	4009	4010	0	4009	0	1	4010M
SRR5466399_75023	SRR5467090_dg-82	3452	0.994	0.000E+00	2596	645	2597	442	2394	3938	2596	0	0	1	66M1D1886M
SRR5466338_8038	SRR6254984_dg-65	3956	0.995	0.000E+00	2229	0	2608	1667	3896	4009	2607	0	0	1	2230M
SRR5466365_60563	SRR6254353_dg-170	6341	0.991	0.000E+00	3658	48	4118	193	3803	3870	4117	0	0	1	3611M
SRR5466365_89821	SRR5467090_dg-82	6804	0.996	0.000E+00	132	3958	3960	111	3937	3938	0	3959	0	1	3827M
SRR5466366_84118	SRR6254353_dg-171	5632	0.995	0.000E+00	3221	44	3222	6	3186	3836	3221	0	0	1	2627M3D551M
SRR5466337_9426	SRR6254352_dg-262	7086	0.997	0.000E+00	88	4066	4067	0	3977	3986	0	4066	0	1	1499M1I2479M
SRR5466723_60319	SRR6255746_dg-156	6492	0.994	0.000E+00	6	3678	3679	0	3672	3673	0	3678	0	1	3673M
SRR5466725_66963	SRR6255746_dg-105	7372	0.994	0.000E+00	4187	19	4188	0	4168	4169	4187	0	0	1	4169M
SRR5466727_19060	SRR6255746_dg-156	6461	0.992	0.000E+00	3674	2	3708	0	3672	3673	3707	0	0	1	3673M
SRR5466729_86292	SRR6255746_dg-109	7248	0.996	0.000E+00	4083	0	4084	7	4092	4095	4083	0	0	1	2568M2D1516M
SRR5467090_30488	SRR5467090_dg-80	7087	0.997	0.000E+00	0	3979	3980	0	3979	3980	0	3979	0	1	3980M
SRR6254893_6179	SRR6254353_dg-170	6845	0.996	0.000E+00	3965	109	3966	13	3869	3870	3965	0	0	1	3857M
SRR6255513_12088	SRR6254352_dg-311	6151	0.996	0.000E+00	4013	554	4014	6	3465	3584	4013	0	0	1	3460M
SRR6255746_1229	SRR6255733_dg-89	6878	0.995	0.000E+00	11	3895	3896	0	3886	3887	0	3895	0	1	63M2D3822M
SRR5466337_32218	SRR6254353_dg-170	5522	0.995	0.000E+00	2773	5891	6032	751	3869	3870	0	6031	0	1	3119M
SRR5467137_43068	SRR5208575_dg-13	6936	0.995	0.000E+00	0	3912	3919	13	3925	3926	0	3918	0	1	3913M
SRR6255520_16216	SRR6255402_dg-86	7160	0.997	0.000E+00	2	4024	4035	125	4146	4147	0	4034	0	1	2942M1D6M1I666M1I407M
SRR6255733_27459	SRR6255733_dg-99	5422	0.997	0.000E+00	250	3292	3293	771	3813	3814	0	3292	0	1	3043M
SRR6255746_19612	SRR6255733_dg-89	6891	0.995	0.000E+00	11	3895	3896	0	3886	3887	0	3895	0	1	63M2D3822M
SRR6960509_9075	SRR6960797_dg-67	7294	0.997	0.000E+00	4423	331	4424	1	4093	4214	4423	0	0	1	4093M
SRR7976310_78014	SRR7976310_dg-108	6790	0.997	0.000E+00	0	3808	3835	0	3808	3809	0	3834	0	1	3809M
SRR6960803_127227	SRR7976356_dg-405	4278	0.992	0.000E+00	3167	736	3452	947	3378	3379	3451	0	0	1	2432M
SRR6255746_23917	SRR5466723_dg-111	6571	0.991	0.000E+00	0	3746	3747	1	3747	3749	0	3746	0	1	3747M
SRR7976301_102122	SRR7976310_dg-105	5351	0.996	0.000E+00	3781	771	3786	0	3010	3824	3785	0	0	1	3011M
SRR5466365_139549	SRR5467090_dg-82	4160	0.996	0.000E+00	2388	46	2391	111	2452	3938	2390	0	0	1	642M1I1700M
SRR5466369_46303	SRR6254353_dg-170	6845	0.994	0.000E+00	4477	608	4491	0	3869	3870	4490	0	0	1	3870M
SRR5466337_111835	SRR6254984_dg-65	6504	0.995	0.000E+00	4309	638	4346	0	3671	4009	4345	0	0	1	3672M
SRR5466723_37558	SRR6255746_dg-158	6258	0.996	0.000E+00	0	3521	3875	6	3527	3662	0	3874	0	1	3522M
SRR5466725_23549	SRR5466723_dg-87	7203	0.996	0.000E+00	4194	139	4195	1	4054	4055	4194	0	0	1	1806M2I2248M
SRR5466725_114522	SRR6255733_dg-89	6813	0.992	0.000E+00	12	3885	3886	0	3875	3887	0	3885	0	1	63M2D3811M
SRR5466727_46344	SRR6255733_dg-96	6810	0.995	0.000E+00	3842	0	3845	0	3842	3843	3844	0	0	1	3843M
SRR7976299_16718	SRR7976299_dg-12	7374	0.998	0.000E+00	0	4134	4135	0	4134	4137	0	4134	0	301	4135M
SRR7976310_8268	SRR7976310_dg-108	6092	0.991	0.000E+00	93	3564	3591	337	3808	3809	0	3590	0	1	3472M
SRR6960803_1494	SRR7976356_dg-338	6512	0.997	0.000E+00	1	3659	3660	0	3658	3659	0	3659	0	1	3659M
SRR7976324_48140	SRR6960802_dg-191	4773	0.997	0.000E+00	2682	0	2810	1145	3827	3832	2809	0	0	1	2683M
SRR7976323_65652	SRR7976324_dg-56	5071	0.997	0.000E+00	1848	4694	4827	887	3733	3741	0	4826	0	1	2847M
SRR7976357_134544	SRR7976356_dg-341	6443	0.994	0.000E+00	0	3649	3654	0	3648	3649	0	3653	0	1	766M1I2883M
SRR6960802_16530	SRR7976323_dg-228	6692	0.998	0.000E+00	3746	0	3800	0	3746	3754	3799	0	0	1	3747M
SRR7473382_31069	SRR5208574_dg-19	6710	0.990	0.000E+00	5	3841	3862	0	3836	3850	0	3861	0	1	3837M
SRR5208575_2846	SRR5208575_dg-13	6914	0.993	0.000E+00	3925	0	3926	0	3925	3926	3925	0	0	1	3926M
SRR6050528_15478	SRR5208574_dg-19	6688	0.990	0.000E+00	0	3821	3822	0	3821	3850	0	3821	0	1	3822M
SRR7976310_73064	SRR7976310_dg-105	6793	0.996	0.000E+00	3879	7701	7702	1	3823	3824	0	7701	0	1	3823M
SRR6960799_105943	SRR7976325_dg-63	6291	0.994	0.000E+00	3557	0	3560	0	3557	3558	3559	0	0	1	3558M
SRR7976299_6321	SRR6960549_dg-19	5089	0.996	0.000E+00	2868	2	3151	1062	3928	3930	3150	0	0	1	2867M
SRR7976310_2	SRR7976301_dg-74	6852	0.997	0.000E+00	0	3845	3871	0	3845	3850	0	3870	0	1	3846M
SRR7976310_80923	SRR7976310_dg-144	6068	0.992	0.000E+00	3450	0	3451	0	3450	3451	3450	0	0	1	3451M
SRR6960803_131943	SRR7976356_dg-397	6025	0.993	0.000E+00	3420	4	3421	0	3416	3417	3420	0	0	1	3417M
SRR6960799_27794	SRR7976326_dg-19	7193	0.998	0.000E+00	0	4028	4852	0	4028	4029	0	4851	0	1	4029M
SRR7976324_1325	SRR7976323_dg-264	4460	0.997	0.000E+00	0	2505	2644	0	2505	3553	0	2643	0	1	2506M
SRR5466338_101785	SRR5467090_dg-82	6268	0.997	0.000E+00	339	3858	8535	111	3630	3938	0	8534	0	1	3520M
SRR5466365_148425	SRR5467090_dg-82	2930	0.996	0.000E+00	1692	46	2550	806	2452	3938	2549	0	0	1	1647M
SRR5466369_56017	SRR6254353_dg-170	6833	0.995	0.000E+00	4009	152	4023	0	3857	3870	4022	0	0	1	3858M
SRR5466723_39135	SRR5466723_dg-111	5970	0.992	0.000E+00	2046	5439	5440	352	3745	3749	0	5439	0	1	3394M
SRR5466725_123464	SRR6255746_dg-105	5096	0.998	0.000E+00	3593	738	3594	0	2855	4169	3593	0	0	1	2856M
SRR7976326_37097	SRR7976326_dg-15	4846	0.996	0.000E+00	4045	1317	4191	994	3722	4626	4190	0	0	1	2729M
SRR7976325_58044	SRR7976325_dg-39	6620	0.996	0.000E+00	0	3728	5589	0	3728	4013	0	5588	0	1	3729M
SRR7976356_170596	SRR7976356_dg-346	4351	0.997	0.000E+00	2576	130	2577	0	2445	3638	2576	0	0	1	307M1I2139M
SRR6050738_286	SRR5208574_dg-19	6710	0.990	0.000E+00	0	3836	3852	0	3836	3850	0	3851	0	1	3837M
SRR5467139_15471	SRR5467139_dg-14	5971	0.991	0.000E+00	3401	0	3402	631	4037	4038	3401	0	0	1	862M5D2540M
SRR5466338_148760	SRR6254353_dg-125	4724	0.996	0.000E+00	1077	3732	3733	1577	4232	4234	0	3732	0	1	2656M
SRR6253579_53359	SRR6254351_dg-362	4550	0.995	0.000E+00	2679	111	2680	6	2574	3343	2679	0	0	301	2569M
SRR6254353_86399	SRR6254984_dg-65	6386	0.996	0.000E+00	3595	0	5675	301	3896	4009	5674	0	0	1	3596M
SRR6255402_39932	SRR6254353_dg-170	6803	0.992	0.000E+00	3911	43	3928	0	3868	3870	3927	0	0	1	3869M
SRR6255746_39436	SRR5466723_dg-111	6558	0.990	0.000E+00	0	3746	3747	1	3747	3749	0	3746	0	1	3747M
SRR6960549_4369	SRR7976310_dg-147	6028	0.994	0.000E+00	1497	4904	4905	12	3421	3434	0	4904	0	1	3384M2D24M
SRR6960551_8874	SRR6960797_dg-105	6115	0.996	0.000E+00	10	3457	3467	0	3447	3448	0	3466	0	1	1318M1I2096M1D33M
SRR6960799_64127	SRR7976325_dg-38	7051	0.992	0.000E+00	0	4010	4011	4	4015	4031	0	4010	0	1	1398M1D2613M
SRR7976323_89096	SRR7976324_dg-56	6634	0.996	0.000E+00	3864	132	3869	0	3733	3741	3868	0	0	1	1809M1D1924M
SRR5466337_7992	SRR6254353_dg-125	7169	0.998	0.000E+00	4284	267	4286	24	4041	4234	4285	0	0	1	4018M
SRR5466723_59591	SRR6255733_dg-89	6455	0.990	0.000E+00	3685	0	3689	0	3689	3887	3688	0	0	1	63M2D3363M2D260M
SRR5466725_61062	SRR6255746_dg-109	7274	0.996	0.000E+00	4093	0	4095	0	4093	4095	4094	0	0	1	4094M
SRR5466727_13751	SRR6255733_dg-99	6794	0.997	0.000E+00	2	3815	3824	0	3813	3814	0	3823	0	1	3814M
SRR5466729_82370	SRR6255746_dg-78	7985	0.998	0.000E+00	9220	4745	9221	4	4479	4807	9220	0	0	1	4476M
SRR5467091_13394	SRR5467090_dg-117	6305	0.995	0.000E+00	3560	0	3570	0	3560	3566	3569	0	0	1	3561M
SRR6254893_8480	SRR5467091_dg-92	7644	0.997	0.000E+00	377	4664	4665	0	4287	4297	0	4664	0	1	4288M
SRR6255733_7043	SRR6255746_dg-78	8161	0.997	0.000E+00	9870	5289	9871	6	4587	4807	9870	0	0	1	4582M
SRR6960509_76346	SRR6960797_dg-76	4759	0.992	0.000E+00	2703	0	2735	1359	4063	4064	2734	0	0	1	2409M1D295M
SRR7976299_1058	SRR7976299_dg-25	6624	0.997	0.000E+00	0	3718	4006	0	3718	3757	0	4005	0	1	3719M
SRR6254984_13870	SRR5467090_dg-82	6809	0.997	0.000E+00	414	4240	4241	111	3937	3938	0	4240	0	1	3827M
SRR6255513_50773	SRR6254984_dg-65	3717	0.996	0.000E+00	2093	0	2211	1803	3896	4009	2210	0	0	1	2094M
SRR6255733_23619	SRR6255733_dg-89	6855	0.993	0.000E+00	1	3885	3886	0	3886	3887	0	3885	0	1	63M2D3822M
SRR6960551_28448	SRR6960797_dg-76	7144	0.992	0.000E+00	4077	14	4085	0	4063	4064	4084	0	0	1	4064M
SRR6960551_105002	SRR6960797_dg-88	6451	0.993	0.000E+00	3660	0	3704	65	3726	3730	3703	0	0	1	220M1D3441M
SRR5466365_12533	SRR5466728_dg-45	7590	0.995	0.000E+00	104	4386	4387	1	4283	4316	0	4386	0	1	4283M
SRR5466365_129797	SRR6254984_dg-65	6425	0.996	0.000E+00	3618	0	4232	278	3896	4009	4231	0	0	1	3069M2D15M2I533M
SRR5466369_2367	SRR6254352_dg-311	4979	0.996	0.000E+00	2805	5	2994	783	3583	3584	2993	0	0	1	2801M
SRR5466337_83468	SRR6254353_dg-170	5500	0.993	0.000E+00	3015	6133	6137	751	3869	3870	0	6136	0	1	3119M
SRR5466725_95969	SRR6255746_dg-94	7702	0.994	0.000E+00	2283	6640	6641	43	4400	4404	0	6640	0	1	4358M
SRR5466727_33477	SRR6255746_dg-111	6697	0.998	0.000E+00	4435	684	4454	0	3751	4064	4453	0	0	1	3752M
SRR7976356_109845	SRR7976356_dg-356	6305	0.991	0.000E+00	3591	0	3607	0	3592	3593	3606	0	0	1	2274M1D1318M
SRR5467139_1648	SRR5467139_dg-14	7124	0.993	0.000E+00	4037	0	4038	0	4037	4038	4037	0	0	1	4038M
SRR5466338_97512	SRR5467091_dg-92	7249	0.997	0.000E+00	183	4255	7175	0	4072	4297	0	7174	0	1	4073M
SRR5466365_29924	SRR6254353_dg-170	6718	0.994	0.000E+00	3851	48	3868	0	3803	3870	3867	0	0	1	3804M
SRR5466337_133327	SRR6254353_dg-171	6756	0.993	0.000E+00	40	3872	5150	0	3835	3836	0	5149	0	1	2633M3D1200M
SRR5466723_42631	SRR5466723_dg-111	4793	0.993	0.000E+00	2717	0	2718	0	2718	3749	2717	0	0	1	2674M1D44M
SRR5466728_75158	SRR5467090_dg-93	2453	0.997	0.000E+00	4209	2834	4210	1508	2883	3802	4209	0	0	1	1376M
SRR5208570_30097	SRR5208575_dg-13	6868	0.991	0.000E+00	4056	142	4058	11	3925	3926	4057	0	0	301	3915M
SRR5467139_16842	SRR6050738_dg-29	6676	0.993	0.000E+00	3784	0	3785	0	3783	3784	3784	0	0	1	3567M1I217M
SRR6050716_13772	SRR5208574_dg-19	6710	0.990	0.000E+00	1	3837	3861	0	3836	3850	0	3860	0	1	3837M
SRR5466365_54661	SRR6254984_dg-65	6606	0.997	0.000E+00	3713	0	5984	183	3896	4009	5983	0	0	1	3714M
SRR6050738_7288	SRR5467139_dg-14	7057	0.990	0.000E+00	4039	2	4040	0	4037	4038	4039	0	0	1	4038M
SRR5208572_5344	SRR6050738_dg-15	7567	0.997	0.000E+00	4935	683	4936	9	4261	4262	4935	0	0	1	4253M
SRR5467140_9663	SRR5467139_dg-14	7116	0.993	0.000E+00	4035	0	4048	1	4036	4038	4047	0	0	1	4036M
SRR6254352_52558	SRR6254984_dg-65	6915	0.996	0.000E+00	3897	1	3906	1	3897	4009	3905	0	0	1	1748M1D913M1I1235M
SRR5466365_83059	SRR6254353_dg-170	4672	0.993	0.000E+00	2652	1	2835	1218	3869	3870	2834	0	0	1	2652M
SRR5466369_199727	SRR6254353_dg-170	6824	0.994	0.000E+00	13	3870	6916	0	3857	3870	0	6915	0	1	3858M
SRR5466723_8628	SRR6255746_dg-144	5703	0.995	0.000E+00	0	3214	3273	3	3217	3758	0	3272	0	1	3215M
SRR6960551_95913	SRR6960797_dg-67	7456	0.995	0.000E+00	2	4209	4212	0	4206	4214	0	4211	0	1	2606M1I1601M
SRR7976299_1458	SRR7976299_dg-13	7237	0.997	0.000E+00	0	4060	4061	0	4060	4061	0	4060	0	1	4061M
SRR7976301_8886	SRR7976310_dg-144	6129	0.996	0.000E+00	3451	2	3452	1	3450	3451	3451	0	0	1	3450M
SRR7976310_55728	SRR7976310_dg-106	6772	0.995	0.000E+00	0	3818	3827	0	3818	3819	0	3826	0	1	3819M
SRR7976323_121684	SRR7976323_dg-264	5126	0.996	0.000E+00	3088	206	3089	0	2882	3553	3088	0	0	1	2883M
SRR6960802_13360	SRR7976323_dg-269	6232	0.996	0.000E+00	3508	4	3509	0	3504	3505	3508	0	0	1	3505M
SRR5466338_57077	SRR6254984_dg-65	6599	0.997	0.000E+00	3736	7445	7446	187	3896	4009	0	7445	0	1	3710M
SRR5466365_110030	SRR6254353_dg-170	5629	0.993	0.000E+00	3191	1	3509	679	3869	3870	3508	0	0	1	3191M
SRR5466337_36159	SRR5467090_dg-82	6737	0.992	0.000E+00	115	3941	3947	111	3937	3938	0	3946	0	1	3827M
SRR5466729_21895	SRR6255746_dg-158	6275	0.998	0.000E+00	4197	679	4671	0	3518	3662	4670	0	0	1	3519M
SRR5466729_21895	SRR6255746_dg-158	834	0.993	2.373E-242	4199	4670	4671	3189	3660	3662	0	4670	0	1	472M
SRR6254351_58001	SRR6254352_dg-262	5163	0.997	0.000E+00	0	2895	3287	2	2897	3986	0	3286	0	2	2896M
SRR6255733_16126	SRR5466723_dg-111	6608	0.993	0.000E+00	0	3744	3745	1	3745	3749	0	3744	0	1	3745M
SRR6255746_9038	SRR6255746_dg-78	8587	0.998	0.000E+00	4806	0	4807	0	4806	4807	4806	0	0	1	4807M
SRR5466729_121629	SRR6255746_dg-109	5403	0.995	0.000E+00	2194	5243	5244	1043	4092	4095	0	5243	0	1	3050M
SRR5467091_39948	SRR5467090_dg-84	6442	0.997	0.000E+00	186	3805	3806	274	3893	3894	0	3805	0	1	3620M
SRR6253256_14975	SRR6254353_dg-125	3793	0.997	0.000E+00	2130	0	4013	2102	4232	4234	4012	0	0	1	2131M
SRR6254351_91435	SRR6254352_dg-262	5181	0.999	0.000E+00	4239	1344	4240	2	2897	3986	4239	0	0	1	2896M
SRR6254984_36113	SRR5467090_dg-82	5550	0.994	0.000E+00	149	3285	3286	801	3937	3938	0	3285	0	1	3137M
SRR6255520_5198	SRR6254984_dg-65	5295	0.995	0.000E+00	4978	1995	4981	0	2985	4009	4980	0	0	1	2130M2D854M
SRR6960509_124293	SRR6960797_dg-85	6656	0.995	0.000E+00	3763	6	6291	68	3825	3826	6290	0	0	1	3676M2D12M2I68M
SRR6960551_114641	SRR6960797_dg-103	6155	0.991	0.000E+00	3525	14	3526	0	3511	3512	3525	0	0	1	3512M
SRR7976299_4830	SRR7976299_dg-28	5263	0.997	0.000E+00	3185	229	3229	0	2956	3707	3228	0	0	1	2957M
SRR7976310_76125	SRR7976310_dg-105	6794	0.996	0.000E+00	719	4542	4543	0	3823	3824	0	4542	0	1	3824M
SRR6050698_15310	SRR6050738_dg-15	7529	0.995	0.000E+00	0	4248	4249	10	4258	4262	0	4248	0	1	4249M
SRR5466338_96880	SRR6254353_dg-125	4636	0.997	0.000E+00	2601	0	2697	1119	3720	4234	2696	0	0	1	2602M
SRR5466365_21832	SRR5467090_dg-82	4162	0.996	0.000E+00	132	2473	2520	111	2452	3938	0	2519	0	1	2342M
SRR5466365_133192	SRR6254353_dg-170	6468	0.992	0.000E+00	3677	1	4137	193	3869	3870	4136	0	0	1	3677M
SRR5466369_18562	SRR6254353_dg-170	6828	0.993	0.000E+00	5353	1484	5367	0	3869	3870	5366	0	0	1	3870M
SRR5466723_32119	SRR6255733_dg-75	6391	0.996	0.000E+00	2166	5764	5807	592	4190	4191	0	5806	0	1	3599M
SRR5466725_111130	SRR5466723_dg-111	6031	0.991	0.000E+00	3437	0	3438	309	3746	3749	3437	0	0	1	3438M
SRR5466723_32223	SRR6255746_dg-109	4471	0.996	0.000E+00	2790	273	2791	999	3517	4095	2790	0	0	1	32M1D2486M
SRR5466725_112680	SRR6255733_dg-89	6621	0.991	0.000E+00	12	3785	3786	0	3775	3887	0	3785	0	1	63M2D3711M
SRR5466728_38240	SRR5467090_dg-105	6546	0.997	0.000E+00	3780	108	3787	0	3672	3673	3786	0	0	1	3673M
SRR5466729_33963	SRR6255746_dg-94	7312	0.995	0.000E+00	287	4414	4415	273	4400	4404	0	4414	0	1	4128M
SRR5467090_1973	SRR6254353_dg-125	7513	0.996	0.000E+00	4231	0	4232	1	4231	4234	4231	0	0	1	3055M1I1176M
SRR5467091_53875	SRR5467091_dg-179	6264	0.995	0.000E+00	5548	2011	5549	0	3537	3538	5548	0	0	1	3538M
SRR6050716_6	SRR5208574_dg-19	6733	0.991	0.000E+00	1	3837	3861	0	3836	3850	0	3860	0	1	3837M
SRR5466365_158569	SRR5467090_dg-82	5559	0.996	0.000E+00	3132	1	3866	806	3937	3938	3865	0	0	1	3132M
SRR5466369_67286	SRR6254353_dg-171	6759	0.994	0.000E+00	4502	678	4503	6	3833	3836	4502	0	0	1	2627M3D1198M
SRR6255520_51226	SRR6254984_dg-65	6805	0.996	0.000E+00	5256	1427	5259	0	3829	4009	5258	0	0	1	3830M
SRR6255733_36021	SRR6255746_dg-109	4679	0.993	0.000E+00	2653	0	7773	1440	4093	4095	7772	0	0	1	2108M1D6M1I539M
SRR6255746_27449	SRR6255746_dg-156	6479	0.993	0.000E+00	3699	27	3731	0	3672	3673	3730	0	0	1	3673M
SRR7976299_7629	SRR6960549_dg-26	4441	0.996	0.000E+00	0	2497	3003	10	2507	3724	0	3002	0	1	2498M
SRR5467090_12354	SRR5467090_dg-82	6831	0.998	0.000E+00	1216	5042	5043	111	3937	3938	0	5042	0	1	3827M
SRR5467091_2301	SRR5467091_dg-108	7363	0.998	0.000E+00	5819	1691	5820	0	4128	4129	5819	0	0	1	4129M
SRR5467091_83375	SRR5467090_dg-82	5991	0.995	0.000E+00	2	3384	3940	111	3493	3938	0	3939	0	1	3383M
SRR6253579_32007	SRR6254352_dg-262	6306	0.998	0.000E+00	0	3531	3909	3	3534	3986	0	3908	0	1	1495M1I18M1D2018M
SRR6255402_25890	SRR6255402_dg-86	6357	0.997	0.000E+00	3569	0	3675	577	4146	4147	3674	0	0	1	3570M
SRR6255733_40579	SRR6255733_dg-89	6860	0.994	0.000E+00	1	3885	3886	0	3886	3887	0	3885	0	1	63M2D3822M
SRR6255746_32984	SRR6255746_dg-111	2847	0.996	0.000E+00	2334	730	2335	1232	2835	4064	2334	0	0	1	180M1I1424M
SRR6960509_41031	SRR6960797_dg-95	6477	0.996	0.000E+00	31	3672	3673	0	3641	3643	0	3672	0	1	3642M
