SRR5466725_NODE_2228_length_3970_cov_10.853734_g1697_i0	SRR5466725_NODE_1439_length_3970_cov_10.782397	7114	1.00	0.000E+00	3969	0	3970	0	3969	3970	3969	0	0	301	3970M
SRR5466728_NODE_367_length_4789_cov_22.142070_g299_i0	SRR5466728_NODE_247_length_4792_cov_22.705658	8541	0.998	0.000E+00	0	4788	4789	3	4791	4792	0	4788	0	1	4789M
SRR5467090_NODE_891_length_3776_cov_51.700783_g706_i0	SRR5467090_NODE_547_length_3776_cov_52.117202	6731	0.997	0.000E+00	0	3775	3776	0	3775	3776	0	3775	0	1	3776M
SRR6253161_NODE_858_length_4779_cov_8.303230_g592_i0	SRR6253161_NODE_437_length_4779_cov_8.244794	8564	1.00	0.000E+00	4778	0	4779	0	4778	4779	4778	0	0	1	4779M
SRR6255733_NODE_842_length_3856_cov_12953.289717_g681_i0	SRR6255733_NODE_589_length_3822_cov_35.847959	6849	1.00	0.000E+00	3821	0	3856	0	3821	3822	3855	0	0	1	3822M
SRR6960549_NODE_275_length_3169_cov_30.665052_g100_i1	SRR7976310_NODE_532_length_3871_cov_71.953397	4950	0.999	0.000E+00	402	3168	3169	1101	3867	3871	0	3168	0	1	2767M
SRR7976299_NODE_74_length_4380_cov_42.158579_g61_i0	SRR7976299_NODE_48_length_4380_cov_42.007198	7849	1.00	0.000E+00	4379	0	4380	0	4379	4380	4379	0	0	1	4380M
SRR7976301_NODE_827_length_4001_cov_128.769348_g660_i0	SRR7976301_NODE_528_length_4001_cov_128.247200	7170	1.00	0.000E+00	0	4000	4001	0	4000	4001	0	4000	0	1	4001M
SRR7687334_NODE_1406_length_4962_cov_115295.395582_g761_i0	SRR7963800_NODE_1103_length_3946_cov_9989.967209	5731	0.996	0.000E+00	1147	4369	4962	723	3945	3946	0	4961	0	1	3223M
SRR7687334_NODE_2152_length_4036_cov_148037.001009_g1191_i0	SRR7963800_NODE_1103_length_3946_cov_9989.967209	6498	0.997	0.000E+00	115	3765	4036	295	3945	3946	0	4035	0	1	3651M
SRR7976300_NODE_1131_length_4513_cov_20.063514_g840_i0	SRR7976300_NODE_651_length_4513_cov_20.050225	8078	0.999	0.000E+00	4512	0	4513	0	4512	4513	4512	0	0	1	4513M
SRR7976310_NODE_1023_length_3827_cov_58.448588_g727_i0	SRR7976310_NODE_552_length_3827_cov_59.898508	6849	0.999	0.000E+00	0	3826	3827	0	3826	3827	0	3826	0	1	3827M
SRR7687334_NODE_1766_length_4470_cov_139468.373179_g966_i0	SRR7963800_NODE_1103_length_3946_cov_9989.967209	4163	0.997	0.000E+00	2135	4469	4470	71	2405	3946	0	4469	0	1	2335M
SRR6960799_NODE_1259_length_3756_cov_279.453435_g729_i1	SRR6960799_NODE_517_length_3908_cov_349.761408	5263	0.999	0.000E+00	817	3755	3756	969	3907	3908	0	3755	0	1	2939M
SRR7976357_NODE_3766_length_3533_cov_338.515896_g2269_i0	SRR7976357_NODE_1887_length_3533_cov_341.635549	6327	0.999	0.000E+00	3532	0	3533	0	3532	3533	3532	0	0	1	3533M
SRR7976325_NODE_447_length_3901_cov_15.234848_g289_i0	SRR7976325_NODE_208_length_3901_cov_15.114159	6986	0.999	0.000E+00	0	3900	3901	0	3900	3901	0	3900	0	1	3901M
SRR7976356_NODE_4439_length_3034_cov_11301.835191_g1811_i1	SRR7976357_NODE_1752_length_3652_cov_203.392288	4969	0.999	0.000E+00	3033	259	3034	4	2778	3652	3033	0	0	1	2775M
SRR6960507_NODE_1827_length_3757_cov_5.582790_g1442_i0	SRR6960507_NODE_1164_length_3757_cov_5.429425	6733	1.00	0.000E+00	3756	0	3757	0	3756	3757	3756	0	0	1	3757M
SRR5466369_NODE_3486_length_3955_cov_38.058990_g2111_i0	SRR5466369_NODE_1803_length_3954_cov_37.877609	7054	0.998	0.000E+00	3953	0	3955	0	3953	3954	3954	0	0	1	3954M
SRR5466369_NODE_3486_length_3955_cov_38.058990_g2111_i0	SRR6253256_NODE_617_length_3957_cov_19.255922	6911	0.997	0.000E+00	3883	0	3955	70	3953	3957	3954	0	0	1	3884M
SRR5466369_NODE_3486_length_3955_cov_38.058990_g2111_i0	SRR5466337_NODE_601_length_4144_cov_43.186932	6864	0.996	0.000E+00	18	3880	3955	0	3862	4144	0	3954	0	1	3863M
SRR5466369_NODE_3486_length_3955_cov_38.058990_g2111_i0	SRR6254353_NODE_737_length_3900_cov_38.177685	6858	0.996	0.000E+00	3883	27	3955	24	3880	3900	3954	0	0	1	3857M
SRR7687334_NODE_1186_length_5308_cov_105550.219484_g644_i0	SRR7963800_NODE_1103_length_3946_cov_9989.967209	4068	0.998	0.000E+00	3836	1557	5308	71	2350	3946	5307	0	0	301	2280M
SRR7687334_NODE_2055_length_4127_cov_140559.040454_g1137_i0	SRR7963800_NODE_1103_length_3946_cov_9989.967209	6365	0.997	0.000E+00	280	3856	4127	369	3945	3946	0	4126	0	1	3577M
SRR6960803_NODE_4856_length_3506_cov_6.414798_g2745_i0	SRR6960803_NODE_2135_length_3623_cov_6.162817	6283	1.00	0.000E+00	3505	0	3506	117	3622	3623	3505	0	0	1	3506M
SRR6960799_NODE_1612_length_3452_cov_8.232317_g1077_i0	SRR6960799_NODE_760_length_3452_cov_8.094407	6182	0.999	0.000E+00	0	3451	3452	0	3451	3452	0	3451	0	1	3452M
SRR7976323_NODE_2882_length_3553_cov_63.308908_g2103_i0	SRR7976323_NODE_1607_length_3553_cov_62.904023	6367	1.00	0.000E+00	0	3552	3553	0	3552	3553	0	3552	0	1	3553M
SRR7976325_NODE_642_length_3486_cov_10.255787_g425_i0	SRR7976325_NODE_312_length_3486_cov_9.947846	6243	0.999	0.000E+00	3485	0	3486	0	3485	3486	3485	0	0	1	3486M
SRR5467139_NODE_204_length_3784_cov_14.983562_g109_i0	SRR6050738_NODE_72_length_3784_cov_8.452439	6768	0.999	0.000E+00	3783	0	3784	0	3783	3784	3783	0	0	1	3784M
SRR5466338_NODE_3677_length_3418_cov_108.391629_g2451_i1	SRR5466338_NODE_2222_length_3417_cov_137.069079	6104	0.998	0.000E+00	0	3417	3418	0	3416	3417	0	3417	0	1	161M1I3256M
SRR5466338_NODE_3677_length_3418_cov_108.391629_g2451_i1	SRR5466337_NODE_1057_length_3407_cov_109.255549	5978	1.00	0.000E+00	74	3409	3418	0	3335	3407	0	3417	0	1	3336M
SRR5466338_NODE_3677_length_3418_cov_108.391629_g2451_i1	SRR5466365_NODE_1187_length_3380_cov_118.088298	5907	0.994	0.000E+00	72	3409	3418	3	3342	3380	0	3417	0	1	92M2D3246M
SRR5466725_NODE_2151_length_4050_cov_10.431732_g1631_i0	SRR5466725_NODE_1389_length_4051_cov_10.295877	7247	0.999	0.000E+00	0	4049	4050	0	4050	4051	0	4049	0	3	4045M1D5M
SRR5466725_NODE_2151_length_4050_cov_10.431732_g1631_i0	SRR5466729_NODE_1409_length_3094_cov_7.641840	5410	0.998	0.000E+00	4	3039	4050	0	3034	3094	0	4049	0	3	3026M1I9M
SRR5466727_NODE_1736_length_3445_cov_47.198102_g1491_i0	SRR5466727_NODE_1303_length_3445_cov_50.743772	6120	0.996	0.000E+00	3444	0	3445	0	3444	3445	3444	0	0	2	3445M
SRR7687334_NODE_1552_length_4744_cov_126735.642261_g835_i0	SRR7963800_NODE_1103_length_3946_cov_9989.967209	6178	0.996	0.000E+00	677	4151	4744	471	3945	3946	0	4743	0	1	3475M
SRR7687334_NODE_2167_length_4023_cov_144060.822785_g1201_i0	SRR7963800_NODE_1103_length_3946_cov_9989.967209	4866	0.997	0.000E+00	1293	4022	4023	71	2800	3946	0	4022	0	1	2730M
SRR6960799_NODE_1002_length_4096_cov_16.569724_g646_i0	SRR6960799_NODE_465_length_4096_cov_16.397216	7340	1.00	0.000E+00	0	4095	4096	0	4095	4096	0	4095	0	1	4096M
SRR7976324_NODE_407_length_4161_cov_6.173190_g288_i0	SRR6960802_NODE_686_length_4164_cov_13.455634	7401	0.997	0.000E+00	4160	0	4161	0	4161	4164	4160	0	0	1	2611M1D1550M
SRR7976326_NODE_196_length_3933_cov_10.570466_g141_i0	SRR7976326_NODE_107_length_3933_cov_10.377979	7048	1.00	0.000E+00	0	3932	3933	0	3932	3933	0	3932	0	1	3933M
SRR6960802_NODE_2308_length_3509_cov_36.163271_g1499_i0	SRR6960802_NODE_1101_length_3509_cov_35.810244	6288	1.00	0.000E+00	0	3508	3509	0	3508	3509	0	3508	0	1	3509M
SRR6050643_NODE_18_length_3974_cov_6.852602_g11_i0	SRR7473382_NODE_127_length_4008_cov_68.870902	6947	0.990	0.000E+00	3973	0	3974	21	3994	4008	3973	0	0	1	3974M
SRR5466365_NODE_1070_length_4712_cov_16786.365812_g653_i0	SRR6253161_NODE_799_length_3938_cov_7.989392	7007	0.998	0.000E+00	4711	787	4712	13	3937	3938	4711	0	0	1	3925M
SRR5466725_NODE_2421_length_3817_cov_87.387821_g1854_i0	SRR5466725_NODE_1572_length_3817_cov_87.091880	6840	1.00	0.000E+00	0	3816	3817	0	3816	3817	0	3816	0	1	3817M
SRR6960551_NODE_803_length_3853_cov_5.607937_g570_i0	SRR6960551_NODE_448_length_3853_cov_5.547884	6905	1.00	0.000E+00	0	3852	3853	0	3852	3853	0	3852	0	1	3853M
SRR7976299_NODE_110_length_3960_cov_99.669925_g87_i0	SRR7976299_NODE_64_length_3939_cov_100.122607	7041	0.998	0.000E+00	21	3959	3960	0	3938	3939	0	3959	0	1	3939M
SRR7976310_NODE_620_length_4679_cov_7.394703_g421_i0	SRR7976310_NODE_337_length_4681_cov_7.320095	8384	1.00	0.000E+00	0	4678	4679	2	4680	4681	0	4678	0	1	4679M
SRR7687334_NODE_1657_length_4597_cov_129493.743590_g893_i0	SRR7963800_NODE_1103_length_3946_cov_9989.967209	6682	0.996	0.000E+00	565	4326	4597	183	3945	3946	0	4596	0	1	126M1D3636M
SRR7963800_NODE_659_length_7185_cov_6891.349409_g191_i1	SRR7963800_NODE_1103_length_3946_cov_9989.967209	6964	0.997	0.000E+00	7183	3278	7185	0	3905	3946	7184	0	0	1	3906M
SRR6960799_NODE_1063_length_4013_cov_8.797462_g689_i0	SRR6960799_NODE_493_length_4013_cov_8.697208	7191	1.00	0.000E+00	0	4012	4013	0	4012	4013	0	4012	0	1	4013M
SRR7976357_NODE_3338_length_3762_cov_5.206289_g1997_i0	SRR7976357_NODE_1649_length_3762_cov_5.087287	6742	1.00	0.000E+00	3761	0	3762	0	3761	3762	3761	0	0	1	3762M
SRR7976326_NODE_267_length_3648_cov_10.252867_g188_i0	SRR6960799_NODE_659_length_3626_cov_24.458767	6482	0.999	0.000E+00	3622	0	3648	0	3623	3626	3647	0	0	1	2352M1D1271M
SRR7976326_NODE_267_length_3648_cov_10.252867_g188_i0	SRR7976325_NODE_270_length_3627_cov_3265.837648	5722	0.999	0.000E+00	449	3647	3648	416	3615	3627	0	3647	0	1	817M1D2382M
SRR7976356_NODE_2782_length_3852_cov_11.458058_g1619_i0	SRR7976356_NODE_1322_length_3852_cov_11.341096	6898	0.999	0.000E+00	0	3851	3852	0	3851	3852	0	3851	0	2	3852M
SRR5466727_NODE_1056_length_4303_cov_11.469504_g903_i0	SRR5466725_NODE_1221_length_4308_cov_12.748996	7697	0.999	0.000E+00	4302	0	4303	0	4302	4308	4302	0	0	1	4303M
SRR5466727_NODE_1056_length_4303_cov_11.469504_g903_i0	SRR5466729_NODE_1519_length_2998_cov_10.853675	5287	0.998	0.000E+00	1342	4302	4303	36	2997	2998	0	4302	0	1	454M1D2507M
SRR5466729_NODE_1499_length_3663_cov_5.452925_g1159_i0	SRR5466729_NODE_951_length_3663_cov_5.403621	6564	1.00	0.000E+00	0	3662	3663	0	3662	3663	0	3662	0	2	3663M
SRR5467091_NODE_1394_length_3708_cov_10.342779_g1075_i0	SRR5467091_NODE_830_length_3708_cov_10.265750	6636	0.999	0.000E+00	0	3707	3708	0	3707	3708	0	3707	0	1	3708M
SRR6960549_NODE_61_length_4583_cov_14.931042_g42_i0	SRR6960549_NODE_29_length_4583_cov_14.882040	8195	0.999	0.000E+00	0	4582	4583	0	4582	4583	0	4582	0	1	4583M
SRR6960551_NODE_1263_length_3223_cov_675.845397_g661_i1	SRR6960551_NODE_532_length_3629_cov_824.531496	4962	0.991	0.000E+00	3222	394	3223	0	2828	3629	3222	0	0	1	2829M
SRR7976300_NODE_1830_length_3711_cov_36.486806_g1353_i0	SRR7976300_NODE_1079_length_3711_cov_36.425234	6650	1.00	0.000E+00	0	3710	3711	0	3710	3711	0	3710	0	1	3711M
SRR7976310_NODE_1299_length_3451_cov_205.095027_g935_i0	SRR7976310_NODE_751_length_3451_cov_207.557430	6162	0.998	0.000E+00	3450	0	3451	0	3450	3451	3450	0	0	1	3451M
SRR7687334_NODE_1872_length_4339_cov_145252.024379_g1030_i0	SRR7963800_NODE_1103_length_3946_cov_9989.967209	4490	0.996	0.000E+00	1	2528	4339	1418	3945	3946	0	4338	0	1	2528M
SRR7976323_NODE_1670_length_4508_cov_3.975874_g1233_i0	SRR7976323_NODE_903_length_4508_cov_3.956032	8078	1.00	0.000E+00	0	4507	4508	0	4507	4508	0	4507	0	1	4508M
SRR7976325_NODE_496_length_3763_cov_7.673171_g326_i0	SRR7976325_NODE_241_length_3763_cov_7.573984	6743	1.00	0.000E+00	3762	0	3763	0	3762	3763	3762	0	0	1	3763M
SRR5208570_NODE_195_length_4004_cov_12.207835_g105_i0	SRR5208570_NODE_70_length_4004_cov_12.022641	7153	0.998	0.000E+00	0	4003	4004	0	4003	4004	0	4003	0	1	4004M
SRR5466723_NODE_454_length_4796_cov_11.741901_g358_i0	SRR5466729_NODE_438_length_4756_cov_33.926543	8500	0.998	0.000E+00	4755	0	4796	0	4755	4756	4795	0	0	1	4756M
SRR5466727_NODE_1092_length_4229_cov_49.944658_g933_i0	SRR5466727_NODE_783_length_4299_cov_48.817795	7570	0.999	0.000E+00	2	4228	4229	72	4298	4299	0	4228	0	1	4227M
SRR5466729_NODE_1883_length_3310_cov_511.451344_g822_i2	SRR5466729_NODE_914_length_3717_cov_605.864435	4997	0.999	0.000E+00	3309	519	3310	0	2790	3717	3309	0	0	1	2791M
SRR6960549_NODE_73_length_4420_cov_7.651714_g52_i0	SRR6960549_NODE_35_length_4420_cov_7.577640	7920	1.00	0.000E+00	0	4419	4420	0	4419	4420	0	4419	0	1	4420M
SRR7976299_NODE_55_length_4645_cov_7.537839_g43_i0	SRR7976299_NODE_34_length_4645_cov_7.339458	8324	1.00	0.000E+00	0	4644	4645	0	4644	4645	0	4644	0	301	4645M
SRR7976301_NODE_826_length_4002_cov_9.076864_g659_i0	SRR7976301_NODE_526_length_4002_cov_8.968949	7172	1.00	0.000E+00	0	4001	4002	0	4001	4002	0	4001	0	1	4002M
SRR7687334_NODE_1347_length_5038_cov_113530.667472_g731_i0	SRR7963800_NODE_1103_length_3946_cov_9989.967209	6308	0.997	0.000E+00	1223	4767	5038	401	3945	3946	0	5037	0	1	3545M
SRR7687334_NODE_2141_length_4043_cov_147775.951134_g1186_i0	SRR7963800_NODE_1103_length_3946_cov_9989.967209	6498	0.997	0.000E+00	122	3772	4043	295	3945	3946	0	4042	0	1	3651M
SRR6960799_NODE_860_length_4323_cov_12.634118_g561_i0	SRR6960799_NODE_394_length_4334_cov_12.528280	7742	0.999	0.000E+00	0	4322	4323	11	4333	4334	0	4322	0	1	4323M
SRR6960799_NODE_1741_length_3341_cov_4.985006_g1163_i0	SRR6960799_NODE_835_length_3340_cov_4.952250	5979	0.999	0.000E+00	0	3340	3341	0	3339	3340	0	3340	0	1	948M1I2392M
SRR7976326_NODE_121_length_4626_cov_137.360422_g82_i0	SRR6960799_NODE_329_length_4675_cov_277.822903	8241	0.997	0.000E+00	4625	2	4626	51	4674	4675	4625	0	0	1	4624M
SRR6960802_NODE_1552_length_4164_cov_13.392080_g991_i0	SRR6960802_NODE_686_length_4164_cov_13.455634	7453	0.999	0.000E+00	0	4163	4164	0	4163	4164	0	4163	0	1	4164M
SRR5467139_NODE_221_length_3677_cov_10.569090_g120_i0	SRR5467139_NODE_92_length_3677_cov_10.543008	6585	0.999	0.000E+00	3676	0	3677	0	3676	3677	3676	0	0	1	3677M
SRR5466364_NODE_1773_length_4351_cov_6.590463_g1158_i0	SRR5466364_NODE_866_length_4375_cov_6.517201	7791	0.999	0.000E+00	0	4350	4351	23	4374	4375	0	4350	0	1	3200M1D1151M
SRR7976299_NODE_106_length_3991_cov_5.451506_g85_i0	SRR7976299_NODE_62_length_3991_cov_5.374936	7152	1.00	0.000E+00	3990	0	3991	0	3990	3991	3990	0	0	1	3991M
SRR7976301_NODE_1069_length_3660_cov_45.180652_g850_i0	SRR7976301_NODE_682_length_3660_cov_45.007806	6559	1.00	0.000E+00	3659	0	3660	0	3659	3660	3659	0	0	1	3660M
SRR7687334_NODE_1627_length_4629_cov_135207.464004_g877_i0	SRR7963800_NODE_1103_length_3946_cov_9989.967209	4337	0.996	0.000E+00	379	2818	4629	1506	3945	3946	0	4628	0	1	2440M
SRR7687308_NODE_3158_length_3771_cov_5.600865_g1813_i0	SRR7687308_NODE_1573_length_3771_cov_5.457004	6753	0.999	0.000E+00	0	3770	3771	0	3770	3771	0	3770	0	1	3771M
SRR6960799_NODE_1053_length_4034_cov_166.325423_g683_i0	SRR6960799_NODE_489_length_4034_cov_165.971977	7229	1.00	0.000E+00	0	4033	4034	0	4033	4034	0	4033	0	1	4034M
SRR7976357_NODE_2605_length_4259_cov_23.213569_g1531_i0	SRR6960803_NODE_1499_length_4269_cov_38.863441	7614	0.999	0.000E+00	4258	0	4259	0	4258	4269	4258	0	0	1	4259M
SRR7976326_NODE_234_length_3760_cov_45.483049_g167_i0	SRR7976326_NODE_124_length_3760_cov_45.759696	6671	0.996	0.000E+00	0	3759	3760	0	3759	3760	0	3759	0	1	3760M
SRR7976356_NODE_2681_length_3919_cov_75.134165_g1558_i0	SRR7976357_NODE_1763_length_3641_cov_147.300168	6125	0.998	0.000E+00	487	3914	3919	213	3640	3641	0	3918	0	1	3428M
SRR6050698_NODE_263_length_3906_cov_197.885729_g141_i0	SRR7473382_NODE_142_length_3861_cov_509.458553	6785	0.994	0.000E+00	3844	0	3906	11	3852	3861	3905	0	0	1	10M3I3832M
SRR5466365_NODE_1780_length_3841_cov_15.673567_g1125_i0	SRR5466728_NODE_403_length_3944_cov_27.845260	6856	1.00	0.000E+00	3835	10	3841	0	3825	3944	3840	0	0	1	3826M
SRR6255520_NODE_661_length_4110_cov_7.606143_g554_i0	SRR6255520_NODE_428_length_4110_cov_7.586326	7365	1.00	0.000E+00	4109	0	4110	0	4109	4110	4109	0	0	301	4110M
SRR6255520_NODE_661_length_4110_cov_7.606143_g554_i0	SRR6253161_NODE_650_length_4216_cov_11.421675	7275	1.00	0.000E+00	0	4059	4110	156	4215	4216	0	4109	0	301	4060M
SRR6960549_NODE_87_length_4269_cov_207.989276_g59_i0	SRR6960549_NODE_41_length_4269_cov_207.844376	7650	1.00	0.000E+00	4268	0	4269	0	4268	4269	4268	0	0	2	4269M
SRR6960797_NODE_456_length_4216_cov_274.845040_g353_i0	SRR6960797_NODE_273_length_4213_cov_277.719324	7535	0.999	0.000E+00	4215	0	4216	0	4212	4213	4215	0	0	1	2606M3I1607M
SRR7976300_NODE_1985_length_3579_cov_7.797490_g1473_i0	SRR7976300_NODE_1180_length_3579_cov_7.766686	6414	1.00	0.000E+00	3578	0	3579	0	3578	3579	3578	0	0	1	3579M
SRR7687334_NODE_474_length_8233_cov_73839.933701_g242_i0	SRR7963800_NODE_1103_length_3946_cov_9989.967209	4561	0.996	0.000E+00	4092	1528	8233	1381	3945	3946	8232	0	0	1	2565M
SRR7687334_NODE_1907_length_4293_cov_133572.689573_g1059_i0	SRR7963800_NODE_1103_length_3946_cov_9989.967209	4301	0.997	0.000E+00	2414	0	4293	71	2485	3946	4292	0	0	1	2415M
SRR6960803_NODE_3221_length_4423_cov_13.007586_g1715_i0	SRR6960803_NODE_1402_length_4423_cov_12.842069	7926	1.00	0.000E+00	4422	0	4423	0	4422	4423	4422	0	0	1	4423M
SRR7976323_NODE_2359_length_3905_cov_7.466336_g1719_i0	SRR6960802_NODE_773_length_3981_cov_6.362845	6998	1.00	0.000E+00	3904	0	3905	1	3905	3981	3904	0	0	1	3905M
SRR7976325_NODE_516_length_3724_cov_18.876746_g337_i0	SRR7976325_NODE_250_length_3724_cov_18.926322	6673	1.00	0.000E+00	0	3723	3724	0	3723	3724	0	3723	0	1	3724M
SRR7687334_NODE_1666_length_4585_cov_133245.659131_g899_i0	SRR7963800_NODE_1103_length_3946_cov_9989.967209	5461	0.997	0.000E+00	3064	0	4585	71	3135	3946	4584	0	0	1	3065M
SRR7963800_NODE_1214_length_5384_cov_8172.882320_g191_i3	SRR7963800_NODE_1103_length_3946_cov_9989.967209	4937	0.997	0.000E+00	0	2774	5384	1131	3905	3946	0	5383	0	1	2775M
SRR6960799_NODE_1065_length_4012_cov_5.383854_g691_i0	SRR6960799_NODE_495_length_4012_cov_5.364813	7185	0.999	0.000E+00	4011	0	4012	0	4011	4012	4011	0	0	1	4012M
SRR7976357_NODE_3356_length_3753_cov_180.988043_g2006_i0	SRR7976357_NODE_1659_length_3753_cov_180.267935	6725	1.00	0.000E+00	3752	0	3753	0	3752	3753	3752	0	0	1	3753M
SRR7976326_NODE_292_length_3559_cov_4.505450_g208_i0	SRR7976326_NODE_147_length_3559_cov_4.483075	6378	1.00	0.000E+00	0	3558	3559	0	3558	3559	0	3558	0	1	3559M
SRR6960507_NODE_1261_length_4350_cov_8.692775_g975_i0	SRR6960507_NODE_791_length_4350_cov_8.646715	7795	1.00	0.000E+00	0	4349	4350	0	4349	4350	0	4349	0	1	4350M
SRR7976325_NODE_440_length_3927_cov_32.243124_g284_i0	SRR7976325_NODE_201_length_3927_cov_32.636741	7033	0.999	0.000E+00	0	3926	3927	0	3926	3927	0	3926	0	1	3927M
SRR7976356_NODE_3509_length_3417_cov_18.290969_g2108_i0	SRR7976356_NODE_1708_length_3417_cov_18.430921	6110	0.999	0.000E+00	0	3416	3417	0	3416	3417	0	3416	0	1	3417M
SRR6960507_NODE_1791_length_3785_cov_384.543912_g1412_i0	SRR6960507_NODE_1159_length_3760_cov_347.131272	6406	0.999	0.000E+00	3784	208	3785	0	3576	3760	3784	0	0	1	3577M
SRR5466729_NODE_1084_length_4162_cov_504.543898_g822_i0	SRR5466729_NODE_914_length_3717_cov_605.864435	5857	0.999	0.000E+00	4161	891	4162	0	3270	3717	4161	0	0	1	3271M
SRR5467091_NODE_1230_length_3912_cov_19.091170_g948_i0	SRR5467091_NODE_719_length_3912_cov_19.857775	6957	0.996	0.000E+00	3911	0	3912	0	3911	3912	3911	0	0	1	3912M
SRR6254353_NODE_1782_length_3615_cov_14.477979_g1135_i0	SRR6254353_NODE_898_length_3615_cov_14.262846	6478	1.00	0.000E+00	3614	0	3615	0	3614	3615	3614	0	0	1	3615M
SRR6960509_NODE_2997_length_3732_cov_3.876469_g1997_i0	SRR6960551_NODE_485_length_3732_cov_20.336704	6641	0.997	0.000E+00	3731	1	3732	0	3730	3732	3731	0	0	1	3731M
SRR6960551_NODE_967_length_3587_cov_178.253273_g682_i0	SRR6960551_NODE_549_length_3587_cov_193.772908	6285	0.991	0.000E+00	0	3586	3587	0	3586	3587	0	3586	0	1	3587M
SRR7976300_NODE_1757_length_3762_cov_14.381675_g1303_i0	SRR7976300_NODE_1027_length_3790_cov_14.166532	6733	0.999	0.000E+00	3761	0	3762	28	3789	3790	3761	0	0	1	3762M
SRR7976310_NODE_1077_length_3740_cov_7.153259_g770_i0	SRR7976310_NODE_592_length_3740_cov_7.136079	6698	0.999	0.000E+00	0	3739	3740	0	3739	3740	0	3739	0	1	3740M
SRR7687334_NODE_1810_length_4419_cov_136185.368615_g835_i1	SRR7963800_NODE_1103_length_3946_cov_9989.967209	6178	0.996	0.000E+00	4066	592	4419	471	3945	3946	4418	0	0	1	3475M
SRR6960799_NODE_1318_length_3711_cov_27.138538_g865_i0	SRR6960799_NODE_625_length_3711_cov_26.999725	6641	0.999	0.000E+00	0	3710	3711	0	3710	3711	0	3710	0	1	3711M
SRR7976357_NODE_3951_length_3441_cov_17.002969_g2392_i0	SRR7976357_NODE_1983_length_3441_cov_16.879751	6153	0.999	0.000E+00	0	3440	3441	0	3440	3441	0	3440	0	1	3441M
SRR7976325_NODE_481_length_3801_cov_9.524946_g316_i0	SRR7976325_NODE_231_length_3801_cov_9.402629	6811	1.00	0.000E+00	0	3800	3801	0	3800	3801	0	3800	0	1	3801M
SRR6050738_NODE_157_length_3912_cov_13.555092_g105_i0	SRR6050738_NODE_67_length_3915_cov_14.334461	7001	0.999	0.000E+00	0	3911	3912	3	3914	3915	0	3911	0	1	3912M
SRR6960507_NODE_1981_length_3642_cov_24.923228_g1564_i0	SRR6960507_NODE_1257_length_3642_cov_25.077613	6513	0.999	0.000E+00	3641	0	3642	0	3641	3642	3641	0	0	1	3642M
SRR5466337_NODE_1149_length_4297_cov_3.958807_g695_i0	SRR5466364_NODE_866_length_4375_cov_6.517201	5031	0.998	0.000E+00	4296	1481	4297	11	2827	4375	4296	0	0	1	2788M1D28M
SRR7976323_NODE_3165_length_3386_cov_12.853909_g2294_i0	SRR7976323_NODE_1776_length_3386_cov_12.827950	6068	1.00	0.000E+00	0	3385	3386	0	3385	3386	0	3385	0	301	3386M
SRR5467139_NODE_220_length_3679_cov_10.275652_g119_i0	SRR5467139_NODE_91_length_3679_cov_10.358569	6588	0.999	0.000E+00	0	3678	3679	0	3678	3679	0	3678	0	1	3679M
SRR5466364_NODE_1753_length_4377_cov_9.851998_g1142_i0	SRR5466364_NODE_864_length_4377_cov_9.674257	7834	0.999	0.000E+00	0	4376	4377	0	4376	4377	0	4376	0	1	4377M
SRR5466725_NODE_2219_length_3976_cov_42.033564_g1691_i0	SRR5466725_NODE_1434_length_3976_cov_43.127082	7107	0.998	0.000E+00	0	3975	3976	0	3975	3976	0	3975	0	1	3976M
SRR5466727_NODE_1737_length_3445_cov_40.514828_g1491_i1	SRR5466727_NODE_1303_length_3445_cov_50.743772	6035	0.991	0.000E+00	0	3444	3445	0	3444	3445	0	3444	0	1	3445M
SRR5467090_NODE_867_length_3808_cov_13.522892_g686_i0	SRR5467090_NODE_530_length_3812_cov_13.451190	6824	1.00	0.000E+00	0	3807	3808	0	3807	3812	0	3807	0	1	3808M
SRR6253161_NODE_466_length_6005_cov_61.818948_g206_i1	SRR5466369_NODE_1690_length_4080_cov_50.438732	7181	0.999	0.000E+00	1988	5997	6005	70	4079	4080	0	6004	0	1	4010M
SRR6253161_NODE_466_length_6005_cov_61.818948_g206_i1	SRR6255402_NODE_504_length_4093_cov_39.660945	7172	0.999	0.000E+00	1986	5990	6005	88	4092	4093	0	6004	0	1	4005M
SRR6255733_NODE_781_length_3990_cov_10.112586_g629_i0	SRR5466729_NODE_755_length_3985_cov_17.878579	7005	0.992	0.000E+00	3983	0	3990	0	3983	3985	3989	0	0	2	3984M
SRR6960549_NODE_215_length_3481_cov_57.326878_g153_i0	SRR6960549_NODE_106_length_3479_cov_57.047270	6234	1.00	0.000E+00	3480	2	3481	0	3478	3479	3480	0	0	1	3479M
SRR6960799_NODE_1158_length_3876_cov_5.912175_g753_i0	SRR6960799_NODE_534_length_3876_cov_5.814094	6923	0.998	0.000E+00	3875	0	3876	0	3875	3876	3875	0	0	1	3876M
SRR7976357_NODE_3490_length_3680_cov_13.022734_g2089_i0	SRR6960803_NODE_2075_length_3676_cov_14.706078	6565	0.998	0.000E+00	3	3678	3680	0	3675	3676	0	3679	0	1	3676M
SRR7976325_NODE_351_length_4216_cov_4.072170_g217_i0	SRR7976325_NODE_150_length_4216_cov_4.053826	7555	1.00	0.000E+00	0	4215	4216	0	4215	4216	0	4215	0	1	4216M
SRR7976356_NODE_3146_length_3607_cov_72.753820_g1860_i0	SRR7976357_NODE_1784_length_3620_cov_96.719763	6352	0.993	0.000E+00	3606	0	3607	13	3619	3620	3606	0	0	1	3607M
SRR6960507_NODE_1520_length_4040_cov_7.488782_g1190_i0	SRR6960507_NODE_970_length_4040_cov_7.400807	7240	1.00	0.000E+00	0	4039	4040	0	4039	4040	0	4039	0	1	4040M
SRR5466366_NODE_2775_length_3804_cov_6.503082_g1892_i0	SRR6253161_NODE_902_length_3787_cov_8.388530	6786	1.00	0.000E+00	3800	14	3804	0	3786	3787	3803	0	0	1	3787M
SRR5466725_NODE_2763_length_3569_cov_16.596110_g2118_i0	SRR5466725_NODE_1798_length_3569_cov_16.490561	6391	0.999	0.000E+00	0	3568	3569	0	3568	3569	0	3568	0	1	3569M
SRR5466729_NODE_797_length_4672_cov_47.613177_g598_i0	SRR5466729_NODE_755_length_3985_cov_17.878579	6149	0.990	0.000E+00	0	3518	4672	0	3518	3985	0	4671	0	1	3519M
SRR5466729_NODE_797_length_4672_cov_47.613177_g598_i0	SRR6255746_NODE_496_length_4095_cov_71.044754	2058	0.998	0.000E+00	4671	3519	4672	2	1154	4095	4671	0	0	1	1153M
SRR5467091_NODE_1084_length_4136_cov_6.582082_g830_i0	SRR5467091_NODE_623_length_4136_cov_6.484371	7412	1.00	0.000E+00	0	4135	4136	0	4135	4136	0	4135	0	2	4136M
SRR6254351_NODE_1065_length_4588_cov_22633.434109_g7_i28	SRR5466369_NODE_1803_length_3954_cov_37.877609	6912	0.997	0.000E+00	3883	2	4588	72	3953	3954	4587	0	0	1	3882M
SRR6254351_NODE_1065_length_4588_cov_22633.434109_g7_i28	SRR6253256_NODE_617_length_3957_cov_19.255922	6907	0.997	0.000E+00	3883	2	4588	72	3953	3957	4587	0	0	1	3882M
SRR6254351_NODE_1065_length_4588_cov_22633.434109_g7_i28	SRR5466337_NODE_601_length_4144_cov_43.186932	6864	0.996	0.000E+00	20	3882	4588	0	3862	4144	0	4587	0	1	3863M
SRR6254351_NODE_1065_length_4588_cov_22633.434109_g7_i28	SRR6254353_NODE_737_length_3900_cov_38.177685	6836	0.995	0.000E+00	3883	29	4588	26	3880	3900	4587	0	0	1	3855M
SRR7976357_NODE_3836_length_3499_cov_8.502919_g2314_i0	SRR7976357_NODE_1917_length_3499_cov_8.311734	6270	1.00	0.000E+00	3498	0	3499	0	3498	3499	3498	0	0	4	3499M
SRR7976325_NODE_479_length_3809_cov_16.738490_g314_i0	SRR7976325_NODE_229_length_3809_cov_16.460118	6817	0.999	0.000E+00	0	3808	3809	0	3808	3809	0	3808	0	1	3809M
SRR6050738_NODE_146_length_4008_cov_21.759593_g98_i0	SRR6050738_NODE_61_length_4008_cov_22.053113	7182	1.00	0.000E+00	0	4007	4008	0	4007	4008	0	4007	0	1	4008M
SRR5466337_NODE_1127_length_4329_cov_24180.961936_g682_i0	SRR5466337_NODE_643_length_4049_cov_43.838783	7256	1.00	0.000E+00	4328	280	4329	0	4048	4049	4328	0	0	1	4049M
SRR5466337_NODE_1127_length_4329_cov_24180.961936_g682_i0	SRR5466369_NODE_1718_length_4054_cov_34.288872	7127	1.00	0.000E+00	4328	352	4329	6	3982	4054	4328	0	0	1	3977M
SRR5466729_NODE_1407_length_3747_cov_961.045182_g1088_i0	SRR5466725_NODE_1409_length_4009_cov_1460.002795	6555	0.991	0.000E+00	1	3738	3747	0	3737	4009	0	3746	0	2	3738M
SRR5467091_NODE_1275_length_3847_cov_6.453895_g983_i0	SRR5467091_NODE_748_length_3847_cov_6.433492	6894	1.00	0.000E+00	0	3846	3847	0	3846	3847	0	3846	0	1	3847M
SRR6254984_NODE_952_length_3969_cov_98.579312_g745_i0	SRR6254984_NODE_473_length_4223_cov_104.363373	7112	1.00	0.000E+00	0	3968	3969	0	3968	4223	0	3968	0	1	3969M
SRR6960509_NODE_3441_length_3508_cov_6.862882_g2292_i0	SRR6960509_NODE_1849_length_3508_cov_6.810480	6282	0.999	0.000E+00	3507	0	3508	0	3507	3508	3507	0	0	1	3508M
SRR5467090_NODE_599_length_4402_cov_5.148302_g464_i0	SRR5467090_NODE_376_length_4402_cov_5.126357	7888	1.00	0.000E+00	0	4401	4402	0	4401	4402	0	4401	0	301	4402M
SRR5467091_NODE_1547_length_3538_cov_709.092352_g1209_i0	SRR5467091_NODE_952_length_3538_cov_714.068975	6331	0.999	0.000E+00	0	3537	3538	0	3537	3538	0	3537	0	1	3538M
SRR6960549_NODE_135_length_3930_cov_110.542909_g91_i0	SRR7976299_NODE_68_length_3925_cov_59.756231	7018	0.999	0.000E+00	3929	6	3930	1	3924	3925	3929	0	0	1	3924M
SRR6960797_NODE_569_length_3896_cov_304.172116_g396_i1	SRR6960551_NODE_395_length_4078_cov_471.447191	6653	0.996	0.000E+00	146	3895	3896	328	4077	4078	0	3895	0	1	3750M
SRR6960797_NODE_569_length_3896_cov_304.172116_g396_i1	SRR5467091_NODE_655_length_4064_cov_11.156602	6593	0.992	0.000E+00	3895	147	3896	1	3749	4064	3895	0	0	1	3749M
SRR7687334_NODE_820_length_6242_cov_98018.605771_g433_i0	SRR7963800_NODE_1103_length_3946_cov_9989.967209	4866	0.997	0.000E+00	3512	6241	6242	71	2800	3946	0	6241	0	2	2730M
SRR7687334_NODE_1938_length_4250_cov_143998.661480_g1072_i0	SRR7963800_NODE_1103_length_3946_cov_9989.967209	4866	0.997	0.000E+00	2729	0	4250	71	2800	3946	4249	0	0	1	2730M
SRR6960803_NODE_4340_length_3734_cov_10.993718_g2406_i0	SRR6960803_NODE_2005_length_3734_cov_10.796231	6691	1.00	0.000E+00	3733	0	3734	0	3733	3734	3733	0	0	1	3734M
SRR5467091_NODE_1007_length_4256_cov_11.297394_g767_i0	SRR5467091_NODE_533_length_4407_cov_10.728657	7627	1.00	0.000E+00	0	4255	4256	0	4255	4407	0	4255	0	1	4256M
SRR6255746_NODE_1076_length_3546_cov_4.549669_g820_i0	SRR6255746_NODE_688_length_3546_cov_4.482868	6355	1.00	0.000E+00	0	3545	3546	0	3545	3546	0	3545	0	1	3546M
SRR6960551_NODE_818_length_3827_cov_46.180075_g580_i0	SRR6960551_NODE_455_length_3827_cov_51.043687	6849	0.999	0.000E+00	0	3826	3827	0	3826	3827	0	3826	0	1	3827M
SRR7976299_NODE_142_length_3766_cov_136.021121_g108_i0	SRR7976299_NODE_80_length_3766_cov_136.318440	6749	1.00	0.000E+00	3765	0	3766	0	3765	3766	3765	0	0	1	3766M
SRR7976310_NODE_788_length_4253_cov_111.767464_g541_i0	SRR7976310_NODE_417_length_4253_cov_116.468421	7608	0.999	0.000E+00	4252	0	4253	0	4252	4253	4252	0	0	1	4253M
SRR7687334_NODE_1682_length_4573_cov_132742.419333_g912_i0	SRR7963800_NODE_1103_length_3946_cov_9989.967209	5625	0.996	0.000E+00	4116	953	4573	782	3945	3946	4572	0	0	1	3164M
SRR7963800_NODE_1929_length_4299_cov_9443.259347_g191_i6	SRR7963800_NODE_1103_length_3946_cov_9989.967209	6497	0.997	0.000E+00	3814	167	4299	298	3945	3946	4298	0	0	1	3648M
SRR7976357_NODE_3378_length_3736_cov_8.220857_g2023_i0	SRR7976357_NODE_1674_length_3736_cov_8.163527	6690	0.999	0.000E+00	0	3735	3736	0	3735	3736	0	3735	0	1	3736M
SRR6960551_NODE_1253_length_3231_cov_8.869538_g873_i0	SRR6960551_NODE_693_length_3231_cov_8.764091	5786	0.999	0.000E+00	3230	0	3231	0	3230	3231	3230	0	0	1	3231M
SRR7976300_NODE_1776_length_3749_cov_30.760337_g1316_i0	SRR6960507_NODE_1159_length_3760_cov_347.131272	6718	1.00	0.000E+00	3748	0	3749	11	3759	3760	3748	0	0	1	3749M
SRR7976310_NODE_1169_length_3618_cov_22.977715_g841_i0	SRR7976310_NODE_651_length_3618_cov_22.828491	6484	1.00	0.000E+00	0	3617	3618	0	3617	3618	0	3617	0	1	3618M
SRR7687334_NODE_1846_length_4385_cov_132284.044759_g1018_i0	SRR7963800_NODE_1103_length_3946_cov_9989.967209	4274	0.997	0.000E+00	1985	4384	4385	71	2470	3946	0	4384	0	1	2400M
SRR7976327_NODE_6427_length_3680_cov_15.494594_g3554_i0	SRR7976327_NODE_2970_length_3684_cov_15.131543	6595	1.00	0.000E+00	3679	0	3680	0	3679	3684	3679	0	0	1	3680M
SRR7976325_NODE_495_length_3764_cov_10.558385_g325_i0	SRR7976325_NODE_240_length_3764_cov_10.396099	6732	0.999	0.000E+00	0	3763	3764	0	3763	3764	0	3763	0	1	3764M
SRR5208570_NODE_171_length_4204_cov_5.975309_g92_i0	SRR7473382_NODE_105_length_4203_cov_20.024697	7523	0.999	0.000E+00	4203	1	4204	0	4202	4203	4203	0	0	1	4203M
SRR6960507_NODE_2130_length_3547_cov_19.761658_g1685_i0	SRR6960507_NODE_1368_length_3547_cov_19.828440	6316	0.997	0.000E+00	0	3546	3547	0	3546	3547	0	3546	0	1	3547M
SRR5466337_NODE_2087_length_3409_cov_90.366906_g1338_i0	SRR5466337_NODE_1057_length_3407_cov_109.255549	6097	0.999	0.000E+00	0	3406	3409	0	3406	3407	0	3408	0	1	3407M
SRR5466337_NODE_2087_length_3409_cov_90.366906_g1338_i0	SRR5466338_NODE_2222_length_3417_cov_137.069079	5948	0.998	0.000E+00	0	3335	3409	74	3408	3417	0	3408	0	1	87M1I3248M
SRR5466337_NODE_2087_length_3409_cov_90.366906_g1338_i0	SRR5466365_NODE_1187_length_3380_cov_118.088298	5909	0.995	0.000E+00	0	3336	3409	5	3343	3380	0	3408	0	1	90M2D3247M
SRR5208570_NODE_314_length_3509_cov_9.280268_g152_i0	SRR5208570_NODE_101_length_3509_cov_9.250582	6288	1.00	0.000E+00	3508	0	3509	0	3508	3509	3508	0	0	301	3509M
SRR5466338_NODE_2399_length_4402_cov_68.999769_g1546_i0	SRR5466338_NODE_1374_length_4358_cov_51.756126	7809	1.00	0.000E+00	4357	0	4402	0	4357	4358	4401	0	0	1	4358M
SRR5466338_NODE_2399_length_4402_cov_68.999769_g1546_i0	SRR6255402_NODE_458_length_4368_cov_29.226077	7676	0.999	0.000E+00	0	4285	4402	11	4296	4368	0	4401	0	1	4286M
SRR5466338_NODE_2399_length_4402_cov_68.999769_g1546_i0	SRR5466337_NODE_388_length_4774_cov_43.306743	7672	0.999	0.000E+00	0	4283	4402	14	4297	4774	0	4401	0	1	4284M
SRR5466338_NODE_2399_length_4402_cov_68.999769_g1546_i0	SRR5466366_NODE_1144_length_4333_cov_42.589437	7548	1.00	0.000E+00	4285	74	4402	0	4211	4333	4401	0	0	1	4212M
SRR5466723_NODE_845_length_3710_cov_9.436624_g670_i0	SRR5466723_NODE_558_length_3710_cov_9.310146	6648	1.00	0.000E+00	0	3709	3710	0	3709	3710	0	3709	0	4	3710M
SRR5466723_NODE_845_length_3710_cov_9.436624_g670_i0	SRR6255733_NODE_630_length_3713_cov_8.965934	6529	0.999	0.000E+00	3645	0	3710	0	3645	3713	3709	0	0	4	3646M
SRR5466727_NODE_1185_length_4082_cov_157.078324_g1012_i0	SRR6255733_NODE_499_length_4082_cov_89.693440	7315	1.00	0.000E+00	0	4081	4082	0	4081	4082	0	4081	0	2	4082M
SRR5466729_NODE_2350_length_2998_cov_10.704274_g1856_i0	SRR5466729_NODE_1519_length_2998_cov_10.853675	5359	0.998	0.000E+00	2997	0	2998	0	2997	2998	2997	0	0	1	2998M
SRR5466729_NODE_2350_length_2998_cov_10.704274_g1856_i0	SRR5466725_NODE_1221_length_4308_cov_12.748996	5285	0.998	0.000E+00	0	2960	2998	0	2959	4308	0	2997	0	1	2503M1I457M
SRR5467091_NODE_1516_length_3570_cov_61.196454_g1181_i0	SRR5467091_NODE_922_length_3570_cov_63.004003	6393	0.999	0.000E+00	0	3569	3570	0	3569	3570	0	3569	0	2	3570M
SRR6255520_NODE_1157_length_3280_cov_44.615529_g953_i0	SRR5466337_NODE_1057_length_3407_cov_109.255549	5784	0.999	0.000E+00	42	3277	3280	104	3340	3407	0	3279	0	1	3232M1D4M
SRR6255520_NODE_1157_length_3280_cov_44.615529_g953_i0	SRR5466338_NODE_2222_length_3417_cov_137.069079	5783	0.999	0.000E+00	42	3273	3280	177	3408	3417	0	3279	0	1	3232M
SRR6255520_NODE_1157_length_3280_cov_44.615529_g953_i0	SRR5466365_NODE_1187_length_3380_cov_118.088298	5729	0.995	0.000E+00	42	3273	3280	111	3342	3380	0	3279	0	1	3232M
SRR6960549_NODE_106_length_4139_cov_5.126168_g73_i0	SRR6960549_NODE_45_length_4187_cov_5.088721	7372	0.997	0.000E+00	4138	0	4139	48	4186	4187	4138	0	0	3	4139M
SRR6960797_NODE_467_length_4185_cov_73.812257_g362_i0	SRR6960797_NODE_279_length_4185_cov_73.712792	7499	1.00	0.000E+00	0	4184	4185	0	4184	4185	0	4184	0	1	4185M
SRR7976300_NODE_1991_length_3575_cov_10.948315_g1477_i0	SRR7976300_NODE_1184_length_3575_cov_10.948315	6406	1.00	0.000E+00	0	3574	3575	0	3574	3575	0	3574	0	1	3575M
SRR7687334_NODE_1739_length_4511_cov_138977.354439_g949_i0	SRR7963800_NODE_1103_length_3946_cov_9989.967209	5089	0.996	0.000E+00	413	3274	4511	1084	3945	3946	0	4510	0	1	2862M
SRR5995670_NODE_333_length_3651_cov_18.809240_g246_i0	SRR5995670_NODE_287_length_3676_cov_18.377146	6506	0.999	0.000E+00	3632	0	3651	43	3675	3676	3650	0	0	1	3633M
SRR6960799_NODE_1190_length_3825_cov_17.156983_g777_i0	SRR6960799_NODE_562_length_3825_cov_17.020789	6854	1.00	0.000E+00	3824	0	3825	0	3824	3825	3824	0	0	1	3825M
SRR7976357_NODE_3558_length_3641_cov_147.143498_g2135_i0	SRR7976357_NODE_1763_length_3641_cov_147.300168	6525	1.00	0.000E+00	0	3640	3641	0	3640	3641	0	3640	0	1	3641M
SRR7976325_NODE_405_length_4025_cov_22.995951_g258_i0	SRR7976325_NODE_185_length_4025_cov_23.293269	7195	0.999	0.000E+00	0	4024	4025	0	4024	4025	0	4024	0	1	4025M
SRR7976356_NODE_3479_length_3429_cov_5.150775_g2089_i0	SRR6960803_NODE_2397_length_3428_cov_5.221162	6103	0.999	0.000E+00	3412	0	3429	0	3412	3428	3428	0	0	1	3413M
SRR6960507_NODE_1782_length_3798_cov_49.430604_g1404_i0	SRR6960507_NODE_1137_length_3798_cov_48.993289	6806	1.00	0.000E+00	3797	0	3798	0	3797	3798	3797	0	0	1	3798M
SRR5466729_NODE_1079_length_4166_cov_7.762277_g817_i0	SRR5466729_NODE_653_length_4168_cov_7.619048	7456	0.999	0.000E+00	0	4165	4166	2	4167	4168	0	4165	0	1	4166M
SRR6960549_NODE_167_length_3709_cov_8.053905_g119_i0	SRR6960549_NODE_81_length_3709_cov_8.153190	6642	0.999	0.000E+00	0	3708	3709	0	3708	3709	0	3708	0	301	3709M
SRR6960797_NODE_703_length_3637_cov_12.761504_g548_i0	SRR6960797_NODE_431_length_3637_cov_12.730640	6509	0.999	0.000E+00	0	3636	3637	0	3636	3637	0	3636	0	1	3637M
SRR7976301_NODE_728_length_4228_cov_17.291937_g574_i0	SRR7976301_NODE_468_length_4228_cov_17.214200	7576	1.00	0.000E+00	0	4227	4228	0	4227	4228	0	4227	0	1	4228M
SRR7687334_NODE_905_length_5964_cov_103484.480564_g483_i0	SRR7963800_NODE_1103_length_3946_cov_9989.967209	6859	0.997	0.000E+00	4124	270	5964	91	3945	3946	5963	0	0	1	3855M
SRR7687334_NODE_2009_length_4179_cov_137457.024598_g1111_i0	SRR7963800_NODE_1103_length_3946_cov_9989.967209	3651	0.995	0.000E+00	3871	1810	4179	1884	3945	3946	4178	0	0	1	2062M
SRR6960799_NODE_1503_length_3535_cov_14.919988_g995_i0	SRR6960799_NODE_713_length_3535_cov_14.969671	6326	0.999	0.000E+00	3534	0	3535	0	3534	3535	3534	0	0	1	3535M
SRR7976323_NODE_2632_length_3718_cov_13.627435_g1909_i0	SRR7976323_NODE_1439_length_3718_cov_13.644444	6627	0.997	0.000E+00	3717	0	3718	0	3717	3718	3717	0	0	1	3718M
SRR7976325_NODE_622_length_3512_cov_6.355336_g412_i0	SRR7976325_NODE_305_length_3512_cov_6.309974	6294	1.00	0.000E+00	0	3511	3512	0	3511	3512	0	3511	0	1	3512M
SRR6960799_NODE_949_length_4161_cov_11.586840_g615_i0	SRR6960799_NODE_438_length_4161_cov_12.605675	7416	0.997	0.000E+00	4160	0	4161	0	4160	4161	4160	0	0	1	4161M
SRR6960799_NODE_1816_length_3294_cov_5.136604_g1214_i0	SRR6960799_NODE_862_length_3294_cov_5.109593	5903	1.00	0.000E+00	0	3293	3294	0	3293	3294	0	3293	0	1	3294M
SRR7976326_NODE_185_length_4002_cov_8.921100_g132_i0	SRR7976326_NODE_96_length_4032_cov_8.916646	7053	0.993	0.000E+00	4001	0	4002	30	4031	4032	4001	0	0	1	3892M1D10M2I7M1D91M
SRR5467140_NODE_92_length_4048_cov_26.580629_g35_i0	SRR6050738_NODE_57_length_4040_cov_24.284346	7179	0.997	0.000E+00	4035	0	4048	1	4036	4040	4047	0	0	1	4036M
SRR5466364_NODE_2404_length_3832_cov_11.354616_g1610_i0	SRR5466364_NODE_1215_length_3832_cov_11.315243	6862	0.999	0.000E+00	0	3831	3832	0	3831	3832	0	3831	0	1	3832M
SRR5466725_NODE_2322_length_3892_cov_27.326002_g1773_i0	SRR5466725_NODE_1500_length_3892_cov_27.018853	6970	0.999	0.000E+00	3891	0	3892	0	3891	3892	3891	0	0	1	3892M
SRR5466728_NODE_406_length_4555_cov_117.385542_g337_i0	SRR5466728_NODE_276_length_4555_cov_116.800535	8158	0.999	0.000E+00	4554	0	4555	0	4554	4555	4554	0	0	1	4555M
SRR5467090_NODE_958_length_3681_cov_13.525499_g762_i0	SRR5467090_NODE_596_length_3663_cov_13.130084	6528	0.997	0.000E+00	18	3680	3681	0	3662	3663	0	3680	0	1	3663M
SRR6253161_NODE_1290_length_4139_cov_11.646581_g904_i0	SRR6253161_NODE_650_length_4216_cov_11.421675	7417	1.00	0.000E+00	0	4138	4139	77	4215	4216	0	4138	0	1	4139M
SRR6253161_NODE_1290_length_4139_cov_11.646581_g904_i0	SRR6255520_NODE_428_length_4110_cov_7.586326	7275	1.00	0.000E+00	4138	79	4139	50	4109	4110	4138	0	0	1	4060M
SRR7976357_NODE_4041_length_3399_cov_111.751052_g2457_i0	SRR7976357_NODE_2056_length_3395_cov_115.862432	6034	0.998	0.000E+00	0	3381	3399	0	3381	3395	0	3398	0	2	3382M
SRR7976325_NODE_493_length_3766_cov_5.842405_g324_i0	SRR7976325_NODE_239_length_3766_cov_5.803412	6749	1.00	0.000E+00	0	3765	3766	0	3765	3766	0	3765	0	1	3766M
SRR6050738_NODE_207_length_3545_cov_4.497408_g140_i0	SRR7473382_NODE_190_length_3545_cov_10.857431	6308	0.997	0.000E+00	0	3544	3545	0	3544	3545	0	3544	0	1	3545M
SRR6960507_NODE_2022_length_3617_cov_19.962754_g1597_i0	SRR6960507_NODE_1284_length_3617_cov_20.215858	6482	1.00	0.000E+00	0	3616	3617	0	3616	3617	0	3616	0	1	3617M
SRR5466337_NODE_1291_length_4089_cov_7.729582_g797_i0	SRR5466337_NODE_630_length_4089_cov_7.588894	7327	1.00	0.000E+00	0	4088	4089	0	4088	4089	0	4088	0	1	4089M
SRR5466727_NODE_1030_length_4335_cov_11.703895_g881_i0	SRR5466727_NODE_769_length_4335_cov_11.758799	7759	0.999	0.000E+00	0	4334	4335	0	4334	4335	0	4334	0	1	4335M
SRR5466729_NODE_1444_length_3717_cov_604.616630_g822_i1	SRR5466729_NODE_914_length_3717_cov_605.864435	6661	1.00	0.000E+00	0	3716	3717	0	3716	3717	0	3716	0	1	3717M
SRR6960797_NODE_645_length_3730_cov_291.604047_g505_i0	SRR6960509_NODE_1853_length_3506_cov_498.270026	6203	0.995	0.000E+00	1	3504	3730	2	3505	3506	0	3729	0	301	3504M
SRR7976300_NODE_2234_length_3394_cov_9.397471_g1650_i0	SRR7976300_NODE_1332_length_3394_cov_9.368263	6082	1.00	0.000E+00	0	3393	3394	0	3393	3394	0	3393	0	1	3394M
SRR7687334_NODE_866_length_6119_cov_96735.584684_g342_i2	SRR7963800_NODE_1103_length_3946_cov_9989.967209	6095	0.996	0.000E+00	2096	5526	6119	515	3945	3946	0	6118	0	1	3431M
SRR7687334_NODE_1972_length_4218_cov_137668.867551_g1089_i0	SRR7963800_NODE_1103_length_3946_cov_9989.967209	4866	0.997	0.000E+00	2729	0	4218	71	2800	3946	4217	0	0	1	2730M
SRR7976325_NODE_593_length_3558_cov_52.923386_g394_i0	SRR7976325_NODE_288_length_3558_cov_53.308178	6354	0.998	0.000E+00	3557	0	3558	0	3557	3558	3557	0	0	1	3558M
SRR5208575_NODE_156_length_3605_cov_8.187712_g84_i0	SRR5208575_NODE_59_length_3605_cov_8.214609	6460	1.00	0.000E+00	3604	0	3605	0	3604	3605	3604	0	0	1	3605M
SRR6960509_NODE_2497_length_4064_cov_302.062892_g1663_i0	SRR6960551_NODE_395_length_4078_cov_471.447191	7202	0.995	0.000E+00	4063	0	4064	14	4077	4078	4063	0	0	1	4064M
SRR6960509_NODE_2497_length_4064_cov_302.062892_g1663_i0	SRR5467091_NODE_655_length_4064_cov_11.156602	7104	0.990	0.000E+00	0	4063	4064	1	4063	4064	0	4063	0	1	3768M1I295M
SRR6960551_NODE_869_length_3737_cov_5.927948_g611_i0	SRR6960551_NODE_482_length_3737_cov_5.906386	6683	0.999	0.000E+00	3736	0	3737	0	3736	3737	3736	0	0	2	3737M
SRR7976299_NODE_156_length_3683_cov_262.316066_g121_i0	SRR7976299_NODE_93_length_3682_cov_273.239956	6545	0.997	0.000E+00	3680	0	3683	0	3681	3682	3682	0	0	1	1410M1D2271M
SRR7976310_NODE_961_length_3913_cov_79.273177_g679_i0	SRR7976310_NODE_517_length_3913_cov_79.329948	7012	1.00	0.000E+00	3912	0	3913	0	3912	3913	3912	0	0	1	3913M
SRR7687334_NODE_1716_length_4534_cov_134685.069715_g936_i0	SRR7963800_NODE_1103_length_3946_cov_9989.967209	4177	0.997	0.000E+00	2342	0	4534	71	2413	3946	4533	0	0	1	2343M
SRR7963800_NODE_2271_length_3954_cov_10282.274156_g191_i9	SRR7963800_NODE_1103_length_3946_cov_9989.967209	4535	0.997	0.000E+00	1406	3953	3954	71	2618	3946	0	3953	0	1	2548M
SRR6960799_NODE_1162_length_3873_cov_14.280789_g756_i0	SRR6960799_NODE_536_length_3873_cov_14.041842	6940	1.00	0.000E+00	0	3872	3873	0	3872	3873	0	3872	0	1	3873M
SRR7976325_NODE_402_length_4026_cov_86.692386_g256_i0	SRR7976325_NODE_184_length_4026_cov_93.504427	7165	0.997	0.000E+00	0	4025	4026	0	4025	4026	0	4025	0	1	4026M
SRR7976356_NODE_3274_length_3533_cov_15.945954_g1946_i0	SRR7976356_NODE_1587_length_3533_cov_16.015896	6331	1.00	0.000E+00	3532	0	3533	0	3532	3533	3532	0	0	1	3533M
SRR7976356_NODE_3274_length_3533_cov_15.945954_g1946_i0	SRR6960803_NODE_2209_length_3556_cov_21.281367	6234	0.999	0.000E+00	3529	46	3533	0	3483	3556	3532	0	0	1	3484M
SRR5466727_NODE_1024_length_4355_cov_10.849136_g876_i0	SRR5466727_NODE_762_length_4355_cov_10.703643	7786	0.999	0.000E+00	0	4354	4355	0	4354	4355	0	4354	0	2	4355M
SRR5467091_NODE_1278_length_3846_cov_13.857143_g986_i0	SRR5467091_NODE_751_length_3846_cov_13.740525	6883	0.999	0.000E+00	0	3845	3846	0	3845	3846	0	3845	0	1	3846M
SRR6255402_NODE_633_length_4509_cov_56434.147205_g497_i0	SRR6255402_NODE_458_length_4368_cov_29.226077	7827	1.00	0.000E+00	0	4367	4509	0	4367	4368	0	4508	0	1	4368M
SRR6255402_NODE_633_length_4509_cov_56434.147205_g497_i0	SRR5466337_NODE_388_length_4774_cov_43.306743	7696	1.00	0.000E+00	0	4294	4509	3	4297	4774	0	4508	0	1	4295M
SRR6255402_NODE_633_length_4509_cov_56434.147205_g497_i0	SRR5466338_NODE_1374_length_4358_cov_51.756126	7676	0.999	0.000E+00	4297	12	4509	71	4356	4358	4508	0	0	1	4286M
SRR6255402_NODE_633_length_4509_cov_56434.147205_g497_i0	SRR5466366_NODE_1144_length_4333_cov_42.589437	7548	1.00	0.000E+00	4296	85	4509	0	4211	4333	4508	0	0	1	4212M
SRR6960551_NODE_1067_length_3466_cov_208.753316_g754_i0	SRR6960551_NODE_601_length_3466_cov_209.488948	6207	0.999	0.000E+00	0	3465	3466	0	3465	3466	0	3465	0	4	3466M
SRR7976300_NODE_1775_length_3749_cov_43.196681_g1315_i0	SRR7976300_NODE_1052_length_3748_cov_45.400544	6699	0.998	0.000E+00	1	3748	3749	0	3747	3748	0	3748	0	1	3748M
SRR7976300_NODE_1775_length_3749_cov_43.196681_g1315_i0	SRR6960507_NODE_1181_length_3730_cov_5.351107	6531	0.997	0.000E+00	3744	73	3749	0	3671	3730	3748	0	0	1	3672M
SRR7976310_NODE_1146_length_3650_cov_15.239307_g822_i0	SRR7976310_NODE_632_length_3650_cov_15.268940	6541	1.00	0.000E+00	3649	0	3650	0	3649	3650	3649	0	0	2	3650M
SRR7687334_NODE_1836_length_4397_cov_130360.113321_g1011_i0	SRR7963800_NODE_1103_length_3946_cov_9989.967209	6490	0.997	0.000E+00	3643	0	4397	71	3714	3946	4396	0	0	1	3644M
SRR6960799_NODE_1333_length_3698_cov_6.720828_g872_i0	SRR6960799_NODE_632_length_3698_cov_6.670345	6627	1.00	0.000E+00	3697	0	3698	0	3697	3698	3697	0	0	1	3698M
SRR6960803_NODE_4725_length_3556_cov_21.282802_g2655_i0	SRR6960803_NODE_2209_length_3556_cov_21.281367	6372	1.00	0.000E+00	3555	0	3556	0	3555	3556	3555	0	0	301	3556M
SRR6960803_NODE_4725_length_3556_cov_21.282802_g2655_i0	SRR7976356_NODE_1587_length_3533_cov_16.015896	6234	0.999	0.000E+00	3555	72	3556	3	3486	3533	3555	0	0	301	3484M
SRR6960799_NODE_1466_length_3567_cov_19.108758_g969_i0	SRR6960799_NODE_695_length_3567_cov_18.964224	6392	1.00	0.000E+00	0	3566	3567	0	3566	3567	0	3566	0	2	3567M
SRR7976323_NODE_2551_length_3779_cov_808.846735_g1854_i0	SRR7976323_NODE_1387_length_3779_cov_812.845656	6763	0.999	0.000E+00	3778	0	3779	0	3778	3779	3778	0	0	1	3779M
SRR7976325_NODE_603_length_3540_cov_8.134122_g400_i0	SRR7976325_NODE_293_length_3540_cov_7.903086	6330	0.999	0.000E+00	0	3539	3540	0	3539	3540	0	3539	0	1	3540M
SRR5467137_NODE_122_length_3557_cov_19.882893_g59_i0	SRR5208570_NODE_112_length_3416_cov_16.616213	6114	1.00	0.000E+00	0	3411	3557	4	3415	3416	0	3556	0	1	3412M
SRR5466338_NODE_3309_length_3654_cov_25.390114_g2192_i0	SRR5466338_NODE_2055_length_3562_cov_18.285755	6361	0.998	0.000E+00	3561	0	3654	0	3561	3562	3653	0	0	1	3562M
SRR5466725_NODE_2010_length_4188_cov_52.172783_g1528_i0	SRR5466725_NODE_1294_length_4188_cov_52.236452	7505	1.00	0.000E+00	0	4187	4188	0	4187	4188	0	4187	0	1	4188M
SRR5466727_NODE_1362_length_3843_cov_11.323342_g1173_i0	SRR5466727_NODE_1015_length_3843_cov_11.227321	6887	1.00	0.000E+00	0	3842	3843	0	3842	3843	0	3842	0	1	3843M
SRR5467090_NODE_816_length_3912_cov_35.259703_g641_i0	SRR5467090_NODE_497_length_3912_cov_34.977859	7010	1.00	0.000E+00	0	3911	3912	0	3911	3912	0	3911	0	1	3912M
SRR5467091_NODE_2673_length_2745_cov_28.108159_g1243_i1	SRR5466364_NODE_1385_length_3650_cov_25.209114	4541	0.997	0.000E+00	2744	194	2745	0	2550	3650	2744	0	0	1	2551M
SRR7976357_NODE_2878_length_4061_cov_9.719910_g1690_i0	SRR7976356_NODE_1172_length_4061_cov_11.568205	7273	0.999	0.000E+00	0	4060	4061	0	4060	4061	0	4060	0	1	4061M
SRR7976326_NODE_254_length_3694_cov_8.250483_g180_i0	SRR7976326_NODE_133_length_3694_cov_8.203259	6620	1.00	0.000E+00	3693	0	3694	0	3693	3694	3693	0	0	1	3694M
SRR7976356_NODE_2682_length_3919_cov_34.766511_g1559_i0	SRR7976356_NODE_1266_length_3919_cov_35.974779	7023	1.00	0.000E+00	0	3918	3919	0	3918	3919	0	3918	0	1	3919M
SRR7976356_NODE_2682_length_3919_cov_34.766511_g1559_i0	SRR6960803_NODE_2697_length_3228_cov_6.326149	5612	0.997	0.000E+00	699	3847	3919	79	3227	3228	0	3918	0	1	3149M
SRR6050716_NODE_110_length_3506_cov_100.739004_g28_i0	SRR6050716_NODE_13_length_3506_cov_109.392659	6252	0.998	0.000E+00	0	3505	3506	0	3505	3506	0	3505	0	2	3506M
SRR5466365_NODE_2029_length_3627_cov_8.657569_g1305_i0	SRR5466365_NODE_998_length_3627_cov_8.657569	6500	1.00	0.000E+00	0	3626	3627	0	3626	3627	0	3626	0	1	3627M
SRR5466725_NODE_2510_length_3746_cov_1186.438062_g1922_i0	SRR5466723_NODE_546_length_3745_cov_370.425381	6620	0.994	0.000E+00	3743	0	3746	0	3743	3745	3745	0	0	1	3744M
SRR5466728_NODE_678_length_3780_cov_9.094955_g571_i0	SRR5466728_NODE_457_length_3780_cov_9.045050	6774	1.00	0.000E+00	0	3779	3780	0	3779	3780	0	3779	0	1	3780M
SRR5467091_NODE_758_length_4797_cov_10803.204488_g559_i0	SRR5467091_NODE_600_length_4195_cov_48.960456	7513	0.999	0.000E+00	4796	602	4797	0	4194	4195	4796	0	0	1	4195M
SRR5467091_NODE_758_length_4797_cov_10803.204488_g559_i0	SRR5467090_NODE_1041_length_2985_cov_7.366071	5220	0.999	0.000E+00	3586	672	4797	69	2983	2985	4796	0	0	1	2915M
SRR6253161_NODE_1674_length_3787_cov_2615.847065_g1145_i2	SRR5466369_NODE_2044_length_3725_cov_7.792169	5030	0.998	0.000E+00	2813	0	3787	908	3721	3725	3786	0	0	2	2814M
SRR7976323_NODE_2467_length_3828_cov_35.215180_g1794_i0	SRR6960802_NODE_875_length_3832_cov_35.595105	6815	0.997	0.000E+00	3827	0	3828	2	3829	3832	3827	0	0	301	3828M
SRR7976325_NODE_559_length_3627_cov_3191.310636_g193_i1	SRR7976325_NODE_270_length_3627_cov_3265.837648	6500	1.00	0.000E+00	0	3626	3627	0	3626	3627	0	3626	0	1	3627M
SRR7976325_NODE_559_length_3627_cov_3191.310636_g193_i1	SRR6960799_NODE_659_length_3626_cov_24.458767	5688	1.00	0.000E+00	3590	417	3627	0	3173	3626	3626	0	0	1	3174M
SRR5208572_NODE_161_length_3569_cov_144.711957_g61_i0	SRR6050698_NODE_133_length_3567_cov_77.184602	6386	0.999	0.000E+00	3	3568	3569	0	3565	3567	0	3568	0	2	3566M
SRR5466338_NODE_2544_length_4247_cov_27.804025_g1650_i0	SRR5466338_NODE_1446_length_4247_cov_27.489938	7610	1.00	0.000E+00	0	4246	4247	0	4246	4247	0	4246	0	1	4247M
SRR5466725_NODE_1862_length_4359_cov_56.050630_g1409_i0	SRR5466725_NODE_1196_length_4359_cov_56.067429	7811	1.00	0.000E+00	0	4358	4359	0	4358	4359	0	4358	0	1	4359M
SRR5466727_NODE_1311_length_3905_cov_18.136743_g1127_i0	SRR5466727_NODE_1037_length_3808_cov_18.897992	6657	1.00	0.000E+00	0	3714	3905	0	3714	3808	0	3904	0	1	3715M
SRR5467090_NODE_614_length_4327_cov_5.597085_g477_i0	SRR5467090_NODE_387_length_4327_cov_5.552891	7754	1.00	0.000E+00	4326	0	4327	0	4326	4327	4326	0	0	1	4327M
SRR5467091_NODE_1655_length_3439_cov_12.256684_g1297_i0	SRR5466728_NODE_569_length_3491_cov_7.908133	6098	0.996	0.000E+00	4	3437	3439	0	3434	3491	0	3438	0	1	3400M1D34M
SRR6255521_NODE_648_length_3685_cov_39.119878_g483_i0	SRR5466338_NODE_2222_length_3417_cov_137.069079	5932	0.997	0.000E+00	3680	345	3685	72	3408	3417	3684	0	0	1	59M1D3277M
SRR6255521_NODE_648_length_3685_cov_39.119878_g483_i0	SRR5466337_NODE_1057_length_3407_cov_109.255549	5922	0.996	0.000E+00	3678	345	3685	0	3335	3407	3684	0	0	1	57M1D29M1D3248M
SRR6255521_NODE_648_length_3685_cov_39.119878_g483_i0	SRR5466365_NODE_1187_length_3380_cov_118.088298	5882	0.993	0.000E+00	3683	345	3685	0	3342	3380	3684	0	0	1	62M1D27M4D6M1I3243M
SRR6960549_NODE_143_length_3872_cov_4.917873_g97_i0	SRR6960549_NODE_66_length_3872_cov_4.873125	6939	1.00	0.000E+00	0	3871	3872	0	3871	3872	0	3871	0	3	3872M
SRR5466725_NODE_2742_length_3581_cov_135.136260_g2108_i0	SRR5466727_NODE_1202_length_3582_cov_121.002850	6383	0.998	0.000E+00	3579	0	3581	0	3579	3582	3580	0	0	1	2243M1D1234M1I102M
SRR5466729_NODE_583_length_5220_cov_636.168836_g429_i0	SRR5466729_NODE_512_length_4502_cov_761.194175	7642	0.999	0.000E+00	4266	0	5220	235	4501	4502	5219	0	0	1	4267M
SRR5467091_NODE_1073_length_4144_cov_78.790224_g821_i0	SRR5467091_NODE_619_length_4144_cov_79.884058	7408	0.999	0.000E+00	0	4143	4144	0	4143	4144	0	4143	0	1	4144M
SRR6253579_NODE_578_length_6307_cov_62.539942_g371_i0	SRR6254984_NODE_473_length_4223_cov_104.363373	6489	0.999	0.000E+00	0	3625	6307	0	3625	4223	0	6306	0	1	3626M
SRR6960551_NODE_853_length_3760_cov_23.985083_g602_i0	SRR6960551_NODE_472_length_3760_cov_23.829672	6738	1.00	0.000E+00	0	3759	3760	0	3759	3760	0	3759	0	1	3760M
SRR7976299_NODE_146_length_3750_cov_21.581996_g112_i0	SRR7976299_NODE_84_length_3750_cov_21.446288	6716	0.999	0.000E+00	0	3749	3750	0	3749	3750	0	3749	0	1	3750M
SRR7976310_NODE_894_length_4038_cov_94.782346_g622_i0	SRR7976310_NODE_478_length_4038_cov_94.458512	7205	0.998	0.000E+00	4037	0	4038	0	4037	4038	4037	0	0	1	4038M
SRR7687334_NODE_1700_length_4555_cov_126608.251673_g923_i0	SRR7963800_NODE_1103_length_3946_cov_9989.967209	6828	0.997	0.000E+00	720	4554	4555	71	3905	3946	0	4554	0	1	3835M
SRR7963800_NODE_2130_length_4095_cov_10024.423173_g191_i8	SRR7963800_NODE_1103_length_3946_cov_9989.967209	4987	0.995	0.000E+00	0	2814	4095	1131	3945	3946	0	4094	0	1	2815M
SRR6960507_NODE_1690_length_3870_cov_14.835660_g1328_i0	SRR6960507_NODE_1087_length_3870_cov_14.642349	6931	0.999	0.000E+00	3869	0	3870	0	3869	3870	3869	0	0	1	3870M
SRR5466369_NODE_2861_length_4446_cov_1470.139035_g1702_i0	SRR5466369_NODE_1718_length_4054_cov_34.288872	7265	1.00	0.000E+00	4445	392	4446	0	4053	4054	4445	0	0	1	4054M
SRR5466369_NODE_2861_length_4446_cov_1470.139035_g1702_i0	SRR5466337_NODE_643_length_4049_cov_43.838783	7127	1.00	0.000E+00	4439	463	4446	0	3976	4049	4445	0	0	1	3977M
SRR5466725_NODE_2845_length_3510_cov_10.799244_g2175_i0	SRR5466725_NODE_1855_length_3510_cov_10.777713	6290	1.00	0.000E+00	0	3509	3510	0	3509	3510	0	3509	0	2	3510M
SRR5466729_NODE_1035_length_4244_cov_122.911053_g781_i0	SRR5466729_NODE_623_length_4244_cov_122.584512	7605	1.00	0.000E+00	4243	0	4244	0	4243	4244	4243	0	0	1	4244M
SRR5467091_NODE_1101_length_4113_cov_55.262871_g844_i0	SRR5467091_NODE_631_length_4113_cov_55.060644	7361	0.999	0.000E+00	4112	0	4113	0	4112	4113	4112	0	0	1	4113M
SRR6254353_NODE_1179_length_4289_cov_35.143501_g749_i0	SRR5466366_NODE_1144_length_4333_cov_42.589437	7545	0.999	0.000E+00	4284	72	4289	0	4212	4333	4288	0	0	1	4213M
SRR6254353_NODE_1179_length_4289_cov_35.143501_g749_i0	SRR5466338_NODE_1374_length_4358_cov_51.756126	7545	0.999	0.000E+00	4287	70	4289	69	4286	4358	4288	0	0	1	4218M
SRR6254353_NODE_1179_length_4289_cov_35.143501_g749_i0	SRR6255402_NODE_458_length_4368_cov_29.226077	7541	0.999	0.000E+00	69	4284	4289	81	4296	4368	0	4288	0	1	4216M
SRR6254353_NODE_1179_length_4289_cov_35.143501_g749_i0	SRR5466337_NODE_388_length_4774_cov_43.306743	7538	0.999	0.000E+00	69	4282	4289	84	4297	4774	0	4288	0	1	4214M
SRR6960551_NODE_938_length_3629_cov_832.107143_g661_i0	SRR6960551_NODE_532_length_3629_cov_824.531496	6458	0.997	0.000E+00	3628	0	3629	0	3628	3629	3628	0	0	4	3629M
SRR7976299_NODE_167_length_3628_cov_7.473699_g130_i0	SRR7976299_NODE_102_length_3628_cov_7.421941	6501	1.00	0.000E+00	0	3627	3628	0	3627	3628	0	3627	0	1	3628M
SRR7976310_NODE_964_length_3904_cov_686.200731_g681_i0	SRR5467090_NODE_547_length_3776_cov_52.117202	6483	0.991	0.000E+00	3726	25	3904	75	3775	3776	3903	0	0	1	3322M1I379M
SRR6960797_NODE_427_length_4298_cov_5.104379_g334_i0	SRR6960797_NODE_258_length_4298_cov_5.081183	7702	1.00	0.000E+00	0	4297	4298	0	4297	4298	0	4297	0	1	4298M
SRR7976310_NODE_1386_length_3373_cov_7.806667_g993_i0	SRR7976310_NODE_770_length_3420_cov_7.564984	6040	0.999	0.000E+00	3372	0	3373	47	3419	3420	3372	0	0	1	3373M
SRR7687334_NODE_1903_length_4299_cov_133954.633223_g1055_i0	SRR7963800_NODE_1103_length_3946_cov_9989.967209	4866	0.997	0.000E+00	2729	0	4299	71	2800	3946	4298	0	0	1	2730M
SRR5467090_NODE_830_length_3890_cov_275.384595_g653_i0	SRR5467090_NODE_507_length_3890_cov_278.087765	6962	0.999	0.000E+00	0	3889	3890	0	3889	3890	0	3889	0	301	3890M
SRR6253161_NODE_328_length_6744_cov_56.543697_g206_i0	SRR6253161_NODE_204_length_6354_cov_59.596720	11385	1.00	0.000E+00	6353	0	6744	0	6353	6354	6743	0	0	1	6354M
SRR6253161_NODE_328_length_6744_cov_56.543697_g206_i0	SRR5466369_NODE_1690_length_4080_cov_50.438732	7181	0.999	0.000E+00	4016	7	6744	70	4079	4080	6743	0	0	1	4010M
SRR6253161_NODE_328_length_6744_cov_56.543697_g206_i0	SRR6255402_NODE_504_length_4093_cov_39.660945	7172	0.999	0.000E+00	4018	14	6744	88	4092	4093	6743	0	0	1	4005M
SRR6255733_NODE_737_length_4128_cov_6.733662_g588_i0	SRR6255733_NODE_486_length_4128_cov_6.676202	7397	1.00	0.000E+00	4127	0	4128	0	4127	4128	4127	0	0	3	4128M
SRR6960549_NODE_214_length_3493_cov_64.605556_g152_i0	SRR6960549_NODE_105_length_3493_cov_63.994444	6260	1.00	0.000E+00	3492	0	3493	0	3492	3493	3492	0	0	1	3493M
SRR7976299_NODE_39_length_5103_cov_1100.892247_g29_i1	SRR7976299_NODE_56_length_4128_cov_44.783231	7397	1.00	0.000E+00	4127	0	5103	0	4127	4128	5102	0	0	1	4128M
SRR7976301_NODE_740_length_4201_cov_921.132025_g584_i0	SRR7976301_NODE_476_length_4201_cov_929.770833	7488	0.997	0.000E+00	4200	0	4201	0	4200	4201	4200	0	0	1	4201M
SRR7687334_NODE_1233_length_5221_cov_112278.724359_g674_i0	SRR7963800_NODE_1103_length_3946_cov_9989.967209	4177	0.997	0.000E+00	2878	5220	5221	71	2413	3946	0	5220	0	1	2343M
SRR7687334_NODE_2119_length_4069_cov_143993.527778_g1171_i0	SRR7963800_NODE_1103_length_3946_cov_9989.967209	5391	0.995	0.000E+00	71	3115	4069	899	3945	3946	0	4068	0	1	45M2D3000M
SRR6960801_NODE_6389_length_3730_cov_24.380913_g3349_i0	SRR6960801_NODE_2939_length_3730_cov_24.175554	6684	1.00	0.000E+00	0	3729	3730	0	3729	3730	0	3729	0	1	3730M
SRR6960799_NODE_1720_length_3359_cov_4.211808_g1152_i0	SRR7976325_NODE_343_length_3364_cov_5.172592	5996	0.998	0.000E+00	3355	0	3359	0	3355	3364	3358	0	0	1	3356M
SRR6050482_NODE_27_length_4315_cov_8.529231_g12_i0	SRR6050482_NODE_9_length_4315_cov_8.494342	7732	1.00	0.000E+00	4314	0	4315	0	4314	4315	4314	0	0	1	4315M
SRR5466364_NODE_2724_length_3650_cov_23.304725_g1821_i0	SRR5466364_NODE_1385_length_3650_cov_25.209114	6527	0.999	0.000E+00	0	3649	3650	0	3649	3650	0	3649	0	1	3650M
SRR5466725_NODE_2385_length_3845_cov_13.143160_g1825_i0	SRR5466725_NODE_1523_length_3869_cov_13.061380	6877	0.999	0.000E+00	3844	0	3845	24	3868	3869	3844	0	0	1	3845M
SRR5466728_NODE_437_length_4446_cov_20681.534416_g363_i0	SRR5466728_NODE_516_length_3633_cov_32.451404	6466	0.997	0.000E+00	3632	0	4446	0	3632	3633	4445	0	0	1	3633M
SRR5466728_NODE_437_length_4446_cov_20681.534416_g363_i0	SRR5467090_NODE_626_length_3596_cov_31.962532	6304	0.995	0.000E+00	0	3557	4446	10	3567	3596	0	4445	0	1	3558M
SRR5467090_NODE_1027_length_3596_cov_29.071530_g823_i0	SRR5467090_NODE_626_length_3596_cov_31.962532	6426	0.998	0.000E+00	0	3595	3596	0	3595	3596	0	3595	0	2	3596M
SRR5467090_NODE_1027_length_3596_cov_29.071530_g823_i0	SRR5466728_NODE_516_length_3633_cov_32.451404	6320	0.996	0.000E+00	3568	10	3596	74	3632	3633	3595	0	0	2	3559M
SRR6255733_NODE_990_length_3560_cov_100.405793_g802_i0	SRR6255733_NODE_685_length_3560_cov_103.656725	6375	0.999	0.000E+00	0	3559	3560	0	3559	3560	0	3559	0	2	3560M
SRR6960551_NODE_645_length_4194_cov_22.135161_g468_i0	SRR6960509_NODE_1227_length_4196_cov_14.454038	7384	0.993	0.000E+00	0	4192	4194	2	4194	4196	0	4193	0	1	4193M
SRR7976299_NODE_100_length_4073_cov_7.638750_g81_i0	SRR7976299_NODE_59_length_4073_cov_7.541750	7299	1.00	0.000E+00	0	4072	4073	0	4072	4073	0	4072	0	1	4073M
SRR7976301_NODE_936_length_3826_cov_334.284572_g753_i0	SRR7976301_NODE_596_length_3846_cov_332.441028	6856	1.00	0.000E+00	3825	0	3826	20	3845	3846	3825	0	0	1	3826M
SRR5467090_NODE_1034_length_3588_cov_16.478236_g827_i0	SRR5467090_NODE_630_length_3588_cov_16.652632	6425	0.999	0.000E+00	3587	0	3588	0	3587	3588	3587	0	0	1	3588M
SRR6253161_NODE_1538_length_3903_cov_8.384595_g1086_i0	SRR6253161_NODE_823_length_3903_cov_8.344386	6994	1.00	0.000E+00	3902	0	3903	0	3902	3903	3902	0	0	1	3903M
SRR6255746_NODE_799_length_4095_cov_70.988563_g597_i0	SRR6255746_NODE_496_length_4095_cov_71.044754	7338	1.00	0.000E+00	4094	0	4095	0	4094	4095	4094	0	0	1	4095M
SRR6960551_NODE_688_length_4082_cov_11.124969_g446_i1	SRR6960797_NODE_258_length_4298_cov_5.081183	6600	0.999	0.000E+00	0	3687	4082	6	3693	4298	0	4081	0	1	3688M
SRR7976299_NODE_102_length_4061_cov_38.198094_g83_i0	SRR7976299_NODE_60_length_4061_cov_37.850301	7277	1.00	0.000E+00	0	4060	4061	0	4060	4061	0	4060	0	1	4061M
SRR7687334_NODE_1618_length_4646_cov_127518.018587_g871_i0	SRR7963800_NODE_1103_length_3946_cov_9989.967209	4446	0.996	0.000E+00	658	3158	4646	1445	3945	3946	0	4645	0	1	2501M
SRR7687334_NODE_2731_length_3524_cov_807.215879_g1223_i1	SRR7687334_NODE_1154_length_3623_cov_782.569014	6267	1.00	0.000E+00	3523	27	3524	0	3496	3623	3523	0	0	1	3497M
SRR6960799_NODE_1040_length_4049_cov_30.205231_g671_i0	SRR6960799_NODE_482_length_4049_cov_29.961268	7256	1.00	0.000E+00	4048	0	4049	0	4048	4049	4048	0	0	1	4049M
SRR7976357_NODE_2595_length_4266_cov_9.045075_g1524_i0	SRR7976357_NODE_1224_length_4266_cov_8.943000	7636	0.999	0.000E+00	0	4265	4266	0	4265	4266	0	4265	0	1	4266M
SRR7687334_NODE_659_length_6934_cov_89282.671331_g349_i0	SRR7963800_NODE_1103_length_3946_cov_9989.967209	5461	0.997	0.000E+00	3869	6933	6934	71	3135	3946	0	6933	0	301	3065M
SRR7687334_NODE_1916_length_4277_cov_146845.294719_g1064_i0	SRR7963800_NODE_1103_length_3946_cov_9989.967209	4618	0.996	0.000E+00	4124	1528	4277	1349	3945	3946	4276	0	0	1	2597M
SRR6960803_NODE_4123_length_3846_cov_26.151073_g2275_i0	SRR6960803_NODE_1877_length_3846_cov_27.213623	6892	1.00	0.000E+00	3845	0	3846	0	3845	3846	3845	0	0	1	3846M
SRR6960799_NODE_1439_length_3595_cov_7.280806_g948_i0	SRR6960799_NODE_675_length_3595_cov_7.216638	6442	1.00	0.000E+00	3594	0	3595	0	3594	3595	3594	0	0	1	3595M
SRR7976323_NODE_2435_length_3852_cov_550.841757_g1770_i0	SRR7976323_NODE_1322_length_3852_cov_543.351416	6903	1.00	0.000E+00	0	3851	3852	0	3851	3852	0	3851	0	1	3852M
SRR7976325_NODE_554_length_3646_cov_13.761825_g368_i0	SRR7976325_NODE_267_length_3646_cov_13.792331	6534	1.00	0.000E+00	0	3645	3646	0	3645	3646	0	3645	0	1	3646M
SRR5208572_NODE_69_length_4309_cov_39.160057_g31_i0	SRR5208572_NODE_20_length_4309_cov_39.945231	7717	0.999	0.000E+00	0	4308	4309	0	4308	4309	0	4308	0	1	4309M
SRR5466338_NODE_2416_length_4387_cov_22.457580_g1559_i0	SRR5466338_NODE_1366_length_4387_cov_22.198656	7857	0.999	0.000E+00	0	4386	4387	0	4386	4387	0	4386	0	1	4387M
SRR5466725_NODE_1797_length_4422_cov_865.404231_g1357_i0	SRR5466723_NODE_345_length_4460_cov_291.235013	7758	0.998	0.000E+00	79	4420	4422	55	4396	4460	0	4421	0	1	4342M
SRR5466727_NODE_1192_length_4069_cov_396.271772_g1019_i0	SRR6255746_NODE_554_length_3896_cov_197.733194	6077	0.999	0.000E+00	4068	673	4069	14	3409	3896	4068	0	0	1	3396M
SRR6255733_NODE_913_length_3698_cov_11.010483_g740_i0	SRR6255746_NODE_633_length_3701_cov_9.520948	6618	0.999	0.000E+00	0	3697	3698	3	3700	3701	0	3697	0	1	3698M
SRR7976299_NODE_89_length_4137_cov_19.502461_g72_i0	SRR7976299_NODE_54_length_4137_cov_19.527313	7413	1.00	0.000E+00	4136	0	4137	0	4136	4137	4136	0	0	1	4137M
SRR7976301_NODE_831_length_3981_cov_500.191914_g664_i0	SRR7976301_NODE_533_length_3981_cov_500.840583	7125	0.999	0.000E+00	0	3980	3981	0	3980	3981	0	3980	0	1	3981M
SRR7687334_NODE_1511_length_4800_cov_116891.093082_g644_i2	SRR7963800_NODE_1103_length_3946_cov_9989.967209	4068	0.998	0.000E+00	3328	1049	4800	71	2350	3946	4799	0	0	1	2280M
SRR7687334_NODE_2159_length_4031_cov_145391.002021_g1195_i0	SRR7963800_NODE_1103_length_3946_cov_9989.967209	5461	0.997	0.000E+00	3064	0	4031	71	3135	3946	4030	0	0	1	3065M
SRR6960799_NODE_984_length_4118_cov_14.845983_g637_i0	SRR6960799_NODE_454_length_4118_cov_14.802719	7379	1.00	0.000E+00	0	4117	4118	0	4117	4118	0	4117	0	1	4118M
SRR7976324_NODE_270_length_4758_cov_1151.593383_g193_i0	SRR7976323_NODE_1607_length_3553_cov_62.904023	5535	0.999	0.000E+00	4757	1662	4758	7	3102	3553	4757	0	0	1	3096M
SRR7976326_NODE_190_length_3973_cov_15.653846_g137_i0	SRR6960799_NODE_503_length_3983_cov_63.501790	7120	1.00	0.000E+00	3972	0	3973	5	3977	3983	3972	0	0	1	3973M
SRR6960802_NODE_1936_length_3800_cov_16.524282_g1246_i0	SRR6960802_NODE_892_length_3800_cov_16.314999	6810	1.00	0.000E+00	3799	0	3800	0	3799	3800	3799	0	0	1	3800M
SRR5466725_NODE_2492_length_3765_cov_23.373510_g1908_i0	SRR5466727_NODE_1090_length_3740_cov_19.161985	6698	0.999	0.000E+00	25	3764	3765	0	3739	3740	0	3764	0	1	3740M
SRR5466728_NODE_628_length_3862_cov_9.926894_g528_i0	SRR5466728_NODE_427_length_3863_cov_9.874670	6916	0.999	0.000E+00	3861	0	3862	0	3861	3863	3861	0	0	1	3862M
SRR6253161_NODE_1634_length_3824_cov_2590.228472_g1145_i1	SRR5466369_NODE_2044_length_3725_cov_7.792169	5030	0.998	0.000E+00	1010	3823	3824	908	3721	3725	0	3823	0	1	2814M
SRR6255746_NODE_881_length_3897_cov_191.428609_g671_i0	SRR6255746_NODE_554_length_3896_cov_197.733194	6954	0.998	0.000E+00	3896	0	3897	0	3894	3896	3896	0	0	1	3822M2I73M
SRR6960551_NODE_774_length_3910_cov_16.076883_g552_i0	SRR6960551_NODE_437_length_3910_cov_16.045348	7007	1.00	0.000E+00	3909	0	3910	0	3909	3910	3909	0	0	1	3910M
SRR7976299_NODE_109_length_3966_cov_11.522219_g86_i0	SRR7976299_NODE_63_length_3966_cov_11.293861	7107	1.00	0.000E+00	3965	0	3966	0	3965	3966	3965	0	0	1	3966M
SRR7976301_NODE_1091_length_3623_cov_330.203099_g753_i1	SRR7976301_NODE_596_length_3846_cov_332.441028	5040	0.999	0.000E+00	808	3622	3623	1031	3845	3846	0	3622	0	1	2815M
SRR7687334_NODE_1637_length_4617_cov_124786.843970_g882_i0	SRR7963800_NODE_1103_length_3946_cov_9989.967209	5461	0.997	0.000E+00	3064	0	4617	71	3135	3946	4616	0	0	1	3065M
SRR7963800_NODE_331_length_10191_cov_5007.401166_g191_i0	SRR7963800_NODE_1103_length_3946_cov_9989.967209	5504	0.997	0.000E+00	0	3090	10191	815	3905	3946	0	10190	0	1	3091M
SRR5467091_NODE_1170_length_4002_cov_18.212777_g901_i0	SRR5467091_NODE_686_length_4002_cov_18.132095	7172	1.00	0.000E+00	0	4001	4002	0	4001	4002	0	4001	0	1	4002M
SRR6254353_NODE_1344_length_4047_cov_7.966281_g856_i0	SRR6254353_NODE_678_length_4047_cov_7.940614	7252	1.00	0.000E+00	4046	0	4047	0	4046	4047	4046	0	0	1	4047M
SRR6960509_NODE_2834_length_3831_cov_373.794838_g1887_i0	SRR6960509_NODE_1480_length_3861_cov_370.235480	6865	1.00	0.000E+00	3830	0	3831	0	3830	3861	3830	0	0	1	3831M
SRR6960551_NODE_966_length_3589_cov_16.130546_g681_i0	SRR6960551_NODE_548_length_3589_cov_16.110068	6432	1.00	0.000E+00	3588	0	3589	0	3588	3589	3588	0	0	1	3589M
SRR7976310_NODE_989_length_3871_cov_72.166667_g702_i0	SRR7976310_NODE_532_length_3871_cov_71.953397	6937	1.00	0.000E+00	3870	0	3871	0	3870	3871	3870	0	0	1	3871M
SRR7687334_NODE_1759_length_4481_cov_132985.797641_g959_i0	SRR7963800_NODE_1103_length_3946_cov_9989.967209	4177	0.997	0.000E+00	2342	0	4481	71	2413	3946	4480	0	0	1	2343M
SRR5995670_NODE_369_length_3476_cov_21.615568_g275_i0	SRR5995670_NODE_336_length_3476_cov_21.338205	6229	1.00	0.000E+00	3475	0	3476	0	3475	3476	3475	0	0	1	3476M
SRR6960799_NODE_1201_length_3819_cov_5.295515_g787_i0	SRR7976325_NODE_233_length_3780_cov_4.271378	6750	0.998	0.000E+00	3813	38	3819	0	3777	3780	3818	0	0	1	3768M2D8M
SRR7976357_NODE_3677_length_3577_cov_75.889555_g2212_i0	SRR7976356_NODE_1532_length_3592_cov_41.599886	6406	1.00	0.000E+00	0	3574	3577	17	3591	3592	0	3576	0	1	3575M
SRR5466729_NODE_1207_length_3985_cov_15.765337_g598_i2	SRR5466729_NODE_755_length_3985_cov_17.878579	6989	0.991	0.000E+00	0	3984	3985	0	3984	3985	0	3984	0	1	3985M
SRR5467091_NODE_1258_length_3873_cov_1062.532105_g968_i0	SRR5467091_NODE_776_length_3811_cov_1014.509363	6753	0.995	0.000E+00	0	3810	3873	0	3810	3811	0	3872	0	1	3811M
SRR6960551_NODE_1005_length_3540_cov_16.559562_g708_i0	SRR6960551_NODE_561_length_3540_cov_16.508220	6290	0.996	0.000E+00	0	3539	3540	0	3539	3540	0	3539	0	1	3540M
SRR7976310_NODE_1029_length_3822_cov_17.284342_g732_i0	SRR7976310_NODE_555_length_3822_cov_16.992531	6845	0.999	0.000E+00	3821	0	3822	0	3821	3822	3821	0	0	1	3822M
SRR7687334_NODE_1775_length_4455_cov_128634.956641_g971_i0	SRR7963800_NODE_1103_length_3946_cov_9989.967209	4177	0.997	0.000E+00	2112	4454	4455	71	2413	3946	0	4454	0	1	2343M
SRR6960799_NODE_1269_length_3750_cov_9.888496_g828_i0	SRR6960799_NODE_598_length_3750_cov_9.687517	6720	1.00	0.000E+00	0	3749	3750	0	3749	3750	0	3749	0	1	3750M
SRR7976357_NODE_3810_length_3509_cov_33.324214_g2297_i0	SRR7976357_NODE_1904_length_3509_cov_33.560827	6288	1.00	0.000E+00	3508	0	3509	0	3508	3509	3508	0	0	1	3509M
SRR7976325_NODE_463_length_3859_cov_7.722134_g302_i0	SRR7976325_NODE_219_length_3859_cov_7.580560	6906	0.999	0.000E+00	0	3858	3859	0	3858	3859	0	3858	0	1	3859M
SRR7473382_NODE_287_length_4150_cov_434.008339_g165_i0	SRR7473382_NODE_142_length_3861_cov_509.458553	3869	0.995	0.000E+00	1969	4149	4150	1680	3860	3861	0	4149	0	1	2181M
SRR6960507_NODE_1860_length_3730_cov_5.320208_g1468_i0	SRR6960507_NODE_1181_length_3730_cov_5.351107	6666	0.998	0.000E+00	0	3729	3730	0	3729	3730	0	3729	0	1	3730M
SRR6960507_NODE_1860_length_3730_cov_5.320208_g1468_i0	SRR7976300_NODE_1052_length_3748_cov_45.400544	6546	0.997	0.000E+00	3672	0	3730	71	3743	3748	3729	0	0	1	3673M
SRR5466369_NODE_3825_length_3725_cov_7.903888_g2352_i0	SRR5466369_NODE_2044_length_3725_cov_7.792169	6675	1.00	0.000E+00	3724	0	3725	0	3724	3725	3724	0	0	2	3725M
SRR5466725_NODE_3118_length_3346_cov_13.772991_g2399_i0	SRR5466725_NODE_2049_length_3345_cov_13.701711	5988	0.999	0.000E+00	3345	0	3346	0	3344	3345	3345	0	0	1	1695M1I1650M
SRR5466729_NODE_1290_length_3885_cov_23.866474_g988_i0	SRR5466725_NODE_1499_length_3892_cov_32.532862	6948	0.999	0.000E+00	3884	0	3885	2	3886	3892	3884	0	0	1	3885M
SRR6254893_NODE_919_length_3823_cov_14.845333_g741_i1	SRR5466728_NODE_403_length_3944_cov_27.845260	6641	0.996	0.000E+00	75	3810	3823	90	3825	3944	0	3822	0	1	3736M
SRR6960509_NODE_3038_length_3710_cov_26.282651_g2026_i0	SRR6960509_NODE_1612_length_3710_cov_26.074512	6644	0.999	0.000E+00	0	3709	3710	0	3709	3710	0	3709	0	1	3710M
SRR5466725_NODE_1958_length_4235_cov_56.272465_g1486_i0	SRR5466725_NODE_1261_length_4235_cov_55.973330	7589	1.00	0.000E+00	0	4234	4235	0	4234	4235	0	4234	0	301	4235M
SRR5466727_NODE_1359_length_3845_cov_128.811506_g1170_i0	SRR5466727_NODE_1012_length_3845_cov_129.505037	6877	0.999	0.000E+00	0	3844	3845	0	3844	3845	0	3844	0	1	3845M
SRR5467090_NODE_802_length_3946_cov_10.177124_g627_i0	SRR5467090_NODE_487_length_3946_cov_10.150788	7062	0.999	0.000E+00	3945	0	3946	0	3945	3946	3945	0	0	1	3946M
SRR5467091_NODE_1782_length_3313_cov_7.369753_g1393_i0	SRR5467091_NODE_1117_length_3313_cov_7.369753	5937	1.00	0.000E+00	3312	0	3313	0	3312	3313	3312	0	0	1	3313M
SRR6255733_NODE_154_length_7501_cov_720.100027_g119_i0	SRR5466725_NODE_1409_length_4009_cov_1460.002795	6301	0.992	0.000E+00	7500	3920	7501	0	3580	4009	7500	0	0	1	3581M
SRR6960549_NODE_165_length_3724_cov_49.790742_g118_i0	SRR6960549_NODE_79_length_3724_cov_49.423446	6673	1.00	0.000E+00	3723	0	3724	0	3723	3724	3723	0	0	1	3724M
SRR6960797_NODE_682_length_3667_cov_126.231775_g531_i0	SRR6960797_NODE_414_length_3667_cov_127.997218	6571	1.00	0.000E+00	0	3666	3667	0	3666	3667	0	3666	0	1	3667M
SRR7976300_NODE_2418_length_3271_cov_5.336148_g1793_i0	SRR7976300_NODE_1396_length_3327_cov_5.317455	5862	1.00	0.000E+00	0	3270	3271	0	3270	3327	0	3270	0	1	3271M
SRR7687334_NODE_901_length_5976_cov_95495.257835_g481_i0	SRR7963800_NODE_1103_length_3946_cov_9989.967209	4177	0.997	0.000E+00	3633	5975	5976	71	2413	3946	0	5975	0	1	2343M
SRR7687334_NODE_1986_length_4200_cov_143989.480979_g1099_i0	SRR7963800_NODE_1103_length_3946_cov_9989.967209	5579	0.996	0.000E+00	109	3246	4200	808	3945	3946	0	4199	0	1	3138M
SRR6960507_NODE_1248_length_4376_cov_20.232164_g964_i0	SRR6960507_NODE_784_length_4376_cov_20.267488	7833	0.999	0.000E+00	4375	0	4376	0	4375	4376	4375	0	0	1	4376M
SRR5466365_NODE_2141_length_3549_cov_7.415420_g1382_i0	SRR5466365_NODE_1049_length_3549_cov_7.323360	6355	0.999	0.000E+00	3548	0	3549	0	3548	3549	3548	0	0	1	3549M
SRR5466725_NODE_2511_length_3746_cov_1161.997277_g1922_i1	SRR5466723_NODE_546_length_3745_cov_370.425381	6544	0.990	0.000E+00	2	3745	3746	0	3743	3745	0	3745	0	1	3744M
SRR5466728_NODE_688_length_3752_cov_24.997825_g579_i0	SRR5466728_NODE_465_length_3752_cov_24.846426	6724	1.00	0.000E+00	0	3751	3752	0	3751	3752	0	3751	0	1	3752M
SRR5467091_NODE_964_length_4316_cov_8.114777_g733_i0	SRR5466728_NODE_309_length_4316_cov_26.459580	7703	0.998	0.000E+00	4315	0	4316	0	4315	4316	4315	0	0	1	4316M
SRR6253256_NODE_738_length_4483_cov_1256.322449_g576_i0	SRR6253256_NODE_617_length_3957_cov_19.255922	7055	0.997	0.000E+00	3956	0	4483	0	3956	3957	4482	0	0	1	3957M
SRR6253256_NODE_738_length_4483_cov_1256.322449_g576_i0	SRR5466369_NODE_1803_length_3954_cov_37.877609	6897	0.996	0.000E+00	3886	3	4483	70	3953	3954	4482	0	0	1	3884M
SRR6253256_NODE_738_length_4483_cov_1256.322449_g576_i0	SRR5466337_NODE_601_length_4144_cov_43.186932	6866	0.995	0.000E+00	21	3895	4483	0	3875	4144	0	4482	0	1	3866M1D9M
SRR6253256_NODE_738_length_4483_cov_1256.322449_g576_i0	SRR6254353_NODE_737_length_3900_cov_38.177685	6858	0.996	0.000E+00	3886	30	4483	24	3880	3900	4482	0	0	1	3857M
SRR6960551_NODE_805_length_3851_cov_9.898624_g571_i0	SRR6960551_NODE_449_length_3851_cov_9.829804	6901	1.00	0.000E+00	3850	0	3851	0	3850	3851	3850	0	0	4	3851M
SRR7976299_NODE_136_length_3819_cov_6.122531_g105_i0	SRR7976299_NODE_78_length_3819_cov_6.102776	6844	1.00	0.000E+00	0	3818	3819	0	3818	3819	0	3818	0	1	3819M
SRR7976310_NODE_664_length_4535_cov_13.759301_g453_i0	SRR7976310_NODE_365_length_4535_cov_13.651950	8126	1.00	0.000E+00	0	4534	4535	0	4534	4535	0	4534	0	1	4535M
SRR5466727_NODE_359_length_6671_cov_21.191725_g292_i0	SRR5466727_NODE_266_length_6671_cov_21.180964	11944	0.999	0.000E+00	0	6670	6671	0	6670	6671	0	6670	0	1	6671M
SRR5466727_NODE_359_length_6671_cov_21.191725_g292_i0	SRR5466729_NODE_852_length_3826_cov_17.774047	6387	0.998	0.000E+00	3573	0	6671	252	3825	3826	6670	0	0	1	3574M
SRR5466729_NODE_1338_length_3826_cov_17.914202_g1029_i0	SRR5466729_NODE_852_length_3826_cov_17.774047	6852	0.999	0.000E+00	0	3825	3826	0	3825	3826	0	3825	0	2	3826M
SRR5466729_NODE_1338_length_3826_cov_17.914202_g1029_i0	SRR5466727_NODE_266_length_6671_cov_21.180964	6389	0.999	0.000E+00	3825	253	3826	0	3572	6671	3825	0	0	2	3573M
SRR5467091_NODE_1260_length_3870_cov_7.944693_g969_i0	SRR5467091_NODE_740_length_3870_cov_7.866474	6935	1.00	0.000E+00	3869	0	3870	0	3869	3870	3869	0	0	2	3870M
SRR6960509_NODE_3116_length_3669_cov_70.959956_g2077_i0	SRR6960509_NODE_1658_length_3673_cov_71.469722	6570	0.999	0.000E+00	0	3668	3669	0	3668	3673	0	3668	0	1	3669M
SRR7976310_NODE_1046_length_3796_cov_60.238786_g747_i0	SRR7976310_NODE_566_length_3796_cov_60.197690	6802	1.00	0.000E+00	3795	0	3796	0	3795	3796	3795	0	0	1	3796M
SRR7687334_NODE_1802_length_4423_cov_135333.814943_g993_i0	SRR7963800_NODE_1103_length_3946_cov_9989.967209	4177	0.997	0.000E+00	2342	0	4423	71	2413	3946	4422	0	0	1	2343M
SRR6960799_NODE_1313_length_3716_cov_6.175405_g861_i0	SRR6960799_NODE_621_length_3716_cov_6.097447	6659	1.00	0.000E+00	0	3715	3716	0	3715	3716	0	3715	0	1	3716M
SRR6960803_NODE_3048_length_4547_cov_4.196021_g1614_i0	SRR6960803_NODE_1518_length_4239_cov_3.951752	7583	0.999	0.000E+00	0	4238	4547	0	4238	4239	0	4546	0	301	4239M
SRR6960799_NODE_1384_length_3647_cov_4.419978_g907_i0	SRR6960799_NODE_650_length_3647_cov_3.979015	6513	0.998	0.000E+00	0	3646	3647	0	3646	3647	0	3646	0	1	3647M
SRR7976323_NODE_2333_length_3922_cov_156.943102_g1696_i0	SRR7976323_NODE_1271_length_3922_cov_155.891400	7028	1.00	0.000E+00	3921	0	3922	0	3921	3922	3921	0	0	1	3922M
SRR7976325_NODE_504_length_3756_cov_5.786044_g330_i0	SRR7976326_NODE_124_length_3760_cov_45.759696	6595	0.992	0.000E+00	3754	0	3756	0	3754	3760	3755	0	0	1	3755M
SRR5208570_NODE_207_length_3975_cov_58.493849_g110_i0	SRR5208570_NODE_71_length_3975_cov_65.103280	7087	0.997	0.000E+00	0	3974	3975	0	3974	3975	0	3974	0	1	3975M
SRR6960507_NODE_2364_length_3404_cov_38.146803_g1877_i0	SRR7976300_NODE_1322_length_3406_cov_20.780378	6088	0.999	0.000E+00	3401	2	3404	0	3399	3406	3403	0	0	1	3400M
SRR5466723_NODE_548_length_4460_cov_288.780260_g431_i0	SRR5466723_NODE_345_length_4460_cov_291.235013	7956	0.998	0.000E+00	0	4459	4460	0	4459	4460	0	4459	0	1	4460M
SRR5466727_NODE_1126_length_4166_cov_10.953335_g962_i0	SRR5466725_NODE_1305_length_4166_cov_12.517713	7465	1.00	0.000E+00	0	4165	4166	0	4165	4166	0	4165	0	1	4166M
SRR5466729_NODE_2181_length_3094_cov_7.666336_g1721_i0	SRR5466729_NODE_1409_length_3094_cov_7.641840	5545	1.00	0.000E+00	3093	0	3094	0	3093	3094	3093	0	0	1	3094M
SRR5466729_NODE_2181_length_3094_cov_7.666336_g1721_i0	SRR5466725_NODE_1389_length_4051_cov_10.295877	5410	0.998	0.000E+00	3093	59	3094	4	3039	4051	3093	0	0	1	3026M1D9M
SRR5467091_NODE_1495_length_3594_cov_894.657484_g968_i2	SRR5467091_NODE_776_length_3811_cov_1014.509363	4752	0.993	0.000E+00	838	3531	3594	1117	3810	3811	0	3593	0	2	2694M
SRR7976326_NODE_197_length_3923_cov_7.543896_g142_i0	SRR7976326_NODE_108_length_3923_cov_7.418701	7030	1.00	0.000E+00	3922	0	3923	0	3922	3923	3922	0	0	1	3923M
SRR6960802_NODE_3441_length_2963_cov_28.189965_g2207_i0	SRR6960802_NODE_887_length_3813_cov_35.013369	5185	0.990	0.000E+00	0	2962	2963	850	3812	3813	0	2962	0	1	2963M
SRR6050698_NODE_237_length_4026_cov_24.008348_g129_i0	SRR6050698_NODE_88_length_4026_cov_25.065267	7156	0.996	0.000E+00	4025	0	4026	0	4025	4026	4025	0	0	1	4026M
SRR5466365_NODE_1514_length_4073_cov_8.721000_g952_i0	SRR5466338_NODE_1378_length_4353_cov_25.412850	6455	0.999	0.000E+00	444	4050	4073	745	4351	4353	0	4072	0	1	3607M
SRR5466725_NODE_2438_length_3805_cov_22.780815_g1864_i0	SRR5466727_NODE_1037_length_3808_cov_18.897992	6783	0.998	0.000E+00	0	3799	3805	8	3807	3808	0	3804	0	1	3800M
SRR5466728_NODE_580_length_3981_cov_14.908905_g486_i0	SRR5466728_NODE_392_length_3981_cov_14.738997	7134	1.00	0.000E+00	3980	0	3981	0	3980	3981	3980	0	0	1	3981M
SRR5467090_NODE_1538_length_3039_cov_3442.431895_g1249_i0	SRR5467090_NODE_1041_length_2985_cov_7.366071	5349	1.00	0.000E+00	54	3038	3039	0	2984	2985	0	3038	0	1	2985M
SRR5467090_NODE_1538_length_3039_cov_3442.431895_g1249_i0	SRR5467091_NODE_600_length_4195_cov_48.960456	5220	0.999	0.000E+00	123	3037	3039	1210	4124	4195	0	3038	0	1	2915M
SRR6253161_NODE_1622_length_3828_cov_2589.314780_g1145_i0	SRR5466369_NODE_2044_length_3725_cov_7.792169	5030	0.998	0.000E+00	1014	3827	3828	908	3721	3725	0	3827	0	2	2814M
SRR6255746_NODE_848_length_3989_cov_12.108529_g639_i0	SRR5466729_NODE_755_length_3985_cov_17.878579	7039	0.994	0.000E+00	6	3988	3989	0	3982	3985	0	3988	0	1	3983M
SRR6960551_NODE_715_length_4040_cov_487.785984_g514_i0	SRR6960551_NODE_405_length_4040_cov_486.750189	7231	0.999	0.000E+00	4039	0	4040	0	4039	4040	4039	0	0	1	4040M
SRR6960551_NODE_1027_length_3515_cov_15.394829_g724_i0	SRR6960551_NODE_565_length_3536_cov_15.473000	6288	0.999	0.000E+00	3514	1	3515	0	3513	3536	3514	0	0	1	3514M
SRR7976300_NODE_1216_length_4378_cov_10.539373_g903_i0	SRR7976300_NODE_710_length_4378_cov_10.457607	7845	1.00	0.000E+00	4377	0	4378	0	4377	4378	4377	0	0	1	4378M
SRR7976310_NODE_1037_length_3809_cov_177.007227_g739_i0	SRR7976310_NODE_562_length_3809_cov_177.833779	6790	0.997	0.000E+00	0	3808	3809	0	3808	3809	0	3808	0	1	3809M
SRR7687334_NODE_1778_length_4454_cov_133821.469756_g974_i0	SRR7963800_NODE_1103_length_3946_cov_9989.967209	6048	0.997	0.000E+00	462	3861	4454	546	3945	3946	0	4453	0	1	3400M
SRR6960799_NODE_1282_length_3739_cov_6.624386_g840_i0	SRR6960799_NODE_605_length_3739_cov_6.505728	6700	1.00	0.000E+00	3738	0	3739	0	3738	3739	3738	0	0	1	3739M
SRR7976357_NODE_3834_length_3500_cov_6.870149_g2312_i0	SRR6960803_NODE_2135_length_3623_cov_6.162817	6233	0.997	0.000E+00	0	3499	3500	56	3554	3623	0	3499	0	1	408M1I3091M
SRR7976325_NODE_467_length_3850_cov_6.680434_g305_i0	SRR7976325_NODE_206_length_3911_cov_6.408807	6899	1.00	0.000E+00	0	3849	3850	0	3849	3911	0	3849	0	1	3850M
SRR6050738_NODE_144_length_4027_cov_24.704603_g96_i0	SRR6050738_NODE_59_length_4027_cov_25.125443	7176	0.997	0.000E+00	0	4026	4027	0	4026	4027	0	4026	0	1	4027M
SRR6960507_NODE_1909_length_3695_cov_4.101601_g1502_i0	SRR6960507_NODE_1204_length_3695_cov_3.964936	6617	0.999	0.000E+00	0	3694	3695	0	3694	3695	0	3694	0	1	3695M
SRR5466337_NODE_877_length_4774_cov_43.443735_g518_i0	SRR5466337_NODE_388_length_4774_cov_43.306743	8555	1.00	0.000E+00	0	4773	4774	0	4773	4774	0	4773	0	-1984243840	4774M
SRR5466337_NODE_877_length_4774_cov_43.443735_g518_i0	SRR6255402_NODE_458_length_4368_cov_29.226077	7696	1.00	0.000E+00	3	4297	4774	0	4294	4368	0	4773	0	-1984243840	4295M
SRR5466337_NODE_877_length_4774_cov_43.443735_g518_i0	SRR5466338_NODE_1374_length_4358_cov_51.756126	7672	0.999	0.000E+00	4298	15	4774	73	4356	4358	4773	0	0	-1984243840	4284M
SRR5466337_NODE_877_length_4774_cov_43.443735_g518_i0	SRR5466366_NODE_1144_length_4333_cov_42.589437	7541	0.999	0.000E+00	4298	88	4774	1	4211	4333	4773	0	0	-1984243840	4211M
SRR5467139_NODE_200_length_3819_cov_8.258409_g106_i0	SRR5467139_NODE_84_length_3819_cov_8.173251	6844	1.00	0.000E+00	0	3818	3819	0	3818	3819	0	3818	0	301	3819M
SRR5466725_NODE_2138_length_4061_cov_444.057422_g1621_i0	SRR5466725_NODE_1379_length_4061_cov_453.865346	7277	1.00	0.000E+00	4060	0	4061	0	4060	4061	4060	0	0	1	4061M
SRR5466727_NODE_1508_length_3678_cov_15.869348_g1304_i0	SRR5466727_NODE_1079_length_3747_cov_15.448285	6583	0.999	0.000E+00	2	3677	3678	71	3746	3747	0	3677	0	1	3676M
SRR5467090_NODE_821_length_3903_cov_8.405744_g646_i0	SRR5467090_NODE_500_length_3903_cov_8.332376	6994	1.00	0.000E+00	3902	0	3903	0	3902	3903	3902	0	0	1	3903M
SRR6049586_NODE_2823_length_2796_cov_28.358428_g1041_i1	SRR5467090_NODE_547_length_3776_cov_52.117202	4002	0.995	0.000E+00	0	2257	2796	76	2333	3776	0	2795	0	1	2258M
SRR6255733_NODE_502_length_4866_cov_141.684957_g392_i1	SRR6255733_NODE_330_length_4868_cov_140.939103	8719	1.00	0.000E+00	0	4865	4866	2	4867	4868	0	4865	0	1	4866M
SRR6960549_NODE_172_length_3689_cov_4.960730_g124_i0	SRR6960549_NODE_87_length_3689_cov_4.960730	6606	0.999	0.000E+00	0	3688	3689	0	3688	3689	0	3688	0	1	3689M
SRR6960797_NODE_744_length_3575_cov_215.795545_g577_i1	SRR6960551_NODE_549_length_3587_cov_193.772908	6313	0.994	0.000E+00	3574	2	3575	14	3586	3587	3574	0	0	1	3573M
SRR7976301_NODE_729_length_4228_cov_14.551143_g575_i0	SRR7976301_NODE_469_length_4228_cov_14.471961	7576	1.00	0.000E+00	0	4227	4228	0	4227	4228	0	4227	0	1	4228M
SRR7976356_NODE_2927_length_3765_cov_6.407638_g1713_i0	SRR7976356_NODE_1396_length_3765_cov_6.340195	6733	0.999	0.000E+00	0	3764	3765	0	3764	3765	0	3764	0	1	3765M
SRR5466365_NODE_2397_length_3377_cov_93.147397_g1550_i1	SRR5466365_NODE_1187_length_3380_cov_118.088298	5961	0.993	0.000E+00	0	3376	3377	0	3379	3380	0	3376	0	1	92M3D3285M
SRR5466365_NODE_2397_length_3377_cov_93.147397_g1550_i1	SRR5466338_NODE_2222_length_3417_cov_137.069079	5958	0.998	0.000E+00	3	3339	3377	72	3408	3417	0	3376	0	1	3337M
SRR5466365_NODE_2397_length_3377_cov_93.147397_g1550_i1	SRR5466337_NODE_1057_length_3407_cov_109.255549	5941	0.997	0.000E+00	5	3340	3377	0	3336	3407	0	3376	0	1	87M1D3249M
SRR5466725_NODE_2584_length_3697_cov_10.032285_g1973_i0	SRR5466725_NODE_1678_length_3697_cov_9.929912	6607	0.998	0.000E+00	0	3696	3697	0	3696	3697	0	3696	0	3	3697M
SRR5466729_NODE_547_length_5328_cov_305.738915_g399_i0	SRR6255733_NODE_330_length_4868_cov_140.939103	7834	0.999	0.000E+00	2	4383	5328	70	4451	4868	0	5327	0	1	4382M
SRR5467091_NODE_1043_length_4194_cov_12.843242_g797_i0	SRR5467091_NODE_601_length_4194_cov_12.706867	7515	1.00	0.000E+00	0	4193	4194	0	4193	4194	0	4193	0	1	4194M
SRR6960509_NODE_2300_length_4222_cov_42.183659_g1524_i0	SRR6960509_NODE_1209_length_4222_cov_41.929140	7566	1.00	0.000E+00	4221	0	4222	0	4221	4222	4221	0	0	1	4222M
SRR7976299_NODE_145_length_3757_cov_371.253257_g111_i0	SRR7976299_NODE_83_length_3757_cov_369.722041	6733	1.00	0.000E+00	0	3756	3757	0	3756	3757	0	3756	0	1	3757M
SRR7976310_NODE_841_length_4155_cov_12.395394_g585_i0	SRR7976310_NODE_453_length_4155_cov_12.311857	7441	0.999	0.000E+00	0	4154	4155	0	4154	4155	0	4154	0	1	4155M
SRR7687334_NODE_1692_length_4564_cov_135016.461145_g919_i0	SRR7963800_NODE_1103_length_3946_cov_9989.967209	4586	0.996	0.000E+00	4106	1528	4564	1367	3945	3946	4563	0	0	1	2579M
SRR7963800_NODE_2040_length_4192_cov_9761.322166_g191_i7	SRR7963800_NODE_1103_length_3946_cov_9989.967209	5504	0.997	0.000E+00	4191	1101	4192	815	3905	3946	4191	0	0	1	3091M
SRR6960799_NODE_1123_length_3908_cov_348.514472_g729_i0	SRR6960799_NODE_517_length_3908_cov_349.761408	7003	1.00	0.000E+00	3907	0	3908	0	3907	3908	3907	0	0	1	3908M
SRR7976357_NODE_3393_length_3727_cov_6.461959_g2033_i0	SRR7976357_NODE_1683_length_3727_cov_6.413246	6674	0.999	0.000E+00	3726	0	3727	0	3726	3727	3726	0	0	1	3727M
SRR7976325_NODE_315_length_4370_cov_1596.736328_g193_i0	SRR7976325_NODE_270_length_3627_cov_3265.837648	6262	0.999	0.000E+00	873	4369	4370	130	3626	3627	0	4369	0	1	3497M
SRR7976325_NODE_315_length_4370_cov_1596.736328_g193_i0	SRR6960799_NODE_659_length_3626_cov_24.458767	5688	1.00	0.000E+00	4333	1160	4370	0	3173	3626	4369	0	0	1	3174M
SRR7976356_NODE_3066_length_3659_cov_20.447295_g1800_i0	SRR6960803_NODE_2093_length_3659_cov_23.858338	6548	0.999	0.000E+00	0	3658	3659	0	3658	3659	0	3658	0	2	3659M
SRR6960507_NODE_1518_length_4043_cov_4.819899_g1189_i0	SRR6960507_NODE_969_length_4043_cov_4.717632	7232	0.999	0.000E+00	0	4042	4043	0	4042	4043	0	4042	0	1	4043M
SRR5466366_NODE_1605_length_4914_cov_33.818219_g1059_i0	SRR5466366_NODE_1144_length_4333_cov_42.589437	7698	1.00	0.000E+00	4913	618	4914	0	4295	4333	4913	0	0	1	4296M
SRR5466366_NODE_1605_length_4914_cov_33.818219_g1059_i0	SRR5466338_NODE_1374_length_4358_cov_51.756126	7548	1.00	0.000E+00	4913	702	4914	72	4283	4358	4913	0	0	1	4212M
SRR5466366_NODE_1605_length_4914_cov_33.818219_g1059_i0	SRR6255402_NODE_458_length_4368_cov_29.226077	7545	0.999	0.000E+00	701	4913	4914	84	4296	4368	0	4913	0	1	4213M
SRR5466366_NODE_1605_length_4914_cov_33.818219_g1059_i0	SRR5466337_NODE_388_length_4774_cov_43.306743	7541	0.999	0.000E+00	701	4911	4914	87	4297	4774	0	4913	0	1	4211M
