SRR6960803_Contig_10357_flow_33.2344_cc_471_1	114	1907	-1	00	SRR6960803_Contig_10357_flow_33.2344_cc_471	3837	RdRp_B	601.9
SRR6960803_Contig_10357_flow_33.2344_cc_471_2	1996	2361	-1	00	SRR6960803_Contig_10357_flow_33.2344_cc_471	3837	CP_D	140.6
SRR6960803_Contig_10357_flow_33.2344_cc_471_3	2404	3777	-1	00	SRR6960803_Contig_10357_flow_33.2344_cc_471	3837	MP_B	305.8
SRR6960803_Contig_26665_flow_8.57934_cc_19871_1	51	1829	-1	00	SRR6960803_Contig_26665_flow_8.57934_cc_19871	4230	RdRp_A	540.1
SRR6960803_Contig_26665_flow_8.57934_cc_19871_2	1875	2327	-1	00	SRR6960803_Contig_26665_flow_8.57934_cc_19871	4230	CP_A	127.0
SRR6960803_Contig_26665_flow_8.57934_cc_19871_3	2403	3722	-1	00	SRR6960803_Contig_26665_flow_8.57934_cc_19871	4230	MP_A	228.2
SRR6960801_Contig_27450_flow_35.4275_cc_6970_1	38	1702	-1	00	SRR6960801_Contig_27450_flow_35.4275_cc_6970	3691	RdRp_A	501.6
SRR6960801_Contig_27450_flow_35.4275_cc_6970_2	1730	2143	-1	00	SRR6960801_Contig_27450_flow_35.4275_cc_6970	3691	CP_B	162.2
SRR6960801_Contig_27450_flow_35.4275_cc_6970_3	2182	3327	-1	00	SRR6960801_Contig_27450_flow_35.4275_cc_6970	3691	MP_A	251.1
SRR6960799_Contig_842_flow_375.948_cc_3_1	157	2205	-1	00	SRR6960799_Contig_842_flow_375.948_cc_3	4609	RdRp_B	454.9
SRR6960799_Contig_842_flow_375.948_cc_3_2	2251	2748	-1	00	SRR6960799_Contig_842_flow_375.948_cc_3	4609	CP_E	128.8
SRR6960799_Contig_842_flow_375.948_cc_3_3	2822	4579	-1	00	SRR6960799_Contig_842_flow_375.948_cc_3	4609	MP_C	191.9
SRR6960799_Contig_2261_flow_494.71_cc_3_1	77	2026	-1	00	SRR6960799_Contig_2261_flow_494.71_cc_3	3874	RdRp_A	483.9
SRR6960799_Contig_2261_flow_494.71_cc_3_2	2099	2494	-1	00	SRR6960799_Contig_2261_flow_494.71_cc_3	3874	CP_A	55.9
SRR6960799_Contig_2261_flow_494.71_cc_3_3	2522	3742	-1	00	SRR6960799_Contig_2261_flow_494.71_cc_3	3874	MP_A	195.8
SRR6960799_Contig_2564_flow_242.277_cc_3_2	140	2002	-1	00	SRR6960799_Contig_2564_flow_242.277_cc_3	4011	RdRp_B	382.7
SRR6960799_Contig_2564_flow_242.277_cc_3_3	2013	2513	-1	00	SRR6960799_Contig_2564_flow_242.277_cc_3	4011	CP_E	193.7
SRR6960799_Contig_2564_flow_242.277_cc_3_4	2554	3996	-1	00	SRR6960799_Contig_2564_flow_242.277_cc_3	4011	MP_C	415.2
SRR6960799_Contig_26956_flow_10.6148_cc_2485_1	19	1809	-1	00	SRR6960799_Contig_26956_flow_10.6148_cc_2485	3893	RdRp_A	520.7
SRR6960799_Contig_26956_flow_10.6148_cc_2485_2	1902	2354	-1	00	SRR6960799_Contig_26956_flow_10.6148_cc_2485	3893	CP_A	126.9
SRR6960799_Contig_26956_flow_10.6148_cc_2485_3	2547	3746	-1	00	SRR6960799_Contig_26956_flow_10.6148_cc_2485	3893	MP_A	195.9
SRR6960799_Contig_27050_flow_19.495_cc_2545_1	25	1737	-1	00	SRR6960799_Contig_27050_flow_19.495_cc_2545	3463	RdRp_A	498.8
SRR6960799_Contig_27050_flow_19.495_cc_2545_2	1760	2155	-1	00	SRR6960799_Contig_27050_flow_19.495_cc_2545	3463	CP_B	108.7
SRR6960799_Contig_27050_flow_19.495_cc_2545_3	2180	3214	-1	00	SRR6960799_Contig_27050_flow_19.495_cc_2545	3463	MP_A	173.3
SRR6960799_Contig_27595_flow_20.5008_cc_3247_1	177	1961	-1	00	SRR6960799_Contig_27595_flow_20.5008_cc_3247	4118	RdRp_B	542.6
SRR6960799_Contig_27595_flow_20.5008_cc_3247_2	2096	2467	-1	00	SRR6960799_Contig_27595_flow_20.5008_cc_3247	4118	CP_D	86.0
SRR6960799_Contig_27595_flow_20.5008_cc_3247_3	2510	4042	-1	00	SRR6960799_Contig_27595_flow_20.5008_cc_3247	4118	MP_B	150.8
SRR6960799_Contig_27837_flow_34.8682_cc_3591_1	68	1849	-1	00	SRR6960799_Contig_27837_flow_34.8682_cc_3591	3620	RdRp_A	509.0
SRR6960799_Contig_27837_flow_34.8682_cc_3591_2	1879	2304	-1	00	SRR6960799_Contig_27837_flow_34.8682_cc_3591	3620	CP_A	132.7
SRR6960799_Contig_27837_flow_34.8682_cc_3591_3	2379	3509	-1	00	SRR6960799_Contig_27837_flow_34.8682_cc_3591	3620	MP_A	238.5
SRR6960799_Contig_30187_flow_21.6025_cc_6460_1	51	1814	-1	00	SRR6960799_Contig_30187_flow_21.6025_cc_6460	3567	RdRp_A	511.7
SRR6960799_Contig_30187_flow_21.6025_cc_6460_2	1937	2329	-1	00	SRR6960799_Contig_30187_flow_21.6025_cc_6460	3567	CP_B	141.9
SRR6960799_Contig_30187_flow_21.6025_cc_6460_3	2351	3433	-1	00	SRR6960799_Contig_30187_flow_21.6025_cc_6460	3567	MP_A	234.6
SRR6960799_Contig_32278_flow_9.34253_cc_9279_1	54	1784	-1	00	SRR6960799_Contig_32278_flow_9.34253_cc_9279	3452	RdRp_A	449.2
SRR6960799_Contig_32278_flow_9.34253_cc_9279_2	1880	2218	-1	00	SRR6960799_Contig_32278_flow_9.34253_cc_9279	3452	CP_G	35.2
SRR6960799_Contig_32278_flow_9.34253_cc_9279_3	2262	3419	-1	00	SRR6960799_Contig_32278_flow_9.34253_cc_9279	3452	MP_A	127.6
SRR6960799_Contig_33038_flow_10.3594_cc_10083_1	53	1639	-1	00	SRR6960799_Contig_33038_flow_10.3594_cc_10083	3772	RdRp_A	445.1
SRR6960799_Contig_33038_flow_10.3594_cc_10083_2	1776	2177	-1	00	SRR6960799_Contig_33038_flow_10.3594_cc_10083	3772	CP_A	126.6
SRR6960799_Contig_33038_flow_10.3594_cc_10083_3	2204	3676	-1	00	SRR6960799_Contig_33038_flow_10.3594_cc_10083	3772	MP_A	224.5
SRR6960799_Contig_34872_flow_67.1986_cc_12767_1	29	1717	-1	00	SRR6960799_Contig_34872_flow_67.1986_cc_12767	3519	RdRp_A	518.3
SRR6960799_Contig_34872_flow_67.1986_cc_12767_2	1760	2152	-1	00	SRR6960799_Contig_34872_flow_67.1986_cc_12767	3519	CP_B	138.7
SRR6960799_Contig_34872_flow_67.1986_cc_12767_3	2168	3340	-1	00	SRR6960799_Contig_34872_flow_67.1986_cc_12767	3519	MP_A	245.6
SRR6960799_Contig_38573_flow_17.6483_cc_18487_1	99	2042	-1	00	SRR6960799_Contig_38573_flow_17.6483_cc_18487	3825	RdRp_B	635.0
SRR6960799_Contig_38573_flow_17.6483_cc_18487_2	2197	2559	-1	00	SRR6960799_Contig_38573_flow_17.6483_cc_18487	3825	CP_F	134.9
SRR6960799_Contig_38573_flow_17.6483_cc_18487_3	2587	3747	-1	00	SRR6960799_Contig_38573_flow_17.6483_cc_18487	3825	MP_B	254.7
SRR7976357_Contig_1262_flow_437.773_cc_3_1	25	1773	-1	00	SRR7976357_Contig_1262_flow_437.773_cc_3	3460	RdRp_A	543.6
SRR7976357_Contig_1262_flow_437.773_cc_3_2	1828	2208	-1	00	SRR7976357_Contig_1262_flow_437.773_cc_3	3460	CP_H	149.6
SRR7976357_Contig_1262_flow_437.773_cc_3_3	2231	3421	-1	00	SRR7976357_Contig_1262_flow_437.773_cc_3	3460	MP_A	222.8
SRR7976357_Contig_2127_flow_231.782_cc_3_1	14	1843	-1	00	SRR7976357_Contig_2127_flow_231.782_cc_3	3705	RdRp_A	436.0
SRR7976357_Contig_2127_flow_231.782_cc_3_2	1921	2382	-1	00	SRR7976357_Contig_2127_flow_231.782_cc_3	3705	CP_C	215.5
SRR7976357_Contig_2127_flow_231.782_cc_3_3	2415	3653	-1	00	SRR7976357_Contig_2127_flow_231.782_cc_3	3705	MP_A	201.6
SRR7976357_Contig_21124_flow_19.6455_cc_7787_1	18	1727	-1	00	SRR7976357_Contig_21124_flow_19.6455_cc_7787	3842	RdRp_A	447.3
SRR7976357_Contig_21124_flow_19.6455_cc_7787_3	2033	2503	-1	00	SRR7976357_Contig_21124_flow_19.6455_cc_7787	3842	CP_C	239.4
SRR7976357_Contig_21124_flow_19.6455_cc_7787_4	2539	3822	-1	00	SRR7976357_Contig_21124_flow_19.6455_cc_7787	3842	MP_A	189.4
SRR7976357_Contig_42347_flow_14.1498_cc_38179_2	398	1513	1	00	SRR7976357_Contig_42347_flow_14.1498_cc_38179	3727	MP_A	208.2
SRR7976357_Contig_42347_flow_14.1498_cc_38179_3	1549	1959	1	00	SRR7976357_Contig_42347_flow_14.1498_cc_38179	3727	CP_B	164.8
SRR7976357_Contig_42347_flow_14.1498_cc_38179_4	1974	3662	1	00	SRR7976357_Contig_42347_flow_14.1498_cc_38179	3727	RdRp_A	529.2
SRR7976357_Contig_62441_flow_9.54255_cc_76202_1	22	1674	-1	00	SRR7976357_Contig_62441_flow_9.54255_cc_76202	3495	RdRp_A	525.8
SRR7976357_Contig_62441_flow_9.54255_cc_76202_2	1692	2126	-1	00	SRR7976357_Contig_62441_flow_9.54255_cc_76202	3495	CP_A	121.6
SRR7976357_Contig_62441_flow_9.54255_cc_76202_3	2226	3332	-1	00	SRR7976357_Contig_62441_flow_9.54255_cc_76202	3495	MP_A	205.6
SRR7976323_Contig_427_flow_758.863_cc_2_1	46	2154	-1	00	SRR7976323_Contig_427_flow_758.863_cc_2	3758	RdRp_B	610.3
SRR7976323_Contig_427_flow_758.863_cc_2_2	2212	2574	-1	00	SRR7976323_Contig_427_flow_758.863_cc_2	3758	CP_F	147.6
SRR7976323_Contig_427_flow_758.863_cc_2_3	2613	3701	-1	00	SRR7976323_Contig_427_flow_758.863_cc_2	3758	MP_B	264.4
SRR7976323_Contig_812_flow_286.642_cc_2_1	17	1897	-1	00	SRR7976323_Contig_812_flow_286.642_cc_2	3991	RdRp_B	458.8
SRR7976323_Contig_812_flow_286.642_cc_2_2	1910	2410	-1	00	SRR7976323_Contig_812_flow_286.642_cc_2	3991	CP_E	199.4
SRR7976323_Contig_812_flow_286.642_cc_2_3	2459	3949	-1	00	SRR7976323_Contig_812_flow_286.642_cc_2	3991	MP_C	252.5
SRR7976326_Contig_23726_flow_13.4146_cc_1514_1	117	1427	1	00	SRR7976326_Contig_23726_flow_13.4146_cc_1514	4016	MP_B	226.6
SRR7976326_Contig_23726_flow_13.4146_cc_1514_2	1501	1857	1	00	SRR7976326_Contig_23726_flow_13.4146_cc_1514	4016	CP_D	130.4
SRR7976326_Contig_23726_flow_13.4146_cc_1514_3	1958	3946	1	00	SRR7976326_Contig_23726_flow_13.4146_cc_1514	4016	RdRp_B	624.5
SRR7976326_Contig_24878_flow_11.8362_cc_2671_1	19	2064	-1	00	SRR7976326_Contig_24878_flow_11.8362_cc_2671	3933	RdRp_A	396.2
SRR7976326_Contig_24878_flow_11.8362_cc_2671_2	2110	2574	-1	00	SRR7976326_Contig_24878_flow_11.8362_cc_2671	3933	CP_C	205.4
SRR7976326_Contig_24878_flow_11.8362_cc_2671_3	2606	3895	-1	00	SRR7976326_Contig_24878_flow_11.8362_cc_2671	3933	MP_A	197.3
SRR7976325_Contig_29947_flow_9.73001_cc_14932_1	57	1175	1	00	SRR7976325_Contig_29947_flow_9.73001_cc_14932	3694	MP_B	205.3
SRR7976325_Contig_29947_flow_9.73001_cc_14932_2	1238	1615	1	00	SRR7976325_Contig_29947_flow_9.73001_cc_14932	3694	CP_F	122.8
SRR7976325_Contig_29947_flow_9.73001_cc_14932_3	1684	3654	1	00	SRR7976325_Contig_29947_flow_9.73001_cc_14932	3694	RdRp_B	640.5
SRR7976325_Contig_30427_flow_18.9611_cc_15859_1	53	1999	-1	00	SRR7976325_Contig_30427_flow_18.9611_cc_15859	4310	RdRp_B	459.5
SRR7976325_Contig_30427_flow_18.9611_cc_15859_2	2021	2509	-1	00	SRR7976325_Contig_30427_flow_18.9611_cc_15859	4310	CP_E	185.5
SRR7976325_Contig_30427_flow_18.9611_cc_15859_3	2602	4053	-1	00	SRR7976325_Contig_30427_flow_18.9611_cc_15859	4310	MP_C	421.0
SRR7976325_Contig_30796_flow_10.4895_cc_16504_1	141	1358	1	00	SRR7976325_Contig_30796_flow_10.4895_cc_16504	3763	MP_A	190.8
SRR7976325_Contig_30796_flow_10.4895_cc_16504_2	1476	1883	1	00	SRR7976325_Contig_30796_flow_10.4895_cc_16504	3763	CP_A	105.0
SRR7976325_Contig_30796_flow_10.4895_cc_16504_3	1994	3697	1	00	SRR7976325_Contig_30796_flow_10.4895_cc_16504	3763	RdRp_A	491.1
SRR6960802_Contig_195_flow_978.873_cc_5_1	13	1827	-1	00	SRR6960802_Contig_195_flow_978.873_cc_5	3720	RdRp_B	589.1
SRR6960802_Contig_195_flow_978.873_cc_5_3	2006	2365	-1	00	SRR6960802_Contig_195_flow_978.873_cc_5	3720	CP_D	103.5
SRR6960802_Contig_195_flow_978.873_cc_5_4	2392	3654	-1	00	SRR6960802_Contig_195_flow_978.873_cc_5	3720	MP_B	252.8
SRR6960802_Contig_29421_flow_9.79827_cc_35183_1	117	1910	-1	00	SRR6960802_Contig_29421_flow_9.79827_cc_35183	3981	RdRp_B	625.5
SRR6960802_Contig_29421_flow_9.79827_cc_35183_2	2122	2484	-1	00	SRR6960802_Contig_29421_flow_9.79827_cc_35183	3981	CP_D	132.0
SRR6960802_Contig_29421_flow_9.79827_cc_35183_3	2588	3886	-1	00	SRR6960802_Contig_29421_flow_9.79827_cc_35183	3981	MP_B	299.2
SRR7473382_Contig_78219_flow_23.5467_cc_2626_1	129	1250	1	00	SRR7473382_Contig_78219_flow_23.5467_cc_2626	3392	MP_A	170.3
SRR7473382_Contig_78219_flow_23.5467_cc_2626_2	1258	1656	1	00	SRR7473382_Contig_78219_flow_23.5467_cc_2626	3392	CP_B	128.7
SRR7473382_Contig_78219_flow_23.5467_cc_2626_3	1701	3344	1	00	SRR7473382_Contig_78219_flow_23.5467_cc_2626	3392	RdRp_A	443.4
SRR6050738_Contig_44547_flow_363.337_cc_1257_1	95	1261	1	00	SRR6050738_Contig_44547_flow_363.337_cc_1257	3820	MP_B	311.6
SRR6050738_Contig_44547_flow_363.337_cc_1257_2	1292	1681	1	00	SRR6050738_Contig_44547_flow_363.337_cc_1257	3820	CP_F	156.3
SRR6050738_Contig_44547_flow_363.337_cc_1257_3	1763	3703	1	00	SRR6050738_Contig_44547_flow_363.337_cc_1257	3820	RdRp_B	667.9
SRR6050738_Contig_45043_flow_34.967_cc_1427_2	408	1673	1	00	SRR6050738_Contig_45043_flow_34.967_cc_1427	4039	MP_A	168.9
SRR6050738_Contig_45043_flow_34.967_cc_1427_3	1695	2045	1	00	SRR6050738_Contig_45043_flow_34.967_cc_1427	4039	CP_G	135.6
SRR6050738_Contig_45043_flow_34.967_cc_1427_5	2170	3954	1	00	SRR6050738_Contig_45043_flow_34.967_cc_1427	4039	RdRp_A	495.9
SRR6050738_Contig_49532_flow_26.8085_cc_7285_1	259	1533	1	00	SRR6050738_Contig_49532_flow_26.8085_cc_7285	3912	MP_A	228.6
SRR6050738_Contig_49532_flow_26.8085_cc_7285_2	1545	1988	1	00	SRR6050738_Contig_49532_flow_26.8085_cc_7285	3912	CP_A	92.0
SRR6050738_Contig_49532_flow_26.8085_cc_7285_3	2031	3845	1	00	SRR6050738_Contig_49532_flow_26.8085_cc_7285	3912	RdRp_A	505.1
SRR6050738_Contig_56137_flow_28.818_cc_26218_1	31	1689	-1	00	SRR6050738_Contig_56137_flow_28.818_cc_26218	3966	RdRp_A	496.2
SRR6050738_Contig_56137_flow_28.818_cc_26218_2	1835	2221	-1	00	SRR6050738_Contig_56137_flow_28.818_cc_26218	3966	CP_A	72.3
SRR6050738_Contig_56137_flow_28.818_cc_26218_3	2264	3919	-1	00	SRR6050738_Contig_56137_flow_28.818_cc_26218	3966	MP_A	217.6
SRR5208570_Contig_64288_flow_12.4393_cc_1079_1	63	1688	-1	00	SRR5208570_Contig_64288_flow_12.4393_cc_1079	3489	RdRp_A	471.0
SRR5208570_Contig_64288_flow_12.4393_cc_1079_3	1847	2233	-1	00	SRR5208570_Contig_64288_flow_12.4393_cc_1079	3489	CP_B	112.7
SRR5208570_Contig_64288_flow_12.4393_cc_1079_4	2235	3395	-1	00	SRR5208570_Contig_64288_flow_12.4393_cc_1079	3489	MP_A	145.1
SRR5208570_Contig_66939_flow_76.6449_cc_4258_1	38	1891	-1	00	SRR5208570_Contig_66939_flow_76.6449_cc_4258	3971	RdRp_A	533.2
SRR5208570_Contig_66939_flow_76.6449_cc_4258_2	1916	2281	-1	00	SRR5208570_Contig_66939_flow_76.6449_cc_4258	3971	CP_B	43.8
SRR5208570_Contig_66939_flow_76.6449_cc_4258_3	2317	3741	-1	00	SRR5208570_Contig_66939_flow_76.6449_cc_4258	3971	MP_A	261.2
SRR5208570_Contig_69035_flow_28.5729_cc_6946_1	63	1802	-1	00	SRR5208570_Contig_69035_flow_28.5729_cc_6946	3449	RdRp_A	499.8
SRR5208570_Contig_69035_flow_28.5729_cc_6946_2	1850	2245	-1	00	SRR5208570_Contig_69035_flow_28.5729_cc_6946	3449	CP_B	123.8
SRR5208570_Contig_69035_flow_28.5729_cc_6946_3	2265	3299	-1	00	SRR5208570_Contig_69035_flow_28.5729_cc_6946	3449	MP_A	174.4
SRR5208574_Contig_5816_flow_24.5317_cc_0_2	552	1886	1	00	SRR5208574_Contig_5816_flow_24.5317_cc_0	4310	MP_A	242.7
SRR5208574_Contig_5816_flow_24.5317_cc_0_3	1914	2330	1	00	SRR5208574_Contig_5816_flow_24.5317_cc_0	4310	CP_A	120.9
SRR5208574_Contig_5816_flow_24.5317_cc_0_4	2389	4227	1	00	SRR5208574_Contig_5816_flow_24.5317_cc_0	4310	RdRp_A	575.5
SRR5208575_Contig_42826_flow_33.2271_cc_1529_2	609	1904	1	00	SRR5208575_Contig_42826_flow_33.2271_cc_1529	4240	MP_A	199.3
SRR5208575_Contig_42826_flow_33.2271_cc_1529_3	1921	2271	1	00	SRR5208575_Contig_42826_flow_33.2271_cc_1529	4240	CP_G	128.6
SRR5208575_Contig_42826_flow_33.2271_cc_1529_4	2368	4200	1	00	SRR5208575_Contig_42826_flow_33.2271_cc_1529	4240	RdRp_A	507.3
SRR5467139_Contig_46778_flow_49.3382_cc_9220_1	54	2003	-1	00	SRR5467139_Contig_46778_flow_49.3382_cc_9220	4145	RdRp_A	428.4
SRR5467139_Contig_46778_flow_49.3382_cc_9220_2	2123	2476	-1	00	SRR5467139_Contig_46778_flow_49.3382_cc_9220	4145	CP_G	117.8
SRR5467139_Contig_46778_flow_49.3382_cc_9220_3	2499	3845	-1	00	SRR5467139_Contig_46778_flow_49.3382_cc_9220	4145	MP_A	171.8
SRR6050698_Contig_64085_flow_109.725_cc_9636_1	83	1771	-1	00	SRR6050698_Contig_64085_flow_109.725_cc_9636	3567	RdRp_A	489.9
SRR6050698_Contig_64085_flow_109.725_cc_9636_2	1792	2187	-1	00	SRR6050698_Contig_64085_flow_109.725_cc_9636	3567	CP_B	90.1
SRR6050698_Contig_64085_flow_109.725_cc_9636_3	2199	3395	-1	00	SRR6050698_Contig_64085_flow_109.725_cc_9636	3567	MP_A	188.1
SRR6050698_Contig_72583_flow_26.0653_cc_25002_1	67	1764	-1	00	SRR6050698_Contig_72583_flow_26.0653_cc_25002	3988	RdRp_A	508.3
SRR6050698_Contig_72583_flow_26.0653_cc_25002_2	1813	2226	-1	00	SRR6050698_Contig_72583_flow_26.0653_cc_25002	3988	CP_A	133.5
SRR6050698_Contig_72583_flow_26.0653_cc_25002_3	2250	3767	-1	00	SRR6050698_Contig_72583_flow_26.0653_cc_25002	3988	MP_A	251.2
SRR5466399_Contig_25044_flow_32.5156_cc_24282_1	68	1867	-1	00	SRR5466399_Contig_25044_flow_32.5156_cc_24282	3966	RdRp_B	565.3
SRR5466399_Contig_25044_flow_32.5156_cc_24282_3	2076	2435	-1	00	SRR5466399_Contig_25044_flow_32.5156_cc_24282	3966	CP_D	116.9
SRR5466399_Contig_25044_flow_32.5156_cc_24282_4	2493	3872	-1	00	SRR5466399_Contig_25044_flow_32.5156_cc_24282	3966	MP_B	255.8
SRR6960507_Contig_960_flow_513.927_cc_0_1	43	1869	-1	00	SRR6960507_Contig_960_flow_513.927_cc_0	3696	RdRp_A	373.2
SRR6960507_Contig_960_flow_513.927_cc_0_2	1925	2287	-1	00	SRR6960507_Contig_960_flow_513.927_cc_0	3696	CP_H	145.4
SRR6960507_Contig_960_flow_513.927_cc_0_3	2297	3631	-1	00	SRR6960507_Contig_960_flow_513.927_cc_0	3696	MP_A	140.9
SRR6960507_Contig_40959_flow_12.5999_cc_57164_1	21	1700	-1	00	SRR6960507_Contig_40959_flow_12.5999_cc_57164	3493	RdRp_A	405.1
SRR6960507_Contig_40959_flow_12.5999_cc_57164_2	1891	2223	-1	00	SRR6960507_Contig_40959_flow_12.5999_cc_57164	3493	CP_G	47.1
SRR6960507_Contig_40959_flow_12.5999_cc_57164_3	2258	3421	-1	00	SRR6960507_Contig_40959_flow_12.5999_cc_57164	3493	MP_A	149.4
SRR5466338_Contig_56479_flow_6.84616_cc_106112_1	116	2107	-1	00	SRR5466338_Contig_56479_flow_6.84616_cc_106112	4705	RdRp_B	563.5
SRR5466338_Contig_56479_flow_6.84616_cc_106112_3	2540	2908	-1	00	SRR5466338_Contig_56479_flow_6.84616_cc_106112	4705	CP_D	119.5
SRR5466338_Contig_56479_flow_6.84616_cc_106112_4	2961	4637	-1	00	SRR5466338_Contig_56479_flow_6.84616_cc_106112	4705	MP_B	286.9
SRR5466364_Contig_20257_flow_22.3001_cc_8880_1	107	1747	-1	00	SRR5466364_Contig_20257_flow_22.3001_cc_8880	4001	RdRp_A	539.3
SRR5466364_Contig_20257_flow_22.3001_cc_8880_2	1815	2294	-1	00	SRR5466364_Contig_20257_flow_22.3001_cc_8880	4001	CP_A	138.3
SRR5466364_Contig_20257_flow_22.3001_cc_8880_3	2421	3452	-1	00	SRR5466364_Contig_20257_flow_22.3001_cc_8880	4001	MP_A	249.2
SRR5466366_Contig_29677_flow_33.2729_cc_39509_1	35	1687	-1	00	SRR5466366_Contig_29677_flow_33.2729_cc_39509	3854	RdRp_A	467.5
SRR5466366_Contig_29677_flow_33.2729_cc_39509_2	2027	2431	-1	00	SRR5466366_Contig_29677_flow_33.2729_cc_39509	3854	CP_A	85.0
SRR5466366_Contig_29677_flow_33.2729_cc_39509_3	2457	3764	-1	00	SRR5466366_Contig_29677_flow_33.2729_cc_39509	3854	MP_A	226.3
SRR5466369_Contig_38096_flow_20.8604_cc_58040_1	9	1571	-1	00	SRR5466369_Contig_38096_flow_20.8604_cc_58040	3437	RdRp_A	473.3
SRR5466369_Contig_38096_flow_20.8604_cc_58040_2	1707	2105	-1	00	SRR5466369_Contig_38096_flow_20.8604_cc_58040	3437	CP_A	121.8
SRR5466369_Contig_38096_flow_20.8604_cc_58040_3	2172	3368	-1	00	SRR5466369_Contig_38096_flow_20.8604_cc_58040	3437	MP_A	207.0
SRR5466369_Contig_66784_flow_12.6268_cc_128792_1	66	1952	-1	00	SRR5466369_Contig_66784_flow_12.6268_cc_128792	3725	RdRp_B	665.6
SRR5466369_Contig_66784_flow_12.6268_cc_128792_2	2065	2427	-1	00	SRR5466369_Contig_66784_flow_12.6268_cc_128792	3725	CP_F	140.3
SRR5466369_Contig_66784_flow_12.6268_cc_128792_3	2444	3661	-1	00	SRR5466369_Contig_66784_flow_12.6268_cc_128792	3725	MP_B	246.5
SRR5466337_Contig_14180_flow_12.143_cc_4223_1	123	1487	1	00	SRR5466337_Contig_14180_flow_12.143_cc_4223	4076	MP_B	255.0
SRR5466337_Contig_14180_flow_12.143_cc_4223_2	1558	1926	1	00	SRR5466337_Contig_14180_flow_12.143_cc_4223	4076	CP_D	129.4
SRR5466337_Contig_14180_flow_12.143_cc_4223_3	2045	3925	1	00	SRR5466337_Contig_14180_flow_12.143_cc_4223	4076	RdRp_B	635.8
SRR5466725_Contig_621_flow_459.667_cc_18_1	18	1898	-1	00	SRR5466725_Contig_621_flow_459.667_cc_18	3986	RdRp_B	463.6
SRR5466725_Contig_621_flow_459.667_cc_18_2	1911	2411	-1	00	SRR5466725_Contig_621_flow_459.667_cc_18	3986	CP_E	202.5
SRR5466725_Contig_621_flow_459.667_cc_18_3	2460	3956	-1	00	SRR5466725_Contig_621_flow_459.667_cc_18	3986	MP_C	254.1
SRR5466725_Contig_20715_flow_69.2444_cc_14841_1	26	1765	-1	00	SRR5466725_Contig_20715_flow_69.2444_cc_14841	3415	RdRp_A	496.2
SRR5466725_Contig_20715_flow_69.2444_cc_14841_2	1814	2209	-1	00	SRR5466725_Contig_20715_flow_69.2444_cc_14841	3415	CP_B	120.1
SRR5466725_Contig_20715_flow_69.2444_cc_14841_3	2229	3263	-1	00	SRR5466725_Contig_20715_flow_69.2444_cc_14841	3415	MP_A	176.0
SRR5466725_Contig_20959_flow_94.8114_cc_15053_2	100	1911	-1	00	SRR5466725_Contig_20959_flow_94.8114_cc_15053	4359	RdRp_B	506.6
SRR5466725_Contig_20959_flow_94.8114_cc_15053_3	2007	2510	-1	00	SRR5466725_Contig_20959_flow_94.8114_cc_15053	4359	CP_E	205.4
SRR5466725_Contig_20959_flow_94.8114_cc_15053_4	2547	4037	-1	00	SRR5466725_Contig_20959_flow_94.8114_cc_15053	4359	MP_C	409.2
SRR5466725_Contig_27483_flow_67.0361_cc_22540_1	87	1799	-1	00	SRR5466725_Contig_27483_flow_67.0361_cc_22540	4228	RdRp_A	387.9
SRR5466725_Contig_27483_flow_67.0361_cc_22540_2	1837	2304	-1	00	SRR5466725_Contig_27483_flow_67.0361_cc_22540	4228	CP_C	222.1
SRR5466725_Contig_27483_flow_67.0361_cc_22540_3	2301	3578	-1	00	SRR5466725_Contig_27483_flow_67.0361_cc_22540	4228	MP_A	190.1
SRR5466725_Contig_46827_flow_11.5645_cc_53936_1	40	1878	-1	00	SRR5466725_Contig_46827_flow_11.5645_cc_53936	3651	RdRp_B	620.7
SRR5466725_Contig_46827_flow_11.5645_cc_53936_2	1953	2306	-1	00	SRR5466725_Contig_46827_flow_11.5645_cc_53936	3651	CP_D	139.2
SRR5466725_Contig_46827_flow_11.5645_cc_53936_3	2366	3604	-1	00	SRR5466725_Contig_46827_flow_11.5645_cc_53936	3651	MP_B	326.9
SRR5466725_Contig_49595_flow_19.8537_cc_59378_1	89	1741	1	00	SRR5466725_Contig_49595_flow_19.8537_cc_59378	4333	MP_B	280.3
SRR5466725_Contig_49595_flow_19.8537_cc_59378_2	1785	2150	1	00	SRR5466725_Contig_49595_flow_19.8537_cc_59378	4333	CP_D	116.0
SRR5466725_Contig_49595_flow_19.8537_cc_59378_4	2349	4259	1	00	SRR5466725_Contig_49595_flow_19.8537_cc_59378	4333	RdRp_B	557.4
SRR5466725_Contig_76382_flow_24.1241_cc_127573_1	3	1700	-1	00	SRR5466725_Contig_76382_flow_24.1241_cc_127573	3421	RdRp_A	561.4
SRR5466725_Contig_76382_flow_24.1241_cc_127573_2	1722	2123	-1	00	SRR5466725_Contig_76382_flow_24.1241_cc_127573	3421	CP_B	149.8
SRR5466725_Contig_76382_flow_24.1241_cc_127573_3	2178	3263	-1	00	SRR5466725_Contig_76382_flow_24.1241_cc_127573	3421	MP_A	188.1
SRR5466727_Contig_292_flow_1149.32_cc_10_1	65	1804	-1	00	SRR5466727_Contig_292_flow_1149.32_cc_10	3641	RdRp_A	524.5
SRR5466727_Contig_292_flow_1149.32_cc_10_2	1882	2286	-1	00	SRR5466727_Contig_292_flow_1149.32_cc_10	3641	CP_B	156.3
SRR5466727_Contig_292_flow_1149.32_cc_10_3	2307	3455	-1	00	SRR5466727_Contig_292_flow_1149.32_cc_10	3641	MP_A	222.6
SRR5466727_Contig_335_flow_1252.5_cc_10_1	58	1854	-1	00	SRR5466727_Contig_335_flow_1252.5_cc_10	4342	RdRp_B	573.8
SRR5466727_Contig_335_flow_1252.5_cc_10_3	2051	2425	-1	00	SRR5466727_Contig_335_flow_1252.5_cc_10	4342	CP_D	94.1
SRR5466727_Contig_335_flow_1252.5_cc_10_4	2493	4277	-1	00	SRR5466727_Contig_335_flow_1252.5_cc_10	4342	MP_B	304.9
SRR5466727_Contig_590_flow_415.963_cc_10_1	39	1613	-1	00	SRR5466727_Contig_590_flow_415.963_cc_10	3404	RdRp_A	521.3
SRR5466727_Contig_590_flow_415.963_cc_10_2	1737	2135	-1	00	SRR5466727_Contig_590_flow_415.963_cc_10	3404	CP_A	118.4
SRR5466727_Contig_590_flow_415.963_cc_10_3	2151	3344	-1	00	SRR5466727_Contig_590_flow_415.963_cc_10	3404	MP_A	204.7
SRR5466727_Contig_601_flow_714.879_cc_10_1	62	1867	-1	00	SRR5466727_Contig_601_flow_714.879_cc_10	3779	RdRp_B	581.4
SRR5466727_Contig_601_flow_714.879_cc_10_2	1915	2277	-1	00	SRR5466727_Contig_601_flow_714.879_cc_10	3779	CP_D	135.8
SRR5466727_Contig_601_flow_714.879_cc_10_3	2355	3710	-1	00	SRR5466727_Contig_601_flow_714.879_cc_10	3779	MP_B	266.6
SRR5466727_Contig_711_flow_1550.38_cc_10_1	65	1666	-1	00	SRR5466727_Contig_711_flow_1550.38_cc_10	3717	RdRp_A	493.2
SRR5466727_Contig_711_flow_1550.38_cc_10_2	1709	2104	-1	00	SRR5466727_Contig_711_flow_1550.38_cc_10	3717	CP_A	117.5
SRR5466727_Contig_711_flow_1550.38_cc_10_3	2114	3358	-1	00	SRR5466727_Contig_711_flow_1550.38_cc_10	3717	MP_A	190.7
SRR5466727_Contig_762_flow_746.157_cc_10_1	125	2134	-1	00	SRR5466727_Contig_762_flow_746.157_cc_10	4729	RdRp_B	580.6
SRR5466727_Contig_762_flow_746.157_cc_10_3	2567	2935	-1	00	SRR5466727_Contig_762_flow_746.157_cc_10	4729	CP_D	121.2
SRR5466727_Contig_762_flow_746.157_cc_10_4	2991	4667	-1	00	SRR5466727_Contig_762_flow_746.157_cc_10	4729	MP_B	273.8
SRR5466727_Contig_11174_flow_109.937_cc_3481_1	55	1872	-1	00	SRR5466727_Contig_11174_flow_109.937_cc_3481	3793	RdRp_A	450.8
SRR5466727_Contig_11174_flow_109.937_cc_3481_2	1986	2342	-1	00	SRR5466727_Contig_11174_flow_109.937_cc_3481	3793	CP_G	145.8
SRR5466727_Contig_11174_flow_109.937_cc_3481_3	2339	3694	-1	00	SRR5466727_Contig_11174_flow_109.937_cc_3481	3793	MP_A	169.6
SRR5466727_Contig_12178_flow_16.2623_cc_4663_1	49	1593	1	00	SRR5466727_Contig_12178_flow_16.2623_cc_4663	3958	MP_C	440.8
SRR5466727_Contig_12178_flow_16.2623_cc_4663_2	1629	2111	1	00	SRR5466727_Contig_12178_flow_16.2623_cc_4663	3958	CP_E	209.5
SRR5466727_Contig_12178_flow_16.2623_cc_4663_3	2142	3929	1	00	SRR5466727_Contig_12178_flow_16.2623_cc_4663	3958	RdRp_B	415.0
SRR5466727_Contig_14957_flow_19.4836_cc_7615_1	57	1688	-1	00	SRR5466727_Contig_14957_flow_19.4836_cc_7615	3740	RdRp_A	457.5
SRR5466727_Contig_14957_flow_19.4836_cc_7615_3	2029	2403	-1	00	SRR5466727_Contig_14957_flow_19.4836_cc_7615	3740	CP_H	129.8
SRR5466727_Contig_14957_flow_19.4836_cc_7615_4	2438	3652	-1	00	SRR5466727_Contig_14957_flow_19.4836_cc_7615	3740	MP_A	176.4
SRR5466727_Contig_15566_flow_42.6319_cc_8189_1	124	1467	1	00	SRR5466727_Contig_15566_flow_42.6319_cc_8189	3873	MP_A	224.3
SRR5466727_Contig_15566_flow_42.6319_cc_8189_2	1482	1886	1	00	SRR5466727_Contig_15566_flow_42.6319_cc_8189	3873	CP_A	113.5
SRR5466727_Contig_15566_flow_42.6319_cc_8189_3	2081	3772	1	00	SRR5466727_Contig_15566_flow_42.6319_cc_8189	3873	RdRp_A	465.1
SRR5466727_Contig_18069_flow_200.651_cc_11251_1	36	1823	-1	00	SRR5466727_Contig_18069_flow_200.651_cc_11251	3744	RdRp_B	575.3
SRR5466727_Contig_18069_flow_200.651_cc_11251_2	2008	2358	-1	00	SRR5466727_Contig_18069_flow_200.651_cc_11251	3744	CP_D	147.6
SRR5466727_Contig_18069_flow_200.651_cc_11251_3	2447	3667	-1	00	SRR5466727_Contig_18069_flow_200.651_cc_11251	3744	MP_B	275.1
SRR5466727_Contig_21460_flow_12.1513_cc_16077_1	233	1510	1	00	SRR5466727_Contig_21460_flow_12.1513_cc_16077	4046	MP_A	151.8
SRR5466727_Contig_21460_flow_12.1513_cc_16077_2	1537	1923	1	00	SRR5466727_Contig_21460_flow_12.1513_cc_16077	4046	CP_A	76.8
SRR5466727_Contig_21460_flow_12.1513_cc_16077_3	2039	3970	1	00	SRR5466727_Contig_21460_flow_12.1513_cc_16077	4046	RdRp_A	448.8
SRR5466727_Contig_45142_flow_15.7242_cc_59877_1	68	1465	1	00	SRR5466727_Contig_45142_flow_15.7242_cc_59877	3843	MP_B	290.9
SRR5466727_Contig_45142_flow_15.7242_cc_59877_2	1513	1875	1	00	SRR5466727_Contig_45142_flow_15.7242_cc_59877	3843	CP_D	145.6
SRR5466727_Contig_45142_flow_15.7242_cc_59877_4	2041	3813	1	00	SRR5466727_Contig_45142_flow_15.7242_cc_59877	3843	RdRp_B	540.7
SRR5467091_Contig_1573_flow_1344.42_cc_0_1	28	1881	-1	00	SRR5467091_Contig_1573_flow_1344.42_cc_0	3706	RdRp_B	594.1
SRR5467091_Contig_1573_flow_1344.42_cc_0_3	1993	2349	-1	00	SRR5467091_Contig_1573_flow_1344.42_cc_0	3706	CP_F	143.5
SRR5467091_Contig_1573_flow_1344.42_cc_0_4	2373	3626	-1	00	SRR5467091_Contig_1573_flow_1344.42_cc_0	3706	MP_B	305.0
SRR5467091_Contig_3387_flow_710.03_cc_0_1	11	1741	-1	00	SRR5467091_Contig_3387_flow_710.03_cc_0	3478	RdRp_A	560.5
SRR5467091_Contig_3387_flow_710.03_cc_0_2	1829	2212	-1	00	SRR5467091_Contig_3387_flow_710.03_cc_0	3478	CP_H	140.7
SRR5467091_Contig_3387_flow_710.03_cc_0_3	2226	3428	-1	00	SRR5467091_Contig_3387_flow_710.03_cc_0	3478	MP_A	245.1
SRR5467091_Contig_9358_flow_20.7811_cc_903_1	327	1679	1	00	SRR5467091_Contig_9358_flow_20.7811_cc_903	4002	MP_A	154.1
SRR5467091_Contig_9358_flow_20.7811_cc_903_2	1702	2073	1	00	SRR5467091_Contig_9358_flow_20.7811_cc_903	4002	CP_H	135.6
SRR5467091_Contig_9358_flow_20.7811_cc_903_3	2112	3923	1	00	SRR5467091_Contig_9358_flow_20.7811_cc_903	4002	RdRp_A	468.5
SRR5467091_Contig_30635_flow_15.321_cc_32603_1	71	1756	1	00	SRR5467091_Contig_30635_flow_15.321_cc_32603	4272	MP_B	157.5
SRR5467091_Contig_30635_flow_15.321_cc_32603_2	1802	2164	1	00	SRR5467091_Contig_30635_flow_15.321_cc_32603	4272	CP_D	115.7
SRR5467091_Contig_30635_flow_15.321_cc_32603_3	2340	4229	1	00	SRR5467091_Contig_30635_flow_15.321_cc_32603	4272	RdRp_B	549.6
SRR5467091_Contig_38390_flow_36.9605_cc_45611_1	53	1876	-1	00	SRR5467091_Contig_38390_flow_36.9605_cc_45611	4235	RdRp_A	461.0
SRR5467091_Contig_38390_flow_36.9605_cc_45611_2	1952	2386	-1	00	SRR5467091_Contig_38390_flow_36.9605_cc_45611	4235	CP_A	126.5
SRR5467091_Contig_38390_flow_36.9605_cc_45611_3	2409	3656	-1	00	SRR5467091_Contig_38390_flow_36.9605_cc_45611	4235	MP_A	201.6
SRR6253161_Contig_43319_flow_42.7654_cc_38360_1	18	1790	-1	00	SRR6253161_Contig_43319_flow_42.7654_cc_38360	3609	RdRp_A	337.9
SRR6253161_Contig_43319_flow_42.7654_cc_38360_2	1826	2284	-1	00	SRR6253161_Contig_43319_flow_42.7654_cc_38360	3609	CP_C	177.4
SRR6253161_Contig_43319_flow_42.7654_cc_38360_3	2306	3559	-1	00	SRR6253161_Contig_43319_flow_42.7654_cc_38360	3609	MP_A	134.0
SRR6254893_Contig_10804_flow_10.6941_cc_4348_1	66	1937	-1	00	SRR6254893_Contig_10804_flow_10.6941_cc_4348	4076	RdRp_A	535.5
SRR6254893_Contig_10804_flow_10.6941_cc_4348_2	2041	2493	-1	00	SRR6254893_Contig_10804_flow_10.6941_cc_4348	4076	CP_H	113.7
SRR6254893_Contig_10804_flow_10.6941_cc_4348_3	2456	3760	-1	00	SRR6254893_Contig_10804_flow_10.6941_cc_4348	4076	MP_A	229.6
SRR6255521_Contig_12420_flow_62.6365_cc_9633_2	74	1711	-1	00	SRR6255521_Contig_12420_flow_62.6365_cc_9633	3340	RdRp_A	519.9
SRR6255521_Contig_12420_flow_62.6365_cc_9633_3	1721	2125	-1	00	SRR6255521_Contig_12420_flow_62.6365_cc_9633	3340	CP_B	165.5
SRR6255521_Contig_12420_flow_62.6365_cc_9633_4	2151	3173	-1	00	SRR6255521_Contig_12420_flow_62.6365_cc_9633	3340	MP_A	234.4
SRR6255521_Contig_21550_flow_18.1775_cc_27012_1	11	1885	-1	00	SRR6255521_Contig_21550_flow_18.1775_cc_27012	4253	RdRp_A	509.1
SRR6255521_Contig_21550_flow_18.1775_cc_27012_2	1907	2362	-1	00	SRR6255521_Contig_21550_flow_18.1775_cc_27012	4253	CP_A	127.2
SRR6255521_Contig_21550_flow_18.1775_cc_27012_3	2423	3769	-1	00	SRR6255521_Contig_21550_flow_18.1775_cc_27012	4253	MP_A	196.7
SRR6255746_Contig_6173_flow_43.9739_cc_671_1	75	1718	-1	00	SRR6255746_Contig_6173_flow_43.9739_cc_671	3580	RdRp_A	490.5
SRR6255746_Contig_6173_flow_43.9739_cc_671_2	1851	2243	-1	00	SRR6255746_Contig_6173_flow_43.9739_cc_671	3580	CP_A	72.1
SRR6255746_Contig_6173_flow_43.9739_cc_671_3	2296	3438	-1	00	SRR6255746_Contig_6173_flow_43.9739_cc_671	3580	MP_A	193.2
SRR6255746_Contig_13079_flow_20.3298_cc_7760_1	59	1735	-1	00	SRR6255746_Contig_13079_flow_20.3298_cc_7760	3891	RdRp_A	526.8
SRR6255746_Contig_13079_flow_20.3298_cc_7760_2	2039	2431	-1	00	SRR6255746_Contig_13079_flow_20.3298_cc_7760	3891	CP_A	94.0
SRR6255746_Contig_13079_flow_20.3298_cc_7760_3	2511	3740	-1	00	SRR6255746_Contig_13079_flow_20.3298_cc_7760	3891	MP_A	203.2
SRR6255746_Contig_16802_flow_10.6028_cc_12549_1	102	1763	-1	00	SRR6255746_Contig_16802_flow_10.6028_cc_12549	4120	RdRp_A	529.4
SRR6255746_Contig_16802_flow_10.6028_cc_12549_2	1839	2219	-1	00	SRR6255746_Contig_16802_flow_10.6028_cc_12549	4120	CP_A	72.1
SRR6255746_Contig_16802_flow_10.6028_cc_12549_3	2224	3672	-1	00	SRR6255746_Contig_16802_flow_10.6028_cc_12549	4120	MP_A	244.3
SRR6255746_Contig_19271_flow_57.2813_cc_15836_1	3	1988	-1	00	SRR6255746_Contig_19271_flow_57.2813_cc_15836	3789	RdRp_B	694.7
SRR6255746_Contig_19271_flow_57.2813_cc_15836_2	2117	2494	-1	00	SRR6255746_Contig_19271_flow_57.2813_cc_15836	3789	CP_F	119.3
SRR6255746_Contig_19271_flow_57.2813_cc_15836_3	2522	3721	-1	00	SRR6255746_Contig_19271_flow_57.2813_cc_15836	3789	MP_B	301.0
SRR6255746_Contig_19573_flow_18.0348_cc_16289_1	66	1808	1	00	SRR6255746_Contig_19573_flow_18.0348_cc_16289	4373	MP_B	197.6
SRR6255746_Contig_19573_flow_18.0348_cc_16289_2	1839	2213	1	00	SRR6255746_Contig_19573_flow_18.0348_cc_16289	4373	CP_D	113.9
SRR6255746_Contig_19573_flow_18.0348_cc_16289_4	2503	2907	1	00	SRR6255746_Contig_19573_flow_18.0348_cc_16289	4373	RdRp_B	71.9
SRR6255746_Contig_19573_flow_18.0348_cc_16289_5	2954	4315	1	00	SRR6255746_Contig_19573_flow_18.0348_cc_16289	4373	RdRp_B	455.7
SRR6255746_Contig_22366_flow_18.4767_cc_20317_1	103	1887	-1	00	SRR6255746_Contig_22366_flow_18.4767_cc_20317	4041	RdRp_B	541.4
SRR6255746_Contig_22366_flow_18.4767_cc_20317_2	2024	2395	-1	00	SRR6255746_Contig_22366_flow_18.4767_cc_20317	4041	CP_D	90.2
SRR6255746_Contig_22366_flow_18.4767_cc_20317_3	2438	3970	-1	00	SRR6255746_Contig_22366_flow_18.4767_cc_20317	4041	MP_B	143.4
SRR6255746_Contig_33820_flow_14.7093_cc_40582_1	8	1921	-1	00	SRR6255746_Contig_33820_flow_14.7093_cc_40582	3948	RdRp_A	502.8
SRR6255746_Contig_33820_flow_14.7093_cc_40582_2	2042	2434	-1	00	SRR6255746_Contig_33820_flow_14.7093_cc_40582	3948	CP_A	33.9
SRR6255746_Contig_33820_flow_14.7093_cc_40582_3	2489	3859	-1	00	SRR6255746_Contig_33820_flow_14.7093_cc_40582	3948	MP_A	161.9
SRR6255746_Contig_59176_flow_15.5206_cc_102227_1	54	1760	-1	00	SRR6255746_Contig_59176_flow_15.5206_cc_102227	3701	RdRp_A	477.5
SRR6255746_Contig_59176_flow_15.5206_cc_102227_3	1922	2323	-1	00	SRR6255746_Contig_59176_flow_15.5206_cc_102227	3701	CP_A	114.3
SRR6255746_Contig_59176_flow_15.5206_cc_102227_4	2336	3574	-1	00	SRR6255746_Contig_59176_flow_15.5206_cc_102227	3701	MP_A	239.5
SRR6960509_Contig_914_flow_411.9_cc_11_1	46	1983	-1	00	SRR6960509_Contig_914_flow_411.9_cc_11	3763	RdRp_B	677.2
SRR6960509_Contig_914_flow_411.9_cc_11_2	2118	2486	-1	00	SRR6960509_Contig_914_flow_411.9_cc_11	3763	CP_F	144.7
SRR6960509_Contig_914_flow_411.9_cc_11_3	2522	3664	-1	00	SRR6960509_Contig_914_flow_411.9_cc_11	3763	MP_B	312.7
SRR6960509_Contig_28978_flow_32.347_cc_12517_1	55	1878	-1	00	SRR6960509_Contig_28978_flow_32.347_cc_12517	3710	RdRp_A	411.0
SRR6960509_Contig_28978_flow_32.347_cc_12517_2	1928	2392	-1	00	SRR6960509_Contig_28978_flow_32.347_cc_12517	3710	CP_C	220.3
SRR6960509_Contig_28978_flow_32.347_cc_12517_3	2417	3658	-1	00	SRR6960509_Contig_28978_flow_32.347_cc_12517	3710	MP_A	204.6
SRR6960509_Contig_34052_flow_24.1746_cc_18816_1	59	1735	-1	00	SRR6960509_Contig_34052_flow_24.1746_cc_18816	3894	RdRp_A	522.7
SRR6960509_Contig_34052_flow_24.1746_cc_18816_2	2039	2431	-1	00	SRR6960509_Contig_34052_flow_24.1746_cc_18816	3894	CP_A	91.3
SRR6960509_Contig_34052_flow_24.1746_cc_18816_3	2511	3740	-1	00	SRR6960509_Contig_34052_flow_24.1746_cc_18816	3894	MP_A	203.7
SRR6960509_Contig_52585_flow_23.6237_cc_42383_1	44	1711	-1	00	SRR6960509_Contig_52585_flow_23.6237_cc_42383	3961	RdRp_A	441.5
SRR6960509_Contig_52585_flow_23.6237_cc_42383_2	1865	2332	-1	00	SRR6960509_Contig_52585_flow_23.6237_cc_42383	3961	CP_C	221.9
SRR6960509_Contig_52585_flow_23.6237_cc_42383_3	2344	3603	-1	00	SRR6960509_Contig_52585_flow_23.6237_cc_42383	3961	MP_A	193.0
SRR6960540_Contig_5964_flow_7.59681_cc_9026_1	21	1964	-1	00	SRR6960540_Contig_5964_flow_7.59681_cc_9026	4020	RdRp_A	426.9
SRR6960540_Contig_5964_flow_7.59681_cc_9026_2	2061	2426	-1	00	SRR6960540_Contig_5964_flow_7.59681_cc_9026	4020	CP_G	130.6
SRR6960540_Contig_5964_flow_7.59681_cc_9026_3	2459	3841	-1	00	SRR6960540_Contig_5964_flow_7.59681_cc_9026	4020	MP_A	161.9
SRR6960549_Contig_5941_flow_6.56018_cc_872_2	36	1922	-1	00	SRR6960549_Contig_5941_flow_6.56018_cc_872	3689	RdRp_B	666.7
SRR6960549_Contig_5941_flow_6.56018_cc_872_3	2035	2397	-1	00	SRR6960549_Contig_5941_flow_6.56018_cc_872	3689	CP_F	141.1
SRR6960549_Contig_5941_flow_6.56018_cc_872_4	2415	3632	-1	00	SRR6960549_Contig_5941_flow_6.56018_cc_872	3689	MP_B	251.0
SRR6960549_Contig_7938_flow_12.334_cc_5247_1	82	1995	-1	00	SRR6960549_Contig_7938_flow_12.334_cc_5247	4031	RdRp_A	426.6
SRR6960549_Contig_7938_flow_12.334_cc_5247_2	2132	2488	-1	00	SRR6960549_Contig_7938_flow_12.334_cc_5247	4031	CP_G	138.1
SRR6960549_Contig_7938_flow_12.334_cc_5247_3	2500	3870	-1	00	SRR6960549_Contig_7938_flow_12.334_cc_5247	4031	MP_A	141.7
SRR6960550_Contig_6123_flow_91.6773_cc_689_1	102	2045	-1	00	SRR6960550_Contig_6123_flow_91.6773_cc_689	3818	RdRp_B	632.7
SRR6960550_Contig_6123_flow_91.6773_cc_689_2	2194	2556	-1	00	SRR6960550_Contig_6123_flow_91.6773_cc_689	3818	CP_F	142.7
SRR6960550_Contig_6123_flow_91.6773_cc_689_3	2582	3745	-1	00	SRR6960550_Contig_6123_flow_91.6773_cc_689	3818	MP_B	248.6
SRR6960551_Contig_1584_flow_333.304_cc_4_1	27	1871	-1	00	SRR6960551_Contig_1584_flow_333.304_cc_4	3615	RdRp_A	514.4
SRR6960551_Contig_1584_flow_333.304_cc_4_2	1891	2301	-1	00	SRR6960551_Contig_1584_flow_333.304_cc_4	3615	CP_A	96.1
SRR6960551_Contig_1584_flow_333.304_cc_4_3	2282	3538	-1	00	SRR6960551_Contig_1584_flow_333.304_cc_4	3615	MP_A	206.0
SRR6960551_Contig_3247_flow_271.264_cc_4_1	33	1673	-1	00	SRR6960551_Contig_3247_flow_271.264_cc_4	3391	RdRp_A	507.0
SRR6960551_Contig_3247_flow_271.264_cc_4_2	1690	2085	-1	00	SRR6960551_Contig_3247_flow_271.264_cc_4	3391	CP_B	151.3
SRR6960551_Contig_3247_flow_271.264_cc_4_3	2101	3288	-1	00	SRR6960551_Contig_3247_flow_271.264_cc_4	3391	MP_A	259.1
SRR6960551_Contig_4462_flow_931.254_cc_4_1	109	1740	-1	00	SRR6960551_Contig_4462_flow_931.254_cc_4	3668	RdRp_A	536.1
SRR6960551_Contig_4462_flow_931.254_cc_4_2	1802	2281	-1	00	SRR6960551_Contig_4462_flow_931.254_cc_4	3668	CP_A	138.2
SRR6960551_Contig_4462_flow_931.254_cc_4_3	2345	3400	-1	00	SRR6960551_Contig_4462_flow_931.254_cc_4	3668	MP_A	235.7
SRR6960551_Contig_41441_flow_24.4798_cc_7650_1	30	1742	-1	00	SRR6960551_Contig_41441_flow_24.4798_cc_7650	3482	RdRp_A	452.5
SRR6960551_Contig_41441_flow_24.4798_cc_7650_2	1767	2192	-1	00	SRR6960551_Contig_41441_flow_24.4798_cc_7650	3482	CP_A	134.9
SRR6960551_Contig_41441_flow_24.4798_cc_7650_3	2219	3403	-1	00	SRR6960551_Contig_41441_flow_24.4798_cc_7650	3482	MP_A	233.3
SRR6960551_Contig_54720_flow_40.6655_cc_28388_1	46	1788	-1	00	SRR6960551_Contig_54720_flow_40.6655_cc_28388	3589	RdRp_A	494.1
SRR6960551_Contig_54720_flow_40.6655_cc_28388_2	1828	2241	-1	00	SRR6960551_Contig_54720_flow_40.6655_cc_28388	3589	CP_A	126.0
SRR6960551_Contig_54720_flow_40.6655_cc_28388_3	2258	3418	-1	00	SRR6960551_Contig_54720_flow_40.6655_cc_28388	3589	MP_A	214.0
SRR6960551_Contig_69902_flow_10.9239_cc_59657_1	54	1151	1	00	SRR6960551_Contig_69902_flow_10.9239_cc_59657	3191	MP_A	182.0
SRR6960551_Contig_69902_flow_10.9239_cc_59657_2	1164	1550	1	00	SRR6960551_Contig_69902_flow_10.9239_cc_59657	3191	CP_A	77.3
SRR6960551_Contig_69902_flow_10.9239_cc_59657_3	1587	3179	1	00	SRR6960551_Contig_69902_flow_10.9239_cc_59657	3191	RdRp_A	368.2
SRR6960551_Contig_70262_flow_14.8057_cc_60293_1	49	1752	-1	00	SRR6960551_Contig_70262_flow_14.8057_cc_60293	3510	RdRp_A	533.4
SRR6960551_Contig_70262_flow_14.8057_cc_60293_2	1772	2203	-1	00	SRR6960551_Contig_70262_flow_14.8057_cc_60293	3510	CP_A	110.9
SRR6960551_Contig_70262_flow_14.8057_cc_60293_3	2235	3380	-1	00	SRR6960551_Contig_70262_flow_14.8057_cc_60293	3510	MP_A	198.6
SRR6960797_Contig_1591_flow_266.128_cc_7_1	13	1620	-1	00	SRR6960797_Contig_1591_flow_266.128_cc_7	3499	RdRp_A	420.0
SRR6960797_Contig_1591_flow_266.128_cc_7_2	1654	2121	-1	00	SRR6960797_Contig_1591_flow_266.128_cc_7	3499	CP_C	226.7
SRR6960797_Contig_1591_flow_266.128_cc_7_3	2135	3400	-1	00	SRR6960797_Contig_1591_flow_266.128_cc_7	3499	MP_A	125.8
SRR6960797_Contig_1678_flow_351.862_cc_7_1	45	1736	-1	00	SRR6960797_Contig_1678_flow_351.862_cc_7	3983	RdRp_A	515.1
SRR6960797_Contig_1678_flow_351.862_cc_7_2	1806	2285	-1	00	SRR6960797_Contig_1678_flow_351.862_cc_7	3983	CP_A	128.8
SRR6960797_Contig_1678_flow_351.862_cc_7_3	2395	3447	-1	00	SRR6960797_Contig_1678_flow_351.862_cc_7	3983	MP_A	249.2
SRR6960797_Contig_3427_flow_333.724_cc_7_1	4	2022	-1	00	SRR6960797_Contig_3427_flow_333.724_cc_7	4130	RdRp_A	461.9
SRR6960797_Contig_3427_flow_333.724_cc_7_2	2144	2500	-1	00	SRR6960797_Contig_3427_flow_333.724_cc_7	4130	CP_G	138.6
SRR6960797_Contig_3427_flow_333.724_cc_7_3	2535	3923	-1	00	SRR6960797_Contig_3427_flow_333.724_cc_7	4130	MP_A	174.2
SRR6960797_Contig_27801_flow_88.7755_cc_1100_1	41	1789	-1	00	SRR6960797_Contig_27801_flow_88.7755_cc_1100	3430	RdRp_A	512.8
SRR6960797_Contig_27801_flow_88.7755_cc_1100_2	1802	2194	-1	00	SRR6960797_Contig_27801_flow_88.7755_cc_1100	3430	CP_B	185.2
SRR6960797_Contig_27801_flow_88.7755_cc_1100_3	2212	3330	-1	00	SRR6960797_Contig_27801_flow_88.7755_cc_1100	3430	MP_A	193.8
SRR6960797_Contig_29344_flow_112.949_cc_1646_1	255	1604	1	00	SRR6960797_Contig_29344_flow_112.949_cc_1646	4185	MP_A	194.0
SRR6960797_Contig_29344_flow_112.949_cc_1646_2	1636	1995	1	00	SRR6960797_Contig_29344_flow_112.949_cc_1646	4185	CP_G	133.9
SRR6960797_Contig_29344_flow_112.949_cc_1646_3	2126	4036	1	00	SRR6960797_Contig_29344_flow_112.949_cc_1646	4185	RdRp_A	432.1
SRR6960797_Contig_32509_flow_20.4842_cc_2737_1	74	1384	1	00	SRR6960797_Contig_32509_flow_20.4842_cc_2737	3824	MP_B	255.7
SRR6960797_Contig_32509_flow_20.4842_cc_2737_2	1452	1817	1	00	SRR6960797_Contig_32509_flow_20.4842_cc_2737	3824	CP_D	131.7
SRR6960797_Contig_32509_flow_20.4842_cc_2737_3	1926	3722	1	00	SRR6960797_Contig_32509_flow_20.4842_cc_2737	3824	RdRp_B	609.4
SRR6960797_Contig_37671_flow_19.7559_cc_5084_1	50	1285	1	00	SRR6960797_Contig_37671_flow_19.7559_cc_5084	3637	MP_A	127.9
SRR6960797_Contig_37671_flow_19.7559_cc_5084_2	1314	1739	1	00	SRR6960797_Contig_37671_flow_19.7559_cc_5084	3637	CP_A	110.1
SRR6960797_Contig_37671_flow_19.7559_cc_5084_3	1845	3587	1	00	SRR6960797_Contig_37671_flow_19.7559_cc_5084	3637	RdRp_A	506.1
SRR6960797_Contig_43910_flow_22.5187_cc_9039_1	51	1727	-1	00	SRR6960797_Contig_43910_flow_22.5187_cc_9039	3885	RdRp_A	521.2
SRR6960797_Contig_43910_flow_22.5187_cc_9039_2	2031	2423	-1	00	SRR6960797_Contig_43910_flow_22.5187_cc_9039	3885	CP_A	91.3
SRR6960797_Contig_43910_flow_22.5187_cc_9039_3	2503	3732	-1	00	SRR6960797_Contig_43910_flow_22.5187_cc_9039	3885	MP_A	205.9
SRR6960797_Contig_48008_flow_49.5806_cc_12298_1	78	1250	1	00	SRR6960797_Contig_48008_flow_49.5806_cc_12298	3512	MP_A	194.3
SRR6960797_Contig_48008_flow_49.5806_cc_12298_2	1288	1725	1	00	SRR6960797_Contig_48008_flow_49.5806_cc_12298	3512	CP_A	137.6
SRR6960797_Contig_48008_flow_49.5806_cc_12298_3	1737	3455	1	00	SRR6960797_Contig_48008_flow_49.5806_cc_12298	3512	RdRp_A	519.7
SRR7976299_Contig_291_flow_509.069_cc_0_1	2	1834	-1	00	SRR7976299_Contig_291_flow_509.069_cc_0	3717	RdRp_A	367.8
SRR7976299_Contig_291_flow_509.069_cc_0_2	1892	2359	-1	00	SRR7976299_Contig_291_flow_509.069_cc_0	3717	CP_C	204.6
SRR7976299_Contig_291_flow_509.069_cc_0_3	2411	3664	-1	00	SRR7976299_Contig_291_flow_509.069_cc_0	3717	MP_A	151.0
SRR7976300_Contig_26435_flow_11.6168_cc_18884_1	64	1239	1	00	SRR7976300_Contig_26435_flow_11.6168_cc_18884	3394	MP_A	194.1
SRR7976300_Contig_26435_flow_11.6168_cc_18884_2	1256	1615	1	00	SRR7976300_Contig_26435_flow_11.6168_cc_18884	3394	CP_A	42.3
SRR7976300_Contig_26435_flow_11.6168_cc_18884_3	1628	3340	1	00	SRR7976300_Contig_26435_flow_11.6168_cc_18884	3394	RdRp_A	496.4
SRR7976301_Contig_3223_flow_1152.11_cc_0_1	53	1684	-1	00	SRR7976301_Contig_3223_flow_1152.11_cc_0	3632	RdRp_A	532.8
SRR7976301_Contig_3223_flow_1152.11_cc_0_2	1746	2225	-1	00	SRR7976301_Contig_3223_flow_1152.11_cc_0	3632	CP_A	137.2
SRR7976301_Contig_3223_flow_1152.11_cc_0_3	2289	3344	-1	00	SRR7976301_Contig_3223_flow_1152.11_cc_0	3632	MP_A	234.7
SRR7976301_Contig_23148_flow_11.8085_cc_6543_1	92	1462	1	00	SRR7976301_Contig_23148_flow_11.8085_cc_6543	3984	MP_A	160.5
SRR7976301_Contig_23148_flow_11.8085_cc_6543_2	1517	1909	1	00	SRR7976301_Contig_23148_flow_11.8085_cc_6543	3984	CP_A	34.9
SRR7976301_Contig_23148_flow_11.8085_cc_6543_3	2030	3943	1	00	SRR7976301_Contig_23148_flow_11.8085_cc_6543	3984	RdRp_A	499.1
SRR7976310_Contig_502_flow_818.514_cc_8_1	34	1797	-1	00	SRR7976310_Contig_502_flow_818.514_cc_8	4173	RdRp_A	519.2
SRR7976310_Contig_502_flow_818.514_cc_8_2	1809	2246	-1	00	SRR7976310_Contig_502_flow_818.514_cc_8	4173	CP_A	131.6
SRR7976310_Contig_502_flow_818.514_cc_8_3	2286	3455	-1	00	SRR7976310_Contig_502_flow_818.514_cc_8	4173	MP_A	201.4
SRR7976310_Contig_1999_flow_262.912_cc_8_1	17	1909	-1	00	SRR7976310_Contig_1999_flow_262.912_cc_8	4039	RdRp_A	546.8
SRR7976310_Contig_1999_flow_262.912_cc_8_3	2083	2490	-1	00	SRR7976310_Contig_1999_flow_262.912_cc_8	4039	CP_A	106.0
SRR7976310_Contig_1999_flow_262.912_cc_8_4	2519	3988	-1	00	SRR7976310_Contig_1999_flow_262.912_cc_8	4039	MP_A	256.4
SRR7976310_Contig_2670_flow_2117.24_cc_8_1	48	1634	-1	00	SRR7976310_Contig_2670_flow_2117.24_cc_8	3397	RdRp_A	410.2
SRR7976310_Contig_2670_flow_2117.24_cc_8_2	1669	2136	-1	00	SRR7976310_Contig_2670_flow_2117.24_cc_8	3397	CP_C	230.5
SRR7976310_Contig_2670_flow_2117.24_cc_8_3	2153	3331	-1	00	SRR7976310_Contig_2670_flow_2117.24_cc_8	3397	MP_A	182.9
SRR7976310_Contig_25107_flow_11.5754_cc_14876_1	22	1602	-1	00	SRR7976310_Contig_25107_flow_11.5754_cc_14876	3585	RdRp_A	494.4
SRR7976310_Contig_25107_flow_11.5754_cc_14876_2	1748	2143	-1	00	SRR7976310_Contig_25107_flow_11.5754_cc_14876	3585	CP_A	125.6
SRR7976310_Contig_25107_flow_11.5754_cc_14876_3	2215	3435	-1	00	SRR7976310_Contig_25107_flow_11.5754_cc_14876	3585	MP_A	239.7
SRR7976310_Contig_25805_flow_7.76048_cc_16518_2	285	1817	1	00	SRR7976310_Contig_25805_flow_7.76048_cc_16518	4576	MP_C	237.5
SRR7976310_Contig_25805_flow_7.76048_cc_16518_3	1891	2394	1	00	SRR7976310_Contig_25805_flow_7.76048_cc_16518	4576	CP_E	206.9
SRR7976310_Contig_25805_flow_7.76048_cc_16518_4	2691	4505	1	00	SRR7976310_Contig_25805_flow_7.76048_cc_16518	4576	RdRp_B	518.9
SRR7687334_Contig_0_flow_222270_cc_0_1	125	1909	-1	00	SRR7687334_Contig_0_flow_222270_cc_0	3736	RdRp_A	495.1
SRR7687334_Contig_0_flow_222270_cc_0_2	2013	2366	-1	00	SRR7687334_Contig_0_flow_222270_cc_0	3736	CP_G	144.2
SRR7687334_Contig_0_flow_222270_cc_0_3	2399	3625	-1	00	SRR7687334_Contig_0_flow_222270_cc_0	3736	MP_A	222.2
SRR7963800_Contig_20814_flow_39.1436_cc_7025_1	75	1673	-1	00	SRR7963800_Contig_20814_flow_39.1436_cc_7025	3503	RdRp_A	491.8
SRR7963800_Contig_20814_flow_39.1436_cc_7025_2	1846	2247	-1	00	SRR7963800_Contig_20814_flow_39.1436_cc_7025	3503	CP_B	122.9
SRR7963800_Contig_20814_flow_39.1436_cc_7025_3	2263	3402	-1	00	SRR7963800_Contig_20814_flow_39.1436_cc_7025	3503	MP_A	168.4
