SRR7976324_dg-56_1	25	1839	-1	00	SRR7976324_dg-56	3741	RdRp_B	589.1
SRR7976324_dg-56_3	2018	2377	-1	00	SRR7976324_dg-56	3741	CP_D	103.5
SRR7976324_dg-56_4	2404	3666	-1	00	SRR7976324_dg-56	3741	MP_B	252.8
SRR7976323_dg-204_1	90	1904	-1	00	SRR7976323_dg-204	3930	RdRp_B	350.8
SRR7976323_dg-204_2	1907	2410	-1	00	SRR7976323_dg-204	3930	CP_E	159.3
SRR7976323_dg-204_3	2486	3892	-1	00	SRR7976323_dg-204	3930	MP_C	304.5
SRR7976323_dg-219_1	97	2205	-1	00	SRR7976323_dg-219	3816	RdRp_B	610.3
SRR7976323_dg-219_2	2263	2625	-1	00	SRR7976323_dg-219	3816	CP_F	147.6
SRR7976323_dg-219_3	2664	3752	-1	00	SRR7976323_dg-219	3816	MP_B	264.4
SRR7976323_dg-228_1	45	1832	-1	00	SRR7976323_dg-228	3754	RdRp_B	576.9
SRR7976323_dg-228_2	2017	2367	-1	00	SRR7976323_dg-228	3754	CP_D	147.7
SRR7976323_dg-228_3	2456	3676	-1	00	SRR7976323_dg-228	3754	MP_B	271.2
SRR7976323_dg-237_1	26	1693	-1	00	SRR7976323_dg-237	3694	RdRp_A	460.3
SRR7976323_dg-237_3	1865	2266	-1	00	SRR7976323_dg-237	3694	CP_A	117.9
SRR7976323_dg-237_4	2277	3530	-1	00	SRR7976323_dg-237	3694	MP_A	235.1
SRR7976323_dg-264_1	49	1233	1	00	SRR7976323_dg-264	3553	MP_A	182.0
SRR7976323_dg-264_2	1257	1655	1	00	SRR7976323_dg-264	3553	CP_A	106.8
SRR7976323_dg-264_4	1945	3489	1	00	SRR7976323_dg-264	3553	RdRp_A	425.9
SRR7976323_dg-269_1	122	1834	-1	00	SRR7976323_dg-269	3505	RdRp_A	493.5
SRR7976323_dg-269_2	1857	2252	-1	00	SRR7976323_dg-269	3505	CP_B	108.5
SRR7976323_dg-269_3	2307	3308	-1	00	SRR7976323_dg-269	3505	MP_A	158.7
SRR7976326_dg-15_1	41	1798	1	00	SRR7976326_dg-15	4626	MP_C	191.9
SRR7976326_dg-15_2	1872	2369	1	00	SRR7976326_dg-15	4626	CP_E	128.8
SRR7976326_dg-15_3	2415	4463	1	00	SRR7976326_dg-15	4626	RdRp_B	454.9
SRR7976326_dg-19_1	31	1473	1	00	SRR7976326_dg-19	4029	MP_C	415.2
SRR7976326_dg-19_2	1514	2014	1	00	SRR7976326_dg-19	4029	CP_E	193.7
SRR7976326_dg-19_3	2025	3887	1	00	SRR7976326_dg-19	4029	RdRp_B	382.7
SRR7976326_dg-24_1	141	1361	1	00	SRR7976326_dg-24	3901	MP_A	195.8
SRR7976326_dg-24_2	1389	1784	1	00	SRR7976326_dg-24	3901	CP_A	55.9
SRR7976326_dg-24_3	1857	3806	1	00	SRR7976326_dg-24	3901	RdRp_A	483.9
SRR7976325_dg-37_1	86	1480	1	00	SRR7976325_dg-37	4048	MP_A	201.4
SRR7976325_dg-37_2	1514	1966	1	00	SRR7976325_dg-37	4048	CP_A	121.0
SRR7976325_dg-37_3	2153	3976	1	00	SRR7976325_dg-37	4048	RdRp_A	489.9
SRR7976325_dg-38_1	84	1319	1	00	SRR7976325_dg-38	4031	MP_B	290.0
SRR7976325_dg-38_2	1496	1846	1	00	SRR7976325_dg-38	4031	CP_F	110.8
SRR7976325_dg-38_3	2053	3960	1	00	SRR7976325_dg-38	4031	RdRp_B	640.2
SRR7976325_dg-39_1	119	1429	1	00	SRR7976325_dg-39	4013	MP_B	226.6
SRR7976325_dg-39_2	1503	1859	1	00	SRR7976325_dg-39	4013	CP_D	130.4
SRR7976325_dg-39_3	1960	3948	1	00	SRR7976325_dg-39	4013	RdRp_B	624.5
SRR7976325_dg-41_1	84	1871	-1	00	SRR7976325_dg-41	3972	RdRp_A	461.7
SRR7976325_dg-41_2	1913	2284	-1	00	SRR7976325_dg-41	3972	CP_H	119.3
SRR7976325_dg-41_3	2308	3654	-1	00	SRR7976325_dg-41	3972	MP_A	150.7
SRR7976325_dg-42_1	55	1845	-1	00	SRR7976325_dg-42	3927	RdRp_A	523.2
SRR7976325_dg-42_2	1938	2390	-1	00	SRR7976325_dg-42	3927	CP_A	127.9
SRR7976325_dg-42_3	2441	3781	-1	00	SRR7976325_dg-42	3927	MP_A	231.2
SRR7976325_dg-43_1	76	1827	-1	00	SRR7976325_dg-43	3901	RdRp_A	489.2
SRR7976325_dg-43_2	1855	2283	-1	00	SRR7976325_dg-43	3901	CP_A	124.4
SRR7976325_dg-43_3	2296	3633	-1	00	SRR7976325_dg-43	3901	MP_A	183.8
SRR7976325_dg-50_1	50	2008	-1	00	SRR7976325_dg-50	3801	RdRp_B	667.4
SRR7976325_dg-50_2	2149	2508	-1	00	SRR7976325_dg-50	3801	CP_F	161.6
SRR7976325_dg-50_3	2548	3720	-1	00	SRR7976325_dg-50	3801	MP_B	314.7
SRR7976325_dg-51_1	68	1225	1	00	SRR7976325_dg-51	3788	MP_B	213.1
SRR7976325_dg-51_2	1277	1627	1	00	SRR7976325_dg-51	3788	CP_F	88.7
SRR7976325_dg-51_3	1683	3785	1	00	SRR7976325_dg-51	3788	RdRp_B	577.9
SRR7976325_dg-53_2	408	1577	1	00	SRR7976325_dg-53	3749	MP_A	188.0
SRR7976325_dg-53_3	1620	2057	1	00	SRR7976325_dg-53	3749	CP_A	128.4
SRR7976325_dg-53_4	2079	3740	1	00	SRR7976325_dg-53	3749	RdRp_A	407.6
SRR7976325_dg-63_1	178	1350	1	00	SRR7976325_dg-63	3558	MP_A	245.6
SRR7976325_dg-63_2	1366	1758	1	00	SRR7976325_dg-63	3558	CP_B	138.7
SRR7976325_dg-63_3	1801	3489	1	00	SRR7976325_dg-63	3558	RdRp_A	518.3
SRR7976325_dg-68_2	251	1285	1	00	SRR7976325_dg-68	3498	MP_A	173.3
SRR7976325_dg-68_3	1310	1705	1	00	SRR7976325_dg-68	3498	CP_B	108.7
SRR7976325_dg-68_4	1728	3440	1	00	SRR7976325_dg-68	3498	RdRp_A	498.8
SRR6960802_dg-191_1	25	1941	-1	00	SRR6960802_dg-191	3832	RdRp_B	549.8
SRR6960802_dg-191_2	2004	2369	-1	00	SRR6960802_dg-191	3832	CP_F	97.1
SRR6960802_dg-191_3	2443	3759	-1	00	SRR6960802_dg-191	3832	MP_B	242.8
SRR6960802_dg-208_1	166	1419	1	00	SRR6960802_dg-208	3734	MP_A	235.1
SRR6960802_dg-208_2	1430	1831	1	00	SRR6960802_dg-208	3734	CP_A	119.6
SRR6960802_dg-208_4	2003	3670	1	00	SRR6960802_dg-208	3734	RdRp_A	459.5
SRR7976356_dg-295_1	85	1899	-1	00	SRR7976356_dg-295	3919	RdRp_B	343.4
SRR7976356_dg-295_2	1902	2405	-1	00	SRR7976356_dg-295	3919	CP_E	161.6
SRR7976356_dg-295_3	2481	3887	-1	00	SRR7976356_dg-295	3919	MP_C	362.8
SRR7976356_dg-312_1	71	1444	1	00	SRR7976356_dg-312	3798	MP_B	305.8
SRR7976356_dg-312_2	1487	1852	1	00	SRR7976356_dg-312	3798	CP_D	140.6
SRR7976356_dg-312_3	1941	3734	1	00	SRR7976356_dg-312	3798	RdRp_B	601.9
SRR7976356_dg-324_1	47	1876	-1	00	SRR7976356_dg-324	3747	RdRp_A	436.0
SRR7976356_dg-324_2	1954	2415	-1	00	SRR7976356_dg-324	3747	CP_C	215.5
SRR7976356_dg-324_3	2448	3686	-1	00	SRR7976356_dg-324	3747	MP_A	201.6
SRR7976356_dg-338_1	263	1387	1	00	SRR7976356_dg-338	3659	MP_A	228.9
SRR7976356_dg-338_2	1440	1841	1	00	SRR7976356_dg-338	3659	CP_B	176.5
SRR7976356_dg-338_3	1858	3528	1	00	SRR7976356_dg-338	3659	RdRp_A	540.6
SRR7976356_dg-341_1	80	1282	1	00	SRR7976356_dg-341	3649	MP_A	236.7
SRR7976356_dg-341_2	1300	1755	1	00	SRR7976356_dg-341	3649	CP_A	133.3
SRR7976356_dg-341_3	1859	3571	1	00	SRR7976356_dg-341	3649	RdRp_A	536.2
SRR7976356_dg-346_1	52	1260	1	00	SRR7976356_dg-346	3638	MP_A	220.0
SRR7976356_dg-346_2	1306	1680	1	00	SRR7976356_dg-346	3638	CP_H	135.9
SRR7976356_dg-346_3	1757	3547	1	00	SRR7976356_dg-346	3638	RdRp_A	535.3
SRR7976356_dg-356_1	84	1715	-1	00	SRR7976356_dg-356	3593	RdRp_A	528.9
SRR7976356_dg-356_2	1777	2256	-1	00	SRR7976356_dg-356	3593	CP_A	125.6
SRR7976356_dg-356_3	2293	3342	-1	00	SRR7976356_dg-356	3593	MP_A	237.7
SRR7976356_dg-361_1	157	1233	1	00	SRR7976356_dg-361	3570	MP_A	177.6
SRR7976356_dg-361_2	1243	1713	1	00	SRR7976356_dg-361	3570	CP_C	185.4
SRR7976356_dg-361_3	1753	3525	1	00	SRR7976356_dg-361	3570	RdRp_A	412.7
SRR7976356_dg-368_1	85	1833	-1	00	SRR7976356_dg-368	3529	RdRp_A	543.6
SRR7976356_dg-368_2	1888	2268	-1	00	SRR7976356_dg-368	3529	CP_H	149.6
SRR7976356_dg-368_3	2291	3481	-1	00	SRR7976356_dg-368	3529	MP_A	222.8
SRR7976356_dg-385_1	35	1729	-1	00	SRR7976356_dg-385	3475	RdRp_A	457.5
SRR7976356_dg-385_2	1783	2217	-1	00	SRR7976356_dg-385	3475	CP_A	131.9
SRR7976356_dg-385_3	2236	3438	-1	00	SRR7976356_dg-385	3475	MP_A	185.8
SRR7976356_dg-397_1	59	1738	-1	00	SRR7976356_dg-397	3417	RdRp_A	502.3
SRR7976356_dg-397_2	1753	2163	-1	00	SRR7976356_dg-397	3417	CP_B	149.2
SRR7976356_dg-397_3	2196	3278	-1	00	SRR7976356_dg-397	3417	MP_A	182.1
SRR7976356_dg-405_1	57	1682	-1	00	SRR7976356_dg-405	3379	RdRp_A	524.2
SRR7976356_dg-405_2	1737	2129	-1	00	SRR7976356_dg-405	3379	CP_B	149.2
SRR7976356_dg-405_3	2157	3224	-1	00	SRR7976356_dg-405	3379	MP_A	231.3
SRR6050738_dg-15_1	50	1882	-1	00	SRR6050738_dg-15	4262	RdRp_A	507.6
SRR6050738_dg-15_2	1979	2329	-1	00	SRR6050738_dg-15	4262	CP_G	129.2
SRR6050738_dg-15_3	2346	3641	-1	00	SRR6050738_dg-15	4262	MP_A	199.3
SRR6050738_dg-21_1	55	1710	1	00	SRR6050738_dg-21	4010	MP_A	217.6
SRR6050738_dg-21_2	1753	2139	1	00	SRR6050738_dg-21	4010	CP_A	72.3
SRR6050738_dg-21_3	2285	3943	1	00	SRR6050738_dg-21	4010	RdRp_A	496.2
SRR6050738_dg-22_2	225	1742	1	00	SRR6050738_dg-22	3992	MP_A	251.3
SRR6050738_dg-22_3	1766	2179	1	00	SRR6050738_dg-22	3992	CP_A	133.5
SRR6050738_dg-22_4	2228	3925	1	00	SRR6050738_dg-22	3992	RdRp_A	508.1
SRR6050738_dg-24_1	259	1533	1	00	SRR6050738_dg-24	3915	MP_A	229.1
SRR6050738_dg-24_2	1545	1988	1	00	SRR6050738_dg-24	3915	CP_A	92.0
SRR6050738_dg-24_3	2031	3845	1	00	SRR6050738_dg-24	3915	RdRp_A	505.1
SRR6050738_dg-29_1	105	1919	-1	00	SRR6050738_dg-29	3784	RdRp_A	443.9
SRR6050738_dg-29_2	1989	2381	-1	00	SRR6050738_dg-29	3784	CP_B	114.9
SRR6050738_dg-29_3	2395	3675	-1	00	SRR6050738_dg-29	3784	MP_A	166.0
SRR6050738_dg-37_1	62	1801	-1	00	SRR6050738_dg-37	3450	RdRp_A	499.8
SRR6050738_dg-37_2	1849	2283	-1	00	SRR6050738_dg-37	3450	CP_B	106.5
SRR6050738_dg-37_3	2265	3299	-1	00	SRR6050738_dg-37	3450	MP_A	174.4
SRR5208570_dg-18_2	555	1889	1	00	SRR5208570_dg-18	4264	MP_A	242.5
SRR5208570_dg-18_3	1917	2333	1	00	SRR5208570_dg-18	4264	CP_A	120.9
SRR5208570_dg-18_4	2394	4232	1	00	SRR5208570_dg-18	4264	RdRp_A	575.5
SRR5208570_dg-35_1	129	1250	1	00	SRR5208570_dg-35	3416	MP_A	170.3
SRR5208570_dg-35_2	1258	1656	1	00	SRR5208570_dg-35	3416	CP_B	128.7
SRR5208570_dg-35_3	1701	3344	1	00	SRR5208570_dg-35	3416	RdRp_A	443.4
SRR5208574_dg-15_1	63	1760	-1	00	SRR5208574_dg-15	3981	RdRp_A	508.6
SRR5208574_dg-15_2	1809	2222	-1	00	SRR5208574_dg-15	3981	CP_A	133.5
SRR5208574_dg-15_3	2246	2911	-1	00	SRR5208574_dg-15	3981	MP_A	192.3
SRR5208574_dg-15_4	2912	3763	-1	00	SRR5208574_dg-15	3981	MP_A	52.8
SRR5208574_dg-19_1	95	1261	1	00	SRR5208574_dg-19	3850	MP_B	313.0
SRR5208574_dg-19_2	1292	1681	1	00	SRR5208574_dg-19	3850	CP_F	156.3
SRR5208574_dg-19_3	1763	3703	1	00	SRR5208574_dg-19	3850	RdRp_B	667.9
SRR5208575_dg-13_1	50	1903	-1	00	SRR5208575_dg-13	3926	RdRp_A	533.2
SRR5208575_dg-13_2	1928	2293	-1	00	SRR5208575_dg-13	3926	CP_B	43.8
SRR5208575_dg-13_3	2329	3753	-1	00	SRR5208575_dg-13	3926	MP_A	261.2
SRR5208575_dg-16_1	67	1869	-1	00	SRR5208575_dg-16	3779	RdRp_A	422.6
SRR5208575_dg-16_2	1984	2352	-1	00	SRR5208575_dg-16	3779	CP_G	134.8
SRR5208575_dg-16_3	2374	3723	-1	00	SRR5208575_dg-16	3779	MP_A	226.1
SRR5467139_dg-12_1	79	1917	-1	00	SRR5467139_dg-12	4305	RdRp_A	575.5
SRR5467139_dg-12_2	1976	2392	-1	00	SRR5467139_dg-12	4305	CP_A	120.9
SRR5467139_dg-12_3	2420	3754	-1	00	SRR5467139_dg-12	4305	MP_A	242.5
SRR5467139_dg-14_1	87	1871	-1	00	SRR5467139_dg-14	4038	RdRp_A	492.5
SRR5467139_dg-14_3	1996	2346	-1	00	SRR5467139_dg-14	4038	CP_G	135.6
SRR5467139_dg-14_4	2368	3330	-1	00	SRR5467139_dg-14	4038	MP_A	146.2
SRR6050698_dg-29_1	105	1802	-1	00	SRR6050698_dg-29	4026	RdRp_A	507.5
SRR6050698_dg-29_2	1851	2264	-1	00	SRR6050698_dg-29	4026	CP_A	133.5
SRR6050698_dg-29_3	2288	3805	-1	00	SRR6050698_dg-29	4026	MP_A	255.0
SRR6050698_dg-44_2	173	1369	1	00	SRR6050698_dg-44	3567	MP_A	188.1
SRR6050698_dg-44_3	1381	1776	1	00	SRR6050698_dg-44	3567	CP_B	90.1
SRR6050698_dg-44_4	1797	3485	1	00	SRR6050698_dg-44	3567	RdRp_A	489.9
SRR6254352_dg-262_1	99	1478	1	00	SRR6254352_dg-262	3986	MP_B	255.8
SRR6254352_dg-262_2	1536	1895	1	00	SRR6254352_dg-262	3986	CP_D	116.9
SRR6254352_dg-262_4	2104	3903	1	00	SRR6254352_dg-262	3986	RdRp_B	565.3
SRR6254352_dg-278_1	77	1393	1	00	SRR6254352_dg-278	3829	MP_B	246.2
SRR6254352_dg-278_2	1467	1832	1	00	SRR6254352_dg-278	3829	CP_F	96.2
SRR6254352_dg-278_3	1895	3805	1	00	SRR6254352_dg-278	3829	RdRp_B	550.8
SRR6254352_dg-311_1	18	1790	-1	00	SRR6254352_dg-311	3584	RdRp_A	337.9
SRR6254352_dg-311_2	1826	2284	-1	00	SRR6254352_dg-311	3584	CP_C	177.4
SRR6254352_dg-311_3	2306	3559	-1	00	SRR6254352_dg-311	3584	MP_A	134.0
SRR5466723_dg-87_1	55	1779	-1	00	SRR5466723_dg-87	4055	RdRp_B	384.9
SRR5466723_dg-87_2	1851	2351	-1	00	SRR5466723_dg-87	4055	CP_E	165.5
SRR5466723_dg-87_3	2403	4013	-1	00	SRR5466723_dg-87	4055	MP_C	444.1
SRR5466723_dg-111_2	365	1609	1	00	SRR5466723_dg-111	3749	MP_A	190.7
SRR5466723_dg-111_3	1619	2014	1	00	SRR5466723_dg-111	3749	CP_A	117.5
SRR5466723_dg-111_4	2057	3658	1	00	SRR5466723_dg-111	3749	RdRp_A	493.2
SRR5466728_dg-45_1	159	1643	1	00	SRR5466728_dg-45	4316	MP_A	199.7
SRR5466728_dg-45_2	1676	2137	1	00	SRR5466728_dg-45	4316	CP_A	136.3
SRR5466728_dg-45_3	2198	4252	1	00	SRR5466728_dg-45	4316	RdRp_A	487.5
SRR5466728_dg-75_1	89	1342	1	00	SRR5466728_dg-75	3741	MP_B	305.0
SRR5466728_dg-75_2	1366	1722	1	00	SRR5466728_dg-75	3741	CP_F	143.5
SRR5466728_dg-75_4	1834	3687	1	00	SRR5466728_dg-75	3741	RdRp_B	594.1
SRR5467090_dg-68_1	41	1549	1	00	SRR5467090_dg-68	4133	MP_B	237.6
SRR5467090_dg-68_2	1684	2052	1	00	SRR5467090_dg-68	4133	CP_D	116.9
SRR5467090_dg-68_4	2219	4033	1	00	SRR5467090_dg-68	4133	RdRp_B	533.6
SRR5467090_dg-80_1	226	1464	1	00	SRR5467090_dg-80	3980	MP_A	181.0
SRR5467090_dg-80_2	1513	1980	1	00	SRR5467090_dg-80	3980	CP_C	247.7
SRR5467090_dg-80_4	2249	3961	1	00	SRR5467090_dg-80	3980	RdRp_A	462.0
SRR5467090_dg-82_2	185	1501	1	00	SRR5467090_dg-82	3938	MP_B	250.0
SRR5467090_dg-82_3	1575	1940	1	00	SRR5467090_dg-82	3938	CP_F	90.5
SRR5467090_dg-82_4	2003	3913	1	00	SRR5467090_dg-82	3938	RdRp_B	551.6
SRR5467090_dg-84_1	105	1262	1	00	SRR5467090_dg-84	3894	MP_B	216.7
SRR5467090_dg-84_2	1314	1664	1	00	SRR5467090_dg-84	3894	CP_F	89.2
SRR5467090_dg-84_3	1720	3822	1	00	SRR5467090_dg-84	3894	RdRp_B	580.2
SRR5467090_dg-93_1	73	1260	1	00	SRR5467090_dg-93	3802	MP_B	277.1
SRR5467090_dg-93_2	1284	1661	1	00	SRR5467090_dg-93	3802	CP_F	112.2
SRR5467090_dg-93_3	1762	3744	1	00	SRR5467090_dg-93	3802	RdRp_B	666.5
SRR5467090_dg-105_1	144	1892	-1	00	SRR5467090_dg-105	3673	RdRp_A	491.6
SRR5467090_dg-105_2	1904	2335	-1	00	SRR5467090_dg-105	3673	CP_A	133.4
SRR5467090_dg-105_3	2396	3586	-1	00	SRR5467090_dg-105	3673	MP_A	178.4
SRR5467090_dg-117_1	90	1676	-1	00	SRR5467090_dg-117	3566	RdRp_A	422.7
SRR5467090_dg-117_2	1716	2183	-1	00	SRR5467090_dg-117	3566	CP_C	229.0
SRR5467090_dg-117_3	2195	3379	-1	00	SRR5467090_dg-117	3566	MP_A	150.3
SRR5467091_dg-92_2	488	1834	1	00	SRR5467091_dg-92	4297	MP_A	196.7
SRR5467091_dg-92_3	1895	2350	1	00	SRR5467091_dg-92	4297	CP_A	127.2
SRR5467091_dg-92_4	2372	4246	1	00	SRR5467091_dg-92	4297	RdRp_A	509.1
SRR5467091_dg-108_1	88	1968	-1	00	SRR5467091_dg-108	4129	RdRp_B	461.9
SRR5467091_dg-108_2	1985	2485	-1	00	SRR5467091_dg-108	4129	CP_E	195.1
SRR5467091_dg-108_3	2533	4071	-1	00	SRR5467091_dg-108	4129	MP_C	215.7
SRR5467091_dg-110_1	175	1959	-1	00	SRR5467091_dg-110	4113	RdRp_B	540.9
SRR5467091_dg-110_2	2096	2467	-1	00	SRR5467091_dg-110	4113	CP_D	90.2
SRR5467091_dg-110_3	2510	4042	-1	00	SRR5467091_dg-110	4113	MP_B	143.4
SRR5467091_dg-126_1	327	1679	1	00	SRR5467091_dg-126	4002	MP_A	154.1
SRR5467091_dg-126_2	1702	2073	1	00	SRR5467091_dg-126	4002	CP_H	135.6
SRR5467091_dg-126_3	2112	3923	1	00	SRR5467091_dg-126	4002	RdRp_A	468.5
SRR5467091_dg-143_3	532	1563	1	00	SRR5467091_dg-143	3868	MP_A	254.2
SRR5467091_dg-143_4	1608	2087	1	00	SRR5467091_dg-143	3868	CP_A	138.0
SRR5467091_dg-143_5	2155	3795	1	00	SRR5467091_dg-143	3868	RdRp_A	539.5
SRR5467091_dg-179_2	69	1799	-1	00	SRR5467091_dg-179	3538	RdRp_A	560.5
SRR5467091_dg-179_3	1887	2270	-1	00	SRR5467091_dg-179	3538	CP_H	140.7
SRR5467091_dg-179_4	2284	3486	-1	00	SRR5467091_dg-179	3538	MP_A	241.5
SRR6253256_dg-91_1	75	1391	1	00	SRR6253256_dg-91	3832	MP_B	247.0
SRR6253256_dg-91_2	1465	1830	1	00	SRR6253256_dg-91	3832	CP_F	98.7
SRR6253256_dg-91_3	1893	3803	1	00	SRR6253256_dg-91	3832	RdRp_B	552.7
SRR6254351_dg-282_1	93	1235	1	00	SRR6254351_dg-282	3741	MP_B	308.2
SRR6254351_dg-282_2	1271	1639	1	00	SRR6254351_dg-282	3741	CP_F	142.2
SRR6254351_dg-282_3	1774	3711	1	00	SRR6254351_dg-282	3741	RdRp_B	690.6
SRR6254351_dg-362_1	80	1717	-1	00	SRR6254351_dg-362	3343	RdRp_A	519.9
SRR6254351_dg-362_2	1727	2131	-1	00	SRR6254351_dg-362	3343	CP_B	165.4
SRR6254351_dg-362_3	2157	3179	-1	00	SRR6254351_dg-362	3343	MP_A	234.4
SRR6254353_dg-125_1	52	1875	-1	00	SRR6254353_dg-125	4234	RdRp_A	461.0
SRR6254353_dg-125_2	1951	2385	-1	00	SRR6254353_dg-125	4234	CP_A	127.6
SRR6254353_dg-125_3	2408	3655	-1	00	SRR6254353_dg-125	4234	MP_A	201.6
SRR6254353_dg-170_1	50	1702	-1	00	SRR6254353_dg-170	3870	RdRp_A	467.4
SRR6254353_dg-170_2	2042	2446	-1	00	SRR6254353_dg-170	3870	CP_A	86.5
SRR6254353_dg-170_3	2472	3779	-1	00	SRR6254353_dg-170	3870	MP_A	227.5
SRR6254353_dg-171_1	31	1941	-1	00	SRR6254353_dg-171	3836	RdRp_B	552.4
SRR6254353_dg-171_2	2004	2369	-1	00	SRR6254353_dg-171	3836	CP_F	98.7
SRR6254353_dg-171_3	2443	3759	-1	00	SRR6254353_dg-171	3836	MP_B	246.5
SRR6254353_dg-180_1	32	1978	-1	00	SRR6254353_dg-180	3752	RdRp_B	694.6
SRR6254353_dg-180_2	2114	2482	-1	00	SRR6254353_dg-180	3752	CP_F	143.2
SRR6254353_dg-180_3	2518	3660	-1	00	SRR6254353_dg-180	3752	MP_B	308.2
SRR6254893_dg-66_1	93	2030	-1	00	SRR6254893_dg-66	3802	RdRp_B	689.9
SRR6254893_dg-66_2	2165	2533	-1	00	SRR6254893_dg-66	3802	CP_F	142.3
SRR6254893_dg-66_3	2569	3711	-1	00	SRR6254893_dg-66	3802	MP_B	308.2
SRR6254984_dg-65_1	57	2111	-1	00	SRR6254984_dg-65	4009	RdRp_B	690.7
SRR6254984_dg-65_2	2200	2577	-1	00	SRR6254984_dg-65	4009	CP_F	119.2
SRR6254984_dg-65_3	2597	3829	-1	00	SRR6254984_dg-65	4009	MP_B	256.0
SRR6254984_dg-67_1	182	1498	1	00	SRR6254984_dg-67	3935	MP_B	246.5
SRR6254984_dg-67_2	1572	1937	1	00	SRR6254984_dg-67	3935	CP_F	90.6
SRR6254984_dg-67_3	2000	3910	1	00	SRR6254984_dg-67	3935	RdRp_B	549.1
SRR6254984_dg-72_1	87	2024	-1	00	SRR6254984_dg-72	3802	RdRp_B	694.3
SRR6254984_dg-72_2	2160	2528	-1	00	SRR6254984_dg-72	3802	CP_F	142.2
SRR6254984_dg-72_3	2564	3709	-1	00	SRR6254984_dg-72	3802	MP_B	313.9
SRR6255402_dg-86_2	682	1854	1	00	SRR6255402_dg-86	4147	MP_A	184.5
SRR6255402_dg-86_3	1885	2319	1	00	SRR6255402_dg-86	4147	CP_A	124.4
SRR6255402_dg-86_4	2355	4106	1	00	SRR6255402_dg-86	4147	RdRp_A	459.7
SRR6255513_dg-85_1	93	1235	1	00	SRR6255513_dg-85	3734	MP_B	308.2
SRR6255513_dg-85_2	1271	1639	1	00	SRR6255513_dg-85	3734	CP_F	142.3
SRR6255513_dg-85_3	1774	3711	1	00	SRR6255513_dg-85	3734	RdRp_B	689.1
SRR6255520_dg-73_1	93	1235	1	00	SRR6255520_dg-73	3763	MP_B	308.2
SRR6255520_dg-73_2	1271	1639	1	00	SRR6255520_dg-73	3763	CP_F	142.2
SRR6255520_dg-73_3	1774	3711	1	00	SRR6255520_dg-73	3763	RdRp_B	691.0
SRR6255733_dg-72_2	88	1800	-1	00	SRR6255733_dg-72	4227	RdRp_A	387.9
SRR6255733_dg-72_3	1838	2305	-1	00	SRR6255733_dg-72	4227	CP_C	222.1
SRR6255733_dg-72_4	2302	3579	-1	00	SRR6255733_dg-72	4227	MP_A	190.1
SRR6255733_dg-75_2	260	1774	1	00	SRR6255733_dg-75	4191	MP_A	256.0
SRR6255733_dg-75_3	1857	2309	1	00	SRR6255733_dg-75	4191	CP_A	118.8
SRR6255733_dg-75_4	2377	4158	1	00	SRR6255733_dg-75	4191	RdRp_A	518.7
SRR6255733_dg-89_1	112	1467	1	00	SRR6255733_dg-89	3887	MP_B	266.6
SRR6255733_dg-89_2	1545	1907	1	00	SRR6255733_dg-89	3887	CP_D	135.8
SRR6255733_dg-89_3	1955	3760	1	00	SRR6255733_dg-89	3887	RdRp_B	581.4
SRR6255733_dg-96_1	56	2041	-1	00	SRR6255733_dg-96	3843	RdRp_B	694.7
SRR6255733_dg-96_2	2170	2547	-1	00	SRR6255733_dg-96	3843	CP_F	119.3
SRR6255733_dg-96_3	2575	3774	-1	00	SRR6255733_dg-96	3843	MP_B	301.0
SRR6255733_dg-99_1	98	1453	1	00	SRR6255733_dg-99	3814	MP_A	169.6
SRR6255733_dg-99_2	1450	1806	1	00	SRR6255733_dg-99	3814	CP_G	145.8
SRR6255733_dg-99_3	1920	3737	1	00	SRR6255733_dg-99	3814	RdRp_A	450.8
SRR6255746_dg-78_1	196	2205	-1	00	SRR6255746_dg-78	4807	RdRp_B	580.6
SRR6255746_dg-78_3	2638	3006	-1	00	SRR6255746_dg-78	4807	CP_D	121.2
SRR6255746_dg-78_4	3062	4738	-1	00	SRR6255746_dg-78	4807	MP_B	273.8
SRR6255746_dg-94_1	75	1859	1	00	SRR6255746_dg-94	4404	MP_B	304.9
SRR6255746_dg-94_2	1927	2301	1	00	SRR6255746_dg-94	4404	CP_D	94.1
SRR6255746_dg-94_4	2498	4294	1	00	SRR6255746_dg-94	4404	RdRp_B	573.8
SRR6255746_dg-105_1	187	1536	1	00	SRR6255746_dg-105	4169	MP_B	297.9
SRR6255746_dg-105_2	1602	1961	1	00	SRR6255746_dg-105	4169	CP_D	149.4
SRR6255746_dg-105_3	2144	4096	1	00	SRR6255746_dg-105	4169	RdRp_B	651.7
SRR6255746_dg-109_1	66	1958	-1	00	SRR6255746_dg-109	4095	RdRp_A	547.1
SRR6255746_dg-109_3	2132	2539	-1	00	SRR6255746_dg-109	4095	CP_A	106.0
SRR6255746_dg-109_4	2568	4037	-1	00	SRR6255746_dg-109	4095	MP_A	254.3
SRR6255746_dg-111_1	38	1945	-1	00	SRR6255746_dg-111	4064	RdRp_A	488.7
SRR6255746_dg-111_2	1963	2418	-1	00	SRR6255746_dg-111	4064	CP_A	120.0
SRR6255746_dg-111_3	2464	3855	-1	00	SRR6255746_dg-111	4064	MP_A	201.6
SRR6255746_dg-144_1	80	1300	1	00	SRR6255746_dg-144	3758	MP_B	275.1
SRR6255746_dg-144_2	1389	1739	1	00	SRR6255746_dg-144	3758	CP_D	147.6
SRR6255746_dg-144_3	1924	3711	1	00	SRR6255746_dg-144	3758	RdRp_B	575.3
SRR6255746_dg-156_1	29	1684	-1	00	SRR6255746_dg-156	3673	RdRp_A	528.1
SRR6255746_dg-156_2	1733	2185	-1	00	SRR6255746_dg-156	3673	CP_A	132.4
SRR6255746_dg-156_3	2263	3657	-1	00	SRR6255746_dg-156	3673	MP_A	248.1
SRR6255746_dg-158_1	85	1824	-1	00	SRR6255746_dg-158	3662	RdRp_A	524.5
SRR6255746_dg-158_2	1902	2306	-1	00	SRR6255746_dg-158	3662	CP_B	156.3
SRR6255746_dg-158_3	2327	3475	-1	00	SRR6255746_dg-158	3662	MP_A	222.6
SRR6255746_dg-167_1	75	1718	-1	00	SRR6255746_dg-167	3581	RdRp_A	490.5
SRR6255746_dg-167_2	1851	2243	-1	00	SRR6255746_dg-167	3581	CP_A	72.1
SRR6255746_dg-167_3	2296	3438	-1	00	SRR6255746_dg-167	3581	MP_A	193.2
SRR6255746_dg-176_1	85	1278	1	00	SRR6255746_dg-176	3485	MP_A	204.7
SRR6255746_dg-176_2	1294	1692	1	00	SRR6255746_dg-176	3485	CP_A	118.4
SRR6255746_dg-176_3	1816	3390	1	00	SRR6255746_dg-176	3485	RdRp_A	521.3
SRR6960540_dg-3_1	76	1923	-1	00	SRR6960540_dg-3	3939	RdRp_A	441.4
SRR6960540_dg-3_2	2016	2369	-1	00	SRR6960540_dg-3	3939	CP_G	123.3
SRR6960540_dg-3_3	2399	3703	-1	00	SRR6960540_dg-3	3939	MP_A	172.7
SRR6960549_dg-9_1	95	1780	1	00	SRR6960549_dg-9	4521	MP_B	265.9
SRR6960549_dg-9_2	1828	2196	1	00	SRR6960549_dg-9	4521	CP_D	110.4
SRR6960549_dg-9_4	2533	4482	1	00	SRR6960549_dg-9	4521	RdRp_B	575.0
SRR6960549_dg-13_1	62	1882	-1	00	SRR6960549_dg-13	4260	RdRp_A	485.4
SRR6960549_dg-13_3	2357	2797	-1	00	SRR6960549_dg-13	4260	CP_A	114.9
SRR6960549_dg-13_4	2831	4174	-1	00	SRR6960549_dg-13	4260	MP_A	219.2
SRR6960549_dg-19_1	75	1985	-1	00	SRR6960549_dg-19	3930	RdRp_B	602.5
SRR6960549_dg-19_2	2085	2438	-1	00	SRR6960549_dg-19	3930	CP_D	151.6
SRR6960549_dg-19_3	2553	3863	-1	00	SRR6960549_dg-19	3930	MP_B	349.4
SRR6960549_dg-26_1	72	1313	1	00	SRR6960549_dg-26	3724	MP_A	218.7
SRR6960549_dg-26_2	1343	1807	1	00	SRR6960549_dg-26	3724	CP_C	224.0
SRR6960549_dg-26_3	1860	3677	1	00	SRR6960549_dg-26	3724	RdRp_A	410.9
SRR6960549_dg-32_1	66	1664	-1	00	SRR6960549_dg-32	3493	RdRp_A	484.8
SRR6960549_dg-32_2	1837	2238	-1	00	SRR6960549_dg-32	3493	CP_B	122.7
SRR6960549_dg-32_3	2254	3393	-1	00	SRR6960549_dg-32	3493	MP_A	164.7
SRR6960797_dg-67_1	81	2099	-1	00	SRR6960797_dg-67	4214	RdRp_A	461.9
SRR6960797_dg-67_2	2221	2577	-1	00	SRR6960797_dg-67	4214	CP_G	138.6
SRR6960797_dg-67_3	2612	4000	-1	00	SRR6960797_dg-67	4214	MP_A	174.2
SRR6960797_dg-75_1	255	1604	1	00	SRR6960797_dg-75	4146	MP_A	194.0
SRR6960797_dg-75_2	1636	1995	1	00	SRR6960797_dg-75	4146	CP_G	133.9
SRR6960797_dg-75_3	2126	4036	1	00	SRR6960797_dg-75	4146	RdRp_A	432.1
SRR6960797_dg-76_1	121	1812	-1	00	SRR6960797_dg-76	4064	RdRp_A	515.1
SRR6960797_dg-76_2	1882	2361	-1	00	SRR6960797_dg-76	4064	CP_A	128.8
SRR6960797_dg-76_3	2471	3523	-1	00	SRR6960797_dg-76	4064	MP_A	249.2
SRR6960797_dg-85_1	115	2052	-1	00	SRR6960797_dg-85	3826	RdRp_B	677.2
SRR6960797_dg-85_2	2187	2555	-1	00	SRR6960797_dg-85	3826	CP_F	144.7
SRR6960797_dg-85_3	2591	3733	-1	00	SRR6960797_dg-85	3826	MP_B	312.7
SRR6960797_dg-88_2	294	1349	1	00	SRR6960797_dg-88	3730	MP_A	236.1
SRR6960797_dg-88_3	1413	1892	1	00	SRR6960797_dg-88	3730	CP_A	138.2
SRR6960797_dg-88_4	1954	3585	1	00	SRR6960797_dg-88	3730	RdRp_A	536.1
SRR6960797_dg-95_1	57	1952	-1	00	SRR6960797_dg-95	3643	RdRp_A	504.4
SRR6960797_dg-95_2	1971	2360	-1	00	SRR6960797_dg-95	3643	CP_A	81.6
SRR6960797_dg-95_3	2401	3594	-1	00	SRR6960797_dg-95	3643	MP_A	173.9
SRR6960797_dg-100_1	120	1385	1	00	SRR6960797_dg-100	3579	MP_A	125.8
SRR6960797_dg-100_2	1399	1866	1	00	SRR6960797_dg-100	3579	CP_C	226.7
SRR6960797_dg-100_3	1900	3507	1	00	SRR6960797_dg-100	3579	RdRp_A	419.1
SRR6960797_dg-103_1	78	1250	1	00	SRR6960797_dg-103	3512	MP_A	194.3
SRR6960797_dg-103_2	1288	1725	1	00	SRR6960797_dg-103	3512	CP_A	137.6
SRR6960797_dg-103_3	1737	3455	1	00	SRR6960797_dg-103	3512	RdRp_A	519.7
SRR6960797_dg-105_1	121	1308	1	00	SRR6960797_dg-105	3448	MP_A	259.1
SRR6960797_dg-105_2	1324	1719	1	00	SRR6960797_dg-105	3448	CP_B	151.3
SRR6960797_dg-105_3	1736	3376	1	00	SRR6960797_dg-105	3448	RdRp_A	507.0
SRR7976295_dg-15_1	88	1914	-1	00	SRR7976295_dg-15	3747	RdRp_A	373.2
SRR7976295_dg-15_2	1970	2332	-1	00	SRR7976295_dg-15	3747	CP_H	145.4
SRR7976295_dg-15_3	2342	3676	-1	00	SRR7976295_dg-15	3747	MP_A	140.9
SRR7976299_dg-9_1	36	1814	-1	00	SRR7976299_dg-9	4357	RdRp_A	526.1
SRR7976299_dg-9_2	1886	2341	-1	00	SRR7976299_dg-9	4357	CP_A	141.8
SRR7976299_dg-9_3	2366	4012	-1	00	SRR7976299_dg-9	4357	MP_A	284.4
SRR7976299_dg-12_1	128	1663	1	00	SRR7976299_dg-12	4137	MP_A	268.5
SRR7976299_dg-12_2	1681	2136	1	00	SRR7976299_dg-12	4137	CP_A	138.6
SRR7976299_dg-12_3	2288	4087	1	00	SRR7976299_dg-12	4137	RdRp_A	485.3
SRR7976299_dg-13_1	173	1543	1	00	SRR7976299_dg-13	4061	MP_A	141.7
SRR7976299_dg-13_2	1555	1911	1	00	SRR7976299_dg-13	4061	CP_G	138.1
SRR7976299_dg-13_3	2048	3961	1	00	SRR7976299_dg-13	4061	RdRp_A	426.6
SRR7976299_dg-14_1	176	1558	1	00	SRR7976299_dg-14	4056	MP_A	161.9
SRR7976299_dg-14_2	1591	1956	1	00	SRR7976299_dg-14	4056	CP_G	130.6
SRR7976299_dg-14_3	2053	3996	1	00	SRR7976299_dg-14	4056	RdRp_A	426.9
SRR7976299_dg-24_1	92	1858	-1	00	SRR7976299_dg-24	3766	RdRp_A	496.0
SRR7976299_dg-24_2	1978	2334	-1	00	SRR7976299_dg-24	3766	CP_G	134.0
SRR7976299_dg-24_3	2381	3694	-1	00	SRR7976299_dg-24	3766	MP_A	159.8
SRR7976299_dg-25_1	54	1307	1	00	SRR7976299_dg-25	3757	MP_A	151.0
SRR7976299_dg-25_2	1359	1826	1	00	SRR7976299_dg-25	3757	CP_C	204.6
SRR7976299_dg-25_3	1884	3716	1	00	SRR7976299_dg-25	3757	RdRp_A	367.8
SRR7976299_dg-28_1	10	1800	-1	00	SRR7976299_dg-28	3707	RdRp_A	532.9
SRR7976299_dg-28_2	1864	2277	-1	00	SRR7976299_dg-28	3707	CP_A	128.8
SRR7976299_dg-28_3	2299	3597	-1	00	SRR7976299_dg-28	3707	MP_A	159.5
SRR7976299_dg-29_1	26	1726	-1	00	SRR7976299_dg-29	3687	RdRp_A	415.2
SRR7976299_dg-29_2	1789	2256	-1	00	SRR7976299_dg-29	3687	CP_C	244.1
SRR7976299_dg-29_3	2302	3495	-1	00	SRR7976299_dg-29	3687	MP_A	129.8
SRR7976301_dg-65_1	174	1520	1	00	SRR7976301_dg-65	3982	MP_A	232.6
SRR7976301_dg-65_2	1538	1936	1	00	SRR7976301_dg-65	3982	CP_A	110.1
SRR7976301_dg-65_3	2157	3890	1	00	SRR7976301_dg-65	3982	RdRp_A	475.6
SRR7976301_dg-74_1	62	1321	1	00	SRR7976301_dg-74	3850	MP_A	180.7
SRR7976301_dg-74_2	1366	1836	1	00	SRR7976301_dg-74	3850	CP_C	237.1
SRR7976301_dg-74_4	2095	3816	1	00	SRR7976301_dg-74	3850	RdRp_A	455.4
SRR7976301_dg-83_1	144	1775	-1	00	SRR7976301_dg-83	3737	RdRp_A	532.8
SRR7976301_dg-83_2	1837	2316	-1	00	SRR7976301_dg-83	3737	CP_A	137.2
SRR7976301_dg-83_3	2380	3435	-1	00	SRR7976301_dg-83	3737	MP_A	234.7
SRR7976301_dg-94_1	56	1636	-1	00	SRR7976301_dg-94	3619	RdRp_A	494.4
SRR7976301_dg-94_2	1782	2177	-1	00	SRR7976301_dg-94	3619	CP_A	125.6
SRR7976301_dg-94_3	2249	3469	-1	00	SRR7976301_dg-94	3619	MP_A	239.7
SRR7976310_dg-75_1	248	2047	-1	00	SRR7976310_dg-75	4253	RdRp_A	465.4
SRR7976310_dg-75_2	2119	2532	-1	00	SRR7976310_dg-75	4253	CP_A	105.1
SRR7976310_dg-75_3	2577	3869	-1	00	SRR7976310_dg-75	4253	MP_A	238.6
SRR7976310_dg-76_1	119	1102	1	00	SRR7976310_dg-76	4215	MP_B	106.6
SRR7976310_dg-76_2	1125	1499	1	00	SRR7976310_dg-76	4215	MP_B	116.9
SRR7976310_dg-76_3	1561	1947	1	00	SRR7976310_dg-76	4215	CP_D	146.6
SRR7976310_dg-76_4	2004	4184	1	00	SRR7976310_dg-76	4215	RdRp_B	526.7
SRR7976310_dg-79_2	723	1892	1	00	SRR7976310_dg-79	4197	MP_A	201.4
SRR7976310_dg-79_3	1932	2369	1	00	SRR7976310_dg-79	4197	CP_A	131.6
SRR7976310_dg-79_4	2381	4144	1	00	SRR7976310_dg-79	4197	RdRp_A	519.2
SRR7976310_dg-81_1	75	785	-1	00	SRR7976310_dg-81	4170	RdRp_B	252.1
SRR7976310_dg-81_2	937	2028	-1	00	SRR7976310_dg-81	4170	RdRp_B	284.7
SRR7976310_dg-81_3	2210	2569	-1	00	SRR7976310_dg-81	4170	CP_D	158.8
SRR7976310_dg-81_4	2637	3986	-1	00	SRR7976310_dg-81	4170	MP_B	295.1
SRR7976310_dg-92_1	67	1716	-1	00	SRR7976310_dg-92	4038	RdRp_A	489.7
SRR7976310_dg-92_2	1809	2210	-1	00	SRR7976310_dg-92	4038	CP_A	107.8
SRR7976310_dg-92_3	2295	3527	-1	00	SRR7976310_dg-92	4038	MP_A	163.2
SRR7976310_dg-98_1	120	1760	-1	00	SRR7976310_dg-98	3913	RdRp_A	539.5
SRR7976310_dg-98_2	1827	2306	-1	00	SRR7976310_dg-98	3913	CP_A	140.9
SRR7976310_dg-98_3	2351	3382	-1	00	SRR7976310_dg-98	3913	MP_A	248.0
SRR7976310_dg-105_1	78	1241	1	00	SRR7976310_dg-105	3824	MP_B	248.6
SRR7976310_dg-105_2	1267	1629	1	00	SRR7976310_dg-105	3824	CP_F	142.7
SRR7976310_dg-105_3	1778	3721	1	00	SRR7976310_dg-105	3824	RdRp_B	632.7
SRR7976310_dg-106_1	53	1486	1	00	SRR7976310_dg-106	3819	MP_A	218.5
SRR7976310_dg-106_2	1532	1927	1	00	SRR7976310_dg-106	3819	CP_A	76.7
SRR7976310_dg-106_3	1984	3729	1	00	SRR7976310_dg-106	3819	RdRp_A	477.3
SRR7976310_dg-108_1	62	1861	-1	00	SRR7976310_dg-108	3809	RdRp_B	620.7
SRR7976310_dg-108_2	2021	2383	-1	00	SRR7976310_dg-108	3809	CP_D	163.8
SRR7976310_dg-108_3	2468	3709	-1	00	SRR7976310_dg-108	3809	MP_B	282.4
SRR7976310_dg-111_1	178	1410	1	00	SRR7976310_dg-111	3796	MP_A	214.4
SRR7976310_dg-111_2	1476	1895	1	00	SRR7976310_dg-111	3796	CP_A	123.3
SRR7976310_dg-111_3	1975	3744	1	00	SRR7976310_dg-111	3796	RdRp_A	516.4
SRR7976310_dg-117_1	93	1238	1	00	SRR7976310_dg-117	3770	MP_B	313.4
SRR7976310_dg-117_2	1275	1637	1	00	SRR7976310_dg-117	3770	CP_F	145.2
SRR7976310_dg-117_3	1793	3739	1	00	SRR7976310_dg-117	3770	RdRp_B	679.3
SRR7976310_dg-122_1	166	1203	1	00	SRR7976310_dg-122	3710	MP_A	231.3
SRR7976310_dg-122_2	1253	1660	1	00	SRR7976310_dg-122	3710	CP_B	162.9
SRR7976310_dg-122_3	2012	3655	1	00	SRR7976310_dg-122	3710	RdRp_A	544.2
SRR7976310_dg-129_1	60	1229	1	00	SRR7976310_dg-129	3650	MP_B	198.3
SRR7976310_dg-129_2	1251	1604	1	00	SRR7976310_dg-129	3650	CP_F	105.8
SRR7976310_dg-129_3	1698	3602	1	00	SRR7976310_dg-129	3650	RdRp_B	626.1
SRR7976310_dg-130_1	189	1220	1	00	SRR7976310_dg-130	3618	MP_B	253.2
SRR7976310_dg-130_2	1236	1604	1	00	SRR7976310_dg-130	3618	CP_F	111.1
SRR7976310_dg-130_3	1678	3576	1	00	SRR7976310_dg-130	3618	RdRp_B	607.7
SRR7976310_dg-144_1	71	1678	-1	00	SRR7976310_dg-144	3451	RdRp_A	434.3
SRR7976310_dg-144_2	1712	2179	-1	00	SRR7976310_dg-144	3451	CP_C	226.2
SRR7976310_dg-144_3	2200	3405	-1	00	SRR7976310_dg-144	3451	MP_A	171.0
SRR7976310_dg-147_1	81	1259	1	00	SRR7976310_dg-147	3434	MP_A	182.9
SRR7976310_dg-147_2	1276	1743	1	00	SRR7976310_dg-147	3434	CP_C	230.5
SRR7976310_dg-147_3	1778	3364	1	00	SRR7976310_dg-147	3434	RdRp_A	410.2
SRR5995670_dg-32_1	10	495	-1	00	SRR5995670_dg-32	2285	RdRp_A	61.0
SRR5995670_dg-32_2	583	1017	-1	00	SRR5995670_dg-32	2285	CP_A	137.8
SRR5995670_dg-32_3	1049	1987	-1	00	SRR5995670_dg-32	2285	MP_A	180.4
